run_id,campaign_id,configuration,repo,size_class,origin_type,stack,file_count,loc,repetition,pipeline_success,pipeline_time_seconds,build_time_seconds,initial_trivy_seconds,initial_semgrep_seconds,initial_gitleaks_seconds,post_trivy_seconds,post_semgrep_seconds,post_gitleaks_seconds,initial_scanner_time_seconds,post_scanner_time_seconds,total_scanner_time_seconds,remediation_time_seconds,policy_time_seconds
20260713T191055289131Z_C0_BuildOnly_full_alpha_clean_r1,full_protocol_20260713_rigorous,C0_BuildOnly,full_alpha_clean,small,controlled_full_protocol,python,8,,1,True,0.22990420000860468,0.22607589996187016,0.0,0.0,0.0,0.0,0.0,0.0,0.0,0.0,0.0,0.0,0.0
20260713T191055599089Z_C1_NonBlockingScanning_full_alpha_clean_r1,full_protocol_20260713_rigorous,C1_NonBlockingScanning,full_alpha_clean,small,controlled_full_protocol,python,8,,1,True,21.286335100012366,0.22166899999137968,1.5774300000048243,18.859864700003527,0.5727013000287116,0.0,0.0,0.0,21.009996000037063,0.0,21.009996000037063,0.0,0.0
20260713T191116955022Z_C2_AutoScanning_full_alpha_clean_r1,full_protocol_20260713_rigorous,C2_AutoScanning,full_alpha_clean,small,controlled_full_protocol,python,8,,1,True,20.784435699984897,0.24586480000289157,1.5095365999732167,18.49049900000682,0.4801270999596454,0.0,0.0,0.0,20.480162699939683,0.0,20.480162699939683,0.0,0.0
20260713T191137795158Z_C3_PolicyOnly_full_alpha_clean_r1,full_protocol_20260713_rigorous,C3_PolicyOnly,full_alpha_clean,small,controlled_full_protocol,python,8,,1,True,20.93459190003341,0.20456410001497716,1.5026073000044562,18.55123929999536,0.4910018999944441,0.0,0.0,0.0,20.54484849999426,0.0,20.54484849999426,0.0,0.11344250000547618
20260713T191158783886Z_C4_AgentsOnly_full_alpha_clean_r1,full_protocol_20260713_rigorous,C4_AgentsOnly,full_alpha_clean,small,controlled_full_protocol,python,8,,1,True,42.10104679997312,0.227535700018052,1.9130481000174768,18.415456800023094,0.6410844000056386,1.5038741000462323,18.585517400002573,0.429385400027968,20.96958930004621,20.518776900076773,41.48836620012298,0.264037000015378,0.0
20260713T191240938697Z_C5_SecFlowOps_full_alpha_clean_r1,full_protocol_20260713_rigorous,C5_SecFlowOps,full_alpha_clean,small,controlled_full_protocol,python,8,,1,True,41.80798629997298,0.2409448999678716,1.700862400000915,18.443451699975412,0.5460038000019267,1.4500501000438817,18.364277299959213,0.44961890002014115,20.690317899978254,20.263946300023235,40.95426420000149,0.3605233000125736,0.11727099999552593
20260713T191322819997Z_C0_BuildOnly_full_alpha_vulnerable_dependency_r1,full_protocol_20260713_rigorous,C0_BuildOnly,full_alpha_vulnerable_dependency,small,controlled_full_protocol,python,8,,1,True,0.2407991000218317,0.2378300999989733,0.0,0.0,0.0,0.0,0.0,0.0,0.0,0.0,0.0,0.0,0.0
20260713T191323124177Z_C1_NonBlockingScanning_full_alpha_vulnerable_dependency_r1,full_protocol_20260713_rigorous,C1_NonBlockingScanning,full_alpha_vulnerable_dependency,small,controlled_full_protocol,python,8,,1,True,20.701337400008924,0.21620399999665096,1.5156976000289433,18.453509900020435,0.44424780004192144,0.0,0.0,0.0,20.4134553000913,0.0,20.4134553000913,0.0,0.0
20260713T191343879006Z_C2_AutoScanning_full_alpha_vulnerable_dependency_r1,full_protocol_20260713_rigorous,C2_AutoScanning,full_alpha_vulnerable_dependency,small,controlled_full_protocol,python,8,,1,True,20.520972300029825,0.2181280999793671,1.5141413999954239,18.31005670002196,0.42069500003708526,0.0,0.0,0.0,20.24489310005447,0.0,20.24489310005447,0.0,0.0
20260713T191404480245Z_C3_PolicyOnly_full_alpha_vulnerable_dependency_r1,full_protocol_20260713_rigorous,C3_PolicyOnly,full_alpha_vulnerable_dependency,small,controlled_full_protocol,python,8,,1,False,20.832098100043368,0.21922269999049604,1.6728979999898002,18.339043999963906,0.43115310004213825,0.0,0.0,0.0,20.443095099995844,0.0,20.443095099995844,0.0,0.10047860001213849
20260713T191425364909Z_C4_AgentsOnly_full_alpha_vulnerable_dependency_r1,full_protocol_20260713_rigorous,C4_AgentsOnly,full_alpha_vulnerable_dependency,small,controlled_full_protocol,python,8,,1,True,42.298781499965116,0.20531400002073497,1.5215251999907196,18.292013600002974,0.5463164999964647,1.6115758999949321,19.28056329995161,0.4430838999687694,20.35985529999016,21.33522309991531,41.69507839990547,0.2821076000109315,0.0
20260713T191507721044Z_C5_SecFlowOps_full_alpha_vulnerable_dependency_r1,full_protocol_20260713_rigorous,C5_SecFlowOps,full_alpha_vulnerable_dependency,small,controlled_full_protocol,python,8,,1,True,45.02550230000634,0.22763739997753873,1.5085569999646395,20.30025009997189,0.7839139000279829,1.7504212000058033,19.362782299984246,0.525831000006292,22.592720999964513,21.63903449999634,44.231755499960855,0.3009532000287436,0.1142958999844268
20260713T191552802814Z_C0_BuildOnly_full_alpha_fake_secret_r1,full_protocol_20260713_rigorous,C0_BuildOnly,full_alpha_fake_secret,small,controlled_full_protocol,python,8,,1,True,0.2332870999816805,0.2293863999657333,0.0,0.0,0.0,0.0,0.0,0.0,0.0,0.0,0.0,0.0,0.0
20260713T191553098234Z_C1_NonBlockingScanning_full_alpha_fake_secret_r1,full_protocol_20260713_rigorous,C1_NonBlockingScanning,full_alpha_fake_secret,small,controlled_full_protocol,python,8,,1,True,21.955193800036795,0.1985321000101976,1.4612262999871746,19.646481699950527,0.5825662999995984,0.0,0.0,0.0,21.6902742999373,0.0,21.6902742999373,0.0,0.0
20260713T191615118967Z_C2_AutoScanning_full_alpha_fake_secret_r1,full_protocol_20260713_rigorous,C2_AutoScanning,full_alpha_fake_secret,small,controlled_full_protocol,python,8,,1,True,20.757879800046794,0.27009990002261475,1.536125999991782,18.416474199970253,0.47790689999237657,0.0,0.0,0.0,20.43050709995441,0.0,20.43050709995441,0.0,0.0
20260713T191635934782Z_C3_PolicyOnly_full_alpha_fake_secret_r1,full_protocol_20260713_rigorous,C3_PolicyOnly,full_alpha_fake_secret,small,controlled_full_protocol,python,8,,1,False,20.706188199983444,0.21446789999026805,1.5268043000251055,18.331645599973854,0.46030399994924664,0.0,0.0,0.0,20.318753899948206,0.0,20.318753899948206,0.0,0.10887449997244403
20260713T191656701739Z_C4_AgentsOnly_full_alpha_fake_secret_r1,full_protocol_20260713_rigorous,C4_AgentsOnly,full_alpha_fake_secret,small,controlled_full_protocol,python,8,,1,True,41.51087080000434,0.21407470002304763,1.4842031999723986,18.589262399997097,0.44808240002021194,1.488140499975998,18.431524500017986,0.508215099980589,20.521547999989707,20.427880099974573,40.94942809996428,0.23910040000919253,0.0
20260713T191738275526Z_C5_SecFlowOps_full_alpha_fake_secret_r1,full_protocol_20260713_rigorous,C5_SecFlowOps,full_alpha_fake_secret,small,controlled_full_protocol,python,8,,1,True,42.19224879995454,0.22760780004318804,1.5565195999806747,18.549352999951225,0.5111236000084318,2.0937323999824002,18.092164700035937,0.5677953999838792,20.61699619994033,20.753692500002217,41.37068869994255,0.2704577000113204,0.17907000001287088
20260713T191820524079Z_C0_BuildOnly_full_alpha_sast_reflected_xss_r1,full_protocol_20260713_rigorous,C0_BuildOnly,full_alpha_sast_reflected_xss,small,controlled_full_protocol,python,8,,1,True,0.22068119997857139,0.21756810002261773,0.0,0.0,0.0,0.0,0.0,0.0,0.0,0.0,0.0,0.0,0.0
20260713T191820824252Z_C1_NonBlockingScanning_full_alpha_sast_reflected_xss_r1,full_protocol_20260713_rigorous,C1_NonBlockingScanning,full_alpha_sast_reflected_xss,small,controlled_full_protocol,python,8,,1,True,21.017908299982082,0.20265550003387034,1.8577904000412673,18.472686399996746,0.42723709996789694,0.0,0.0,0.0,20.75771390000591,0.0,20.75771390000591,0.0,0.0
20260713T191841896166Z_C2_AutoScanning_full_alpha_sast_reflected_xss_r1,full_protocol_20260713_rigorous,C2_AutoScanning,full_alpha_sast_reflected_xss,small,controlled_full_protocol,python,8,,1,True,20.724417400022503,0.20371659996453673,1.5543976000044495,18.389926900039427,0.5225988999591209,0.0,0.0,0.0,20.466923400002997,0.0,20.466923400002997,0.0,0.0
20260713T191902673208Z_C3_PolicyOnly_full_alpha_sast_reflected_xss_r1,full_protocol_20260713_rigorous,C3_PolicyOnly,full_alpha_sast_reflected_xss,small,controlled_full_protocol,python,8,,1,True,21.106369299988728,0.21413860004395247,1.536920899990946,18.717015700007323,0.44981310004368424,0.0,0.0,0.0,20.703749700041953,0.0,20.703749700041953,0.0,0.10635420004837215
20260713T191923832616Z_C4_AgentsOnly_full_alpha_sast_reflected_xss_r1,full_protocol_20260713_rigorous,C4_AgentsOnly,full_alpha_sast_reflected_xss,small,controlled_full_protocol,python,8,,1,True,44.51637690002099,0.2149323999765329,1.5134703000076115,18.594490299990866,0.557464900019113,1.7784463999560103,20.939354700036347,0.48444229998858646,20.66542550001759,23.202243399980944,43.867668899998534,0.3123747000354342,0.0
20260713T192008403905Z_C5_SecFlowOps_full_alpha_sast_reflected_xss_r1,full_protocol_20260713_rigorous,C5_SecFlowOps,full_alpha_sast_reflected_xss,small,controlled_full_protocol,python,8,,1,True,41.34926699998323,0.24209840002004057,1.7218756999936886,18.053693199995905,0.4173261999967508,1.6701745999744162,18.322461800009478,0.4467607000260614,20.192895099986345,20.439397100009955,40.6322921999963,0.2416730999830179,0.10719429998425767
20260713T192049811545Z_C0_BuildOnly_full_alpha_sast_sql_injection_r1,full_protocol_20260713_rigorous,C0_BuildOnly,full_alpha_sast_sql_injection,small,controlled_full_protocol,python,8,,1,True,0.2601701999665238,0.2543605000246316,0.0,0.0,0.0,0.0,0.0,0.0,0.0,0.0,0.0,0.0,0.0
20260713T192050139631Z_C1_NonBlockingScanning_full_alpha_sast_sql_injection_r1,full_protocol_20260713_rigorous,C1_NonBlockingScanning,full_alpha_sast_sql_injection,small,controlled_full_protocol,python,8,,1,True,21.170930799969938,0.40707819996168837,1.5335782999754883,18.714181300019845,0.46026240003993735,0.0,0.0,0.0,20.70802200003527,0.0,20.70802200003527,0.0,0.0
20260713T192111409226Z_C2_AutoScanning_full_alpha_sast_sql_injection_r1,full_protocol_20260713_rigorous,C2_AutoScanning,full_alpha_sast_sql_injection,small,controlled_full_protocol,python,8,,1,True,21.470125199994072,0.2033621000009589,1.7678136000176892,18.903359799995087,0.5361881999997422,0.0,0.0,0.0,21.20736160001252,0.0,21.20736160001252,0.0,0.0
20260713T192132935134Z_C3_PolicyOnly_full_alpha_sast_sql_injection_r1,full_protocol_20260713_rigorous,C3_PolicyOnly,full_alpha_sast_sql_injection,small,controlled_full_protocol,python,8,,1,True,21.058590799977537,0.24838400003500283,1.5312410999904387,18.67432559997542,0.4374515999807045,0.0,0.0,0.0,20.64301829994656,0.0,20.64301829994656,0.0,0.0972190999891609
20260713T192154047706Z_C4_AgentsOnly_full_alpha_sast_sql_injection_r1,full_protocol_20260713_rigorous,C4_AgentsOnly,full_alpha_sast_sql_injection,small,controlled_full_protocol,python,8,,1,True,41.54344969999511,0.22424959996715188,1.5130361000192352,18.567053999984637,0.45667829999001697,1.4236093000508845,18.59351080004126,0.4249351000180468,20.53676839999389,20.44205520011019,40.97882360010408,0.23411969997687265,0.0
20260713T192235647250Z_C5_SecFlowOps_full_alpha_sast_sql_injection_r1,full_protocol_20260713_rigorous,C5_SecFlowOps,full_alpha_sast_sql_injection,small,controlled_full_protocol,python,8,,1,True,41.644369799993,0.21553609997499734,1.4739709999994375,18.461382400011644,0.4603518000221811,1.5291749999742024,18.61586089996854,0.4408195000141859,20.395705200033262,20.585855399956927,40.98156059999019,0.21781599998939782,0.11135200003627688
20260713T192317345315Z_C0_BuildOnly_full_alpha_docker_misconfiguration_r1,full_protocol_20260713_rigorous,C0_BuildOnly,full_alpha_docker_misconfiguration,small,controlled_full_protocol,python,8,,1,True,0.225750399986282,0.2228595000342466,0.0,0.0,0.0,0.0,0.0,0.0,0.0,0.0,0.0,0.0,0.0
20260713T192317640639Z_C1_NonBlockingScanning_full_alpha_docker_misconfiguration_r1,full_protocol_20260713_rigorous,C1_NonBlockingScanning,full_alpha_docker_misconfiguration,small,controlled_full_protocol,python,8,,1,True,20.902768199972343,0.27751429995987564,1.5281486000167206,18.61743550002575,0.42257880000397563,0.0,0.0,0.0,20.568162900046445,0.0,20.568162900046445,0.0,0.0
20260713T192338606063Z_C2_AutoScanning_full_alpha_docker_misconfiguration_r1,full_protocol_20260713_rigorous,C2_AutoScanning,full_alpha_docker_misconfiguration,small,controlled_full_protocol,python,8,,1,True,20.31508590001613,0.22638919996097684,1.6262407000176609,17.9661493000458,0.43460040003992617,0.0,0.0,0.0,20.026990400103386,0.0,20.026990400103386,0.0,0.0
20260713T192358977091Z_C3_PolicyOnly_full_alpha_docker_misconfiguration_r1,full_protocol_20260713_rigorous,C3_PolicyOnly,full_alpha_docker_misconfiguration,small,controlled_full_protocol,python,8,,1,True,21.7529667999479,0.21547130000544712,1.759363699995447,18.935848099994473,0.6116177999647334,0.0,0.0,0.0,21.306829599954654,0.0,21.306829599954654,0.0,0.1472947000293061
20260713T192420788675Z_C4_AgentsOnly_full_alpha_docker_misconfiguration_r1,full_protocol_20260713_rigorous,C4_AgentsOnly,full_alpha_docker_misconfiguration,small,controlled_full_protocol,python,8,,1,True,41.40118410001742,0.22978039999725297,1.5389847999904305,18.225237200036645,0.4638486000476405,1.676055800053291,18.402919300016947,0.5002873000339605,20.228070600074716,20.5792624001042,40.807333000178915,0.24302699998952448,0.0
20260713T192502249758Z_C5_SecFlowOps_full_alpha_docker_misconfiguration_r1,full_protocol_20260713_rigorous,C5_SecFlowOps,full_alpha_docker_misconfiguration,small,controlled_full_protocol,python,8,,1,True,41.56824609998148,0.25197459995979443,1.6835857999976724,18.387745700019877,0.44315899995854124,1.4369479999877512,18.451830000034533,0.44920819997787476,20.51449049997609,20.33798620000016,40.85247669997625,0.22726620000321418,0.10178850003285334
20260713T192543874897Z_C0_BuildOnly_full_alpha_k8s_misconfiguration_r1,full_protocol_20260713_rigorous,C0_BuildOnly,full_alpha_k8s_misconfiguration,small,controlled_full_protocol,python,8,,1,True,0.2330591999925673,0.2299951000022702,0.0,0.0,0.0,0.0,0.0,0.0,0.0,0.0,0.0,0.0,0.0
20260713T192544169186Z_C1_NonBlockingScanning_full_alpha_k8s_misconfiguration_r1,full_protocol_20260713_rigorous,C1_NonBlockingScanning,full_alpha_k8s_misconfiguration,small,controlled_full_protocol,python,8,,1,True,20.78538060002029,0.2290006999974139,1.4561871999758296,18.574090599955525,0.4629653000156395,0.0,0.0,0.0,20.493243099946994,0.0,20.493243099946994,0.0,0.0
20260713T192605012147Z_C2_AutoScanning_full_alpha_k8s_misconfiguration_r1,full_protocol_20260713_rigorous,C2_AutoScanning,full_alpha_k8s_misconfiguration,small,controlled_full_protocol,python,8,,1,True,20.73565079999389,0.22873699996853247,1.4901818999787793,18.506508100021165,0.45691080001415685,0.0,0.0,0.0,20.4536008000141,0.0,20.4536008000141,0.0,0.0
20260713T192625809257Z_C3_PolicyOnly_full_alpha_k8s_misconfiguration_r1,full_protocol_20260713_rigorous,C3_PolicyOnly,full_alpha_k8s_misconfiguration,small,controlled_full_protocol,python,8,,1,True,21.209553399996366,0.21297140000388026,1.5571929000434466,18.71866440004669,0.5201081999693997,0.0,0.0,0.0,20.795965500059538,0.0,20.795965500059538,0.0,0.12389440002152696
20260713T192647072554Z_C4_AgentsOnly_full_alpha_k8s_misconfiguration_r1,full_protocol_20260713_rigorous,C4_AgentsOnly,full_alpha_k8s_misconfiguration,small,controlled_full_protocol,python,8,,1,True,43.780708500009496,0.21277420001570135,1.4732419999781996,18.547146299970336,0.468878100044094,1.4560865000239573,20.60074170003645,0.6722143000224605,20.48926639999263,22.72904250008287,43.2183089000755,0.22773380001308396,0.0
20260713T192730913005Z_C5_SecFlowOps_full_alpha_k8s_misconfiguration_r1,full_protocol_20260713_rigorous,C5_SecFlowOps,full_alpha_k8s_misconfiguration,small,controlled_full_protocol,python,8,,1,True,39.416373200016096,0.3124567000195384,1.7812927000341006,17.550286899961066,0.49192280002171174,1.415548899967689,16.993520200019702,0.4160516000119969,19.823502400016878,18.82512069999939,38.648623100016266,0.2196684999507852,0.1135569000034593
20260713T192810436158Z_C0_BuildOnly_full_alpha_multi_layer_r1,full_protocol_20260713_rigorous,C0_BuildOnly,full_alpha_multi_layer,small,controlled_full_protocol,python,8,,1,True,0.35498980002012104,0.35018780000973493,0.0,0.0,0.0,0.0,0.0,0.0,0.0,0.0,0.0,0.0,0.0
20260713T192810875978Z_C1_NonBlockingScanning_full_alpha_multi_layer_r1,full_protocol_20260713_rigorous,C1_NonBlockingScanning,full_alpha_multi_layer,small,controlled_full_protocol,python,8,,1,True,19.467428800009657,0.21633399999700487,1.4809033999918029,17.17514060001122,0.5223309000139125,0.0,0.0,0.0,19.178374900016934,0.0,19.178374900016934,0.0,0.0
20260713T192830415905Z_C2_AutoScanning_full_alpha_multi_layer_r1,full_protocol_20260713_rigorous,C2_AutoScanning,full_alpha_multi_layer,small,controlled_full_protocol,python,8,,1,True,20.770293900044635,0.40942609997000545,1.6013098999974318,18.136005499982275,0.5322984000085853,0.0,0.0,0.0,20.269613799988292,0.0,20.269613799988292,0.0,0.0
20260713T192851258081Z_C3_PolicyOnly_full_alpha_multi_layer_r1,full_protocol_20260713_rigorous,C3_PolicyOnly,full_alpha_multi_layer,small,controlled_full_protocol,python,8,,1,False,23.735676200012676,0.21200559998396784,1.720851499994751,21.193626199965365,0.4351265999721363,0.0,0.0,0.0,23.349604299932253,0.0,23.349604299932253,0.0,0.10247059998800978
20260713T192915051937Z_C4_AgentsOnly_full_alpha_multi_layer_r1,full_protocol_20260713_rigorous,C4_AgentsOnly,full_alpha_multi_layer,small,controlled_full_protocol,python,8,,1,True,41.31137650000164,0.20683660003123805,1.47267439996358,18.971560600039084,0.42815649998374283,1.3687837999896146,18.017684900027234,0.4916211999952793,20.872391499986406,19.878089900012128,40.750481399998534,0.2452645999728702,0.0
20260713T192956415314Z_C5_SecFlowOps_full_alpha_multi_layer_r1,full_protocol_20260713_rigorous,C5_SecFlowOps,full_alpha_multi_layer,small,controlled_full_protocol,python,8,,1,True,41.254367399960756,0.2110677000018768,1.8431272000307217,19.086638999986462,0.43840510002337396,1.383848300029058,17.39260879997164,0.42922079999698326,21.368171300040558,19.20567789999768,40.57384920003824,0.22936609998578206,0.11860330001218244
20260713T193037727148Z_C0_BuildOnly_full_beta_clean_r1,full_protocol_20260713_rigorous,C0_BuildOnly,full_beta_clean,small,controlled_full_protocol,python,8,,1,True,0.2041744000161998,0.20139359997119755,0.0,0.0,0.0,0.0,0.0,0.0,0.0,0.0,0.0,0.0,0.0
20260713T193037990185Z_C1_NonBlockingScanning_full_beta_clean_r1,full_protocol_20260713_rigorous,C1_NonBlockingScanning,full_beta_clean,small,controlled_full_protocol,python,8,,1,True,19.842250600049738,0.1922173000057228,1.4531461999868043,17.69150499999523,0.4511087999562733,0.0,0.0,0.0,19.59575999993831,0.0,19.59575999993831,0.0,0.0
20260713T193057897124Z_C2_AutoScanning_full_beta_clean_r1,full_protocol_20260713_rigorous,C2_AutoScanning,full_beta_clean,small,controlled_full_protocol,python,8,,1,True,21.624715299985837,0.19149080000352114,1.4044250000151806,19.508386700006668,0.46084269997663796,0.0,0.0,0.0,21.373654399998486,0.0,21.373654399998486,0.0,0.0
20260713T193119577994Z_C3_PolicyOnly_full_beta_clean_r1,full_protocol_20260713_rigorous,C3_PolicyOnly,full_beta_clean,small,controlled_full_protocol,python,8,,1,True,20.43956759996945,0.224820000003092,1.827588599990122,17.817304000025615,0.4091382999904454,0.0,0.0,0.0,20.054030900006182,0.0,20.054030900006182,0.0,0.09709919994929805
20260713T193140072848Z_C4_AgentsOnly_full_beta_clean_r1,full_protocol_20260713_rigorous,C4_AgentsOnly,full_beta_clean,small,controlled_full_protocol,python,8,,1,True,41.194118400046136,0.21211199997924268,1.6928870999836363,17.634654099994805,0.4654348999611102,1.7527809999883175,18.393639399961103,0.6804467000183649,19.79297609993955,20.826867099967785,40.619843199907336,0.2469299000222236,0.0
20260713T193221316743Z_C5_SecFlowOps_full_beta_clean_r1,full_protocol_20260713_rigorous,C5_SecFlowOps,full_beta_clean,small,controlled_full_protocol,python,8,,1,True,40.94411610002862,0.28718169999774545,1.574469700048212,18.441548100032378,0.4491135999560356,1.4909797000000253,17.787096699990798,0.44175940001150593,20.465131400036626,19.71983580000233,40.184967200038955,0.22324520000256598,0.1234538999851793
20260713T193302312842Z_C0_BuildOnly_full_beta_vulnerable_dependency_r1,full_protocol_20260713_rigorous,C0_BuildOnly,full_beta_vulnerable_dependency,small,controlled_full_protocol,python,8,,1,True,0.2628172999829985,0.26009049999993294,0.0,0.0,0.0,0.0,0.0,0.0,0.0,0.0,0.0,0.0,0.0
20260713T193302654843Z_C1_NonBlockingScanning_full_beta_vulnerable_dependency_r1,full_protocol_20260713_rigorous,C1_NonBlockingScanning,full_beta_vulnerable_dependency,small,controlled_full_protocol,python,8,,1,True,20.02246330003254,0.22673609998309985,1.5935554000316188,17.675554400018882,0.4429562000441365,0.0,0.0,0.0,19.712066000094637,0.0,19.712066000094637,0.0,0.0
20260713T193322741810Z_C2_AutoScanning_full_beta_vulnerable_dependency_r1,full_protocol_20260713_rigorous,C2_AutoScanning,full_beta_vulnerable_dependency,small,controlled_full_protocol,python,8,,1,True,20.839381199970376,0.25520099996356294,1.6371470000012778,18.42446139996173,0.45542890002252534,0.0,0.0,0.0,20.51703729998553,0.0,20.51703729998553,0.0,0.0
20260713T193343634512Z_C3_PolicyOnly_full_beta_vulnerable_dependency_r1,full_protocol_20260713_rigorous,C3_PolicyOnly,full_beta_vulnerable_dependency,small,controlled_full_protocol,python,8,,1,False,20.748423299985006,0.23286930000176653,1.489322000008542,18.207623199967202,0.6383679999853484,0.0,0.0,0.0,20.335313199961092,0.0,20.335313199961092,0.0,0.09925030003068969
20260713T193404433468Z_C4_AgentsOnly_full_beta_vulnerable_dependency_r1,full_protocol_20260713_rigorous,C4_AgentsOnly,full_beta_vulnerable_dependency,small,controlled_full_protocol,python,8,,1,True,39.87327979999827,0.23087629996007308,1.3691155000124127,17.966619300015736,0.43194370000855997,1.3821177000063471,17.680149799969513,0.48533169995062053,19.76767850003671,19.54759919992648,39.31527769996319,0.21693100000265986,0.0
20260713T193444368842Z_C5_SecFlowOps_full_beta_vulnerable_dependency_r1,full_protocol_20260713_rigorous,C5_SecFlowOps,full_beta_vulnerable_dependency,small,controlled_full_protocol,python,8,,1,True,39.54574919998413,0.20859789999667555,1.483290300006047,17.276672300009523,0.44844529998954386,1.4260828000260517,17.792188699997496,0.4411790000158362,19.208407900005113,19.659450500039384,38.8678584000445,0.23430940002435818,0.10618689999682829
20260713T193523964360Z_C0_BuildOnly_full_beta_fake_secret_r1,full_protocol_20260713_rigorous,C0_BuildOnly,full_beta_fake_secret,small,controlled_full_protocol,python,8,,1,True,0.20369180000852793,0.1990860999794677,0.0,0.0,0.0,0.0,0.0,0.0,0.0,0.0,0.0,0.0,0.0
20260713T193524226883Z_C1_NonBlockingScanning_full_beta_fake_secret_r1,full_protocol_20260713_rigorous,C1_NonBlockingScanning,full_beta_fake_secret,small,controlled_full_protocol,python,8,,1,True,19.728843399963807,0.19920360000105575,1.55121569999028,17.495400400017388,0.42738239996833727,0.0,0.0,0.0,19.473998499976005,0.0,19.473998499976005,0.0,0.0
20260713T193544008251Z_C2_AutoScanning_full_beta_fake_secret_r1,full_protocol_20260713_rigorous,C2_AutoScanning,full_beta_fake_secret,small,controlled_full_protocol,python,8,,1,True,20.229798000014853,0.19169410003814846,1.4874229000415653,17.912474100012332,0.5739316000253893,0.0,0.0,0.0,19.973828600079287,0.0,19.973828600079287,0.0,0.0
20260713T193604291631Z_C3_PolicyOnly_full_beta_fake_secret_r1,full_protocol_20260713_rigorous,C3_PolicyOnly,full_beta_fake_secret,small,controlled_full_protocol,python,8,,1,False,20.823435899976175,0.3421589999925345,1.9307225999655202,17.922636299976148,0.455543200019747,0.0,0.0,0.0,20.308902099961415,0.0,20.308902099961415,0.0,0.09593039995525032
20260713T193625188053Z_C4_AgentsOnly_full_beta_fake_secret_r1,full_protocol_20260713_rigorous,C4_AgentsOnly,full_beta_fake_secret,small,controlled_full_protocol,python,8,,1,True,39.85778959997697,0.2240379999857396,1.4571710000163876,17.831847099994775,0.43978899996727705,1.4069953999714926,17.75670640001772,0.42986869998276234,19.72880709997844,19.593570499971975,39.322377599950414,0.20619670004816726,0.0
20260713T193705105826Z_C5_SecFlowOps_full_beta_fake_secret_r1,full_protocol_20260713_rigorous,C5_SecFlowOps,full_beta_fake_secret,small,controlled_full_protocol,python,8,,1,True,40.29797549999785,0.1843061000108719,1.3958463000017218,17.77923240000382,0.437074700021185,1.449695800023619,18.124491100024898,0.449148099985905,19.612153400026727,20.02333500003442,39.63548840006115,0.23776360001647845,0.11646839999593794
20260713T193745458911Z_C0_BuildOnly_full_beta_sast_reflected_xss_r1,full_protocol_20260713_rigorous,C0_BuildOnly,full_beta_sast_reflected_xss,small,controlled_full_protocol,python,8,,1,True,0.208868799963966,0.20590600004652515,0.0,0.0,0.0,0.0,0.0,0.0,0.0,0.0,0.0,0.0,0.0
20260713T193745731130Z_C1_NonBlockingScanning_full_beta_sast_reflected_xss_r1,full_protocol_20260713_rigorous,C1_NonBlockingScanning,full_beta_sast_reflected_xss,small,controlled_full_protocol,python,8,,1,True,20.12592640001094,0.23206839995691553,1.4157481999718584,17.98145070002647,0.442586500023026,0.0,0.0,0.0,19.839785400021356,0.0,19.839785400021356,0.0,0.0
20260713T193805908736Z_C2_AutoScanning_full_beta_sast_reflected_xss_r1,full_protocol_20260713_rigorous,C2_AutoScanning,full_beta_sast_reflected_xss,small,controlled_full_protocol,python,8,,1,True,20.187200499989558,0.25005309999687597,1.642422999953851,17.671382699976675,0.5604680999531411,0.0,0.0,0.0,19.874273799883667,0.0,19.874273799883667,0.0,0.0
20260713T193826157147Z_C3_PolicyOnly_full_beta_sast_reflected_xss_r1,full_protocol_20260713_rigorous,C3_PolicyOnly,full_beta_sast_reflected_xss,small,controlled_full_protocol,python,8,,1,True,20.16525640001055,0.2223740000044927,1.6140901000471786,17.7221819999977,0.4344277000054717,0.0,0.0,0.0,19.77069980005035,0.0,19.77069980005035,0.0,0.1057631999719888
20260713T193846375654Z_C4_AgentsOnly_full_beta_sast_reflected_xss_r1,full_protocol_20260713_rigorous,C4_AgentsOnly,full_beta_sast_reflected_xss,small,controlled_full_protocol,python,8,,1,True,40.31702519999817,0.19616320001659915,1.3806882000062615,18.30772009998327,0.4249654000159353,1.332353800011333,17.921316599997226,0.44064490002347156,20.113373700005468,19.69431530003203,39.8076890000375,0.20832559996051714,0.0
20260713T193926745960Z_C5_SecFlowOps_full_beta_sast_reflected_xss_r1,full_protocol_20260713_rigorous,C5_SecFlowOps,full_beta_sast_reflected_xss,small,controlled_full_protocol,python,8,,1,True,40.68462610000279,0.2386119000148028,1.4814928999985568,17.778559099999256,0.4350589999812655,1.4316351999877952,18.478966399969067,0.40909470000769943,19.69511099997908,20.319696299964562,40.01480729994364,0.2114585999515839,0.0971125999931246
20260713T194007481766Z_C0_BuildOnly_full_beta_sast_sql_injection_r1,full_protocol_20260713_rigorous,C0_BuildOnly,full_beta_sast_sql_injection,small,controlled_full_protocol,python,8,,1,True,0.21648730000015348,0.21192839997820556,0.0,0.0,0.0,0.0,0.0,0.0,0.0,0.0,0.0,0.0,0.0
20260713T194007753919Z_C1_NonBlockingScanning_full_beta_sast_sql_injection_r1,full_protocol_20260713_rigorous,C1_NonBlockingScanning,full_beta_sast_sql_injection,small,controlled_full_protocol,python,8,,1,True,21.01071309996769,0.24457750003784895,1.809941900020931,18.48471900000004,0.4086608999641612,0.0,0.0,0.0,20.703321799985133,0.0,20.703321799985133,0.0,0.0
20260713T194028832675Z_C2_AutoScanning_full_beta_sast_sql_injection_r1,full_protocol_20260713_rigorous,C2_AutoScanning,full_beta_sast_sql_injection,small,controlled_full_protocol,python,8,,1,True,19.956089300045278,0.19956729997647926,1.3702760000014678,17.86815649998607,0.4610178000293672,0.0,0.0,0.0,19.699450300016906,0.0,19.699450300016906,0.0,0.0
20260713T194048842941Z_C3_PolicyOnly_full_beta_sast_sql_injection_r1,full_protocol_20260713_rigorous,C3_PolicyOnly,full_beta_sast_sql_injection,small,controlled_full_protocol,python,8,,1,True,20.224301900016144,0.19040760002098978,1.425820800010115,18.016685599985067,0.4305138000054285,0.0,0.0,0.0,19.87302020000061,0.0,19.87302020000061,0.0,0.09550120000494644
20260713T194109119817Z_C4_AgentsOnly_full_beta_sast_sql_injection_r1,full_protocol_20260713_rigorous,C4_AgentsOnly,full_beta_sast_sql_injection,small,controlled_full_protocol,python,8,,1,True,39.347212599997874,0.1889443999971263,1.4868674000026658,17.552622399991378,0.4160756000201218,1.349095200013835,17.604649299988523,0.40103790001012385,19.455565400014166,19.354782400012482,38.81034780002665,0.23294780001742765,0.0
20260713T194148515591Z_C5_SecFlowOps_full_beta_sast_sql_injection_r1,full_protocol_20260713_rigorous,C5_SecFlowOps,full_beta_sast_sql_injection,small,controlled_full_protocol,python,8,,1,True,40.98437969997758,0.2571800000150688,1.4270926999743097,18.341362700040918,0.41865320003125817,1.6291706999763846,18.03292689996306,0.44621929997811094,20.187108600046486,20.108316899917554,40.29542549996404,0.2089704999816604,0.10411610000301152
20260713T194229560629Z_C0_BuildOnly_full_beta_docker_misconfiguration_r1,full_protocol_20260713_rigorous,C0_BuildOnly,full_beta_docker_misconfiguration,small,controlled_full_protocol,python,8,,1,True,0.19538180000381544,0.1914410999743268,0.0,0.0,0.0,0.0,0.0,0.0,0.0,0.0,0.0,0.0,0.0
20260713T194229815735Z_C1_NonBlockingScanning_full_beta_docker_misconfiguration_r1,full_protocol_20260713_rigorous,C1_NonBlockingScanning,full_beta_docker_misconfiguration,small,controlled_full_protocol,python,8,,1,True,20.019173700013198,0.20366529998136684,1.628232899995055,17.695040500024334,0.4342072000144981,0.0,0.0,0.0,19.757480600033887,0.0,19.757480600033887,0.0,0.0
20260713T194249886020Z_C2_AutoScanning_full_beta_docker_misconfiguration_r1,full_protocol_20260713_rigorous,C2_AutoScanning,full_beta_docker_misconfiguration,small,controlled_full_protocol,python,8,,1,True,20.09777919994667,0.22237289999611676,1.656200799974613,17.74959660001332,0.41540030000032857,0.0,0.0,0.0,19.82119769998826,0.0,19.82119769998826,0.0,0.0
20260713T194310037153Z_C3_PolicyOnly_full_beta_docker_misconfiguration_r1,full_protocol_20260713_rigorous,C3_PolicyOnly,full_beta_docker_misconfiguration,small,controlled_full_protocol,python,8,,1,True,20.44536180002615,0.20477240002946928,1.6894356000120752,17.852179200039245,0.5169062000350095,0.0,0.0,0.0,20.05852100008633,0.0,20.05852100008633,0.0,0.10771690000547096
20260713T194330537285Z_C4_AgentsOnly_full_beta_docker_misconfiguration_r1,full_protocol_20260713_rigorous,C4_AgentsOnly,full_beta_docker_misconfiguration,small,controlled_full_protocol,python,8,,1,True,40.83103420003317,0.26023760001407936,1.7677603000192903,17.74386180000147,0.4420701999915764,1.6035122000030242,18.047899700002745,0.6350221000029705,19.953692300012335,20.28643400000874,40.240126300021075,0.20125390001339838,0.0
20260713T194411435527Z_C5_SecFlowOps_full_beta_docker_misconfiguration_r1,full_protocol_20260713_rigorous,C5_SecFlowOps,full_beta_docker_misconfiguration,small,controlled_full_protocol,python,8,,1,True,45.44075129996054,0.36921149998670444,1.9027334000566043,22.3877018999774,0.40550599998096004,1.4277953000273556,18.016826800012495,0.46824420004850253,24.695941300014965,19.912866300088353,44.60880760010332,0.22771759994793683,0.10471220000181347
20260713T194456979568Z_C0_BuildOnly_full_beta_k8s_misconfiguration_r1,full_protocol_20260713_rigorous,C0_BuildOnly,full_beta_k8s_misconfiguration,small,controlled_full_protocol,python,8,,1,True,0.20854070002678782,0.20502270001452416,0.0,0.0,0.0,0.0,0.0,0.0,0.0,0.0,0.0,0.0,0.0
20260713T194457250074Z_C1_NonBlockingScanning_full_beta_k8s_misconfiguration_r1,full_protocol_20260713_rigorous,C1_NonBlockingScanning,full_beta_k8s_misconfiguration,small,controlled_full_protocol,python,8,,1,True,19.55209210002795,0.2114642999949865,1.4374644000199623,17.419285300013144,0.42981930001406,0.0,0.0,0.0,19.286569000047166,0.0,19.286569000047166,0.0,0.0
20260713T194516858178Z_C2_AutoScanning_full_beta_k8s_misconfiguration_r1,full_protocol_20260713_rigorous,C2_AutoScanning,full_beta_k8s_misconfiguration,small,controlled_full_protocol,python,8,,1,True,19.998722399992403,0.2159586999914609,1.4101224999758415,17.88813839998329,0.43015919998288155,0.0,0.0,0.0,19.728420099942014,0.0,19.728420099942014,0.0,0.0
20260713T194536907635Z_C3_PolicyOnly_full_beta_k8s_misconfiguration_r1,full_protocol_20260713_rigorous,C3_PolicyOnly,full_beta_k8s_misconfiguration,small,controlled_full_protocol,python,8,,1,True,19.617163299990352,0.1903782999725081,1.5299807999981567,17.243491099972744,0.4786055000149645,0.0,0.0,0.0,19.252077399985865,0.0,19.252077399985865,0.0,0.10531910002464429
20260713T194556578757Z_C4_AgentsOnly_full_beta_k8s_misconfiguration_r1,full_protocol_20260713_rigorous,C4_AgentsOnly,full_beta_k8s_misconfiguration,small,controlled_full_protocol,python,8,,1,True,39.689250399998855,0.2658860999508761,1.5436760999727994,17.670551799994428,0.41644999996060506,1.3676378999953158,17.719057000009343,0.39536170003702864,19.630677899927832,19.482056600041687,39.11273449996952,0.20752170000923797,0.0
20260713T194636332186Z_C5_SecFlowOps_full_beta_k8s_misconfiguration_r1,full_protocol_20260713_rigorous,C5_SecFlowOps,full_beta_k8s_misconfiguration,small,controlled_full_protocol,python,8,,1,True,39.012767100008205,0.19142139999894425,1.3941761999740265,17.44730089994846,0.4282247999799438,1.375185600016266,17.318453399988357,0.4062578000011854,19.26970189990243,19.09989680000581,38.36959869990824,0.1990108999889344,0.1337843999499455
20260713T194715396152Z_C0_BuildOnly_full_beta_multi_layer_r1,full_protocol_20260713_rigorous,C0_BuildOnly,full_beta_multi_layer,small,controlled_full_protocol,python,8,,1,True,0.2077417999971658,0.20442319998983294,0.0,0.0,0.0,0.0,0.0,0.0,0.0,0.0,0.0,0.0,0.0
20260713T194715661945Z_C1_NonBlockingScanning_full_beta_multi_layer_r1,full_protocol_20260713_rigorous,C1_NonBlockingScanning,full_beta_multi_layer,small,controlled_full_protocol,python,8,,1,True,19.34885030001169,0.19885179999982938,1.376278799958527,17.26842099998612,0.4503121000016108,0.0,0.0,0.0,19.095011899946257,0.0,19.095011899946257,0.0,0.0
20260713T194735073086Z_C2_AutoScanning_full_beta_multi_layer_r1,full_protocol_20260713_rigorous,C2_AutoScanning,full_beta_multi_layer,small,controlled_full_protocol,python,8,,1,True,19.50272369995946,0.20112050004536286,1.3852625000290573,17.44108249997953,0.4169218000024557,0.0,0.0,0.0,19.243266800011043,0.0,19.243266800011043,0.0,0.0
20260713T194754627228Z_C3_PolicyOnly_full_beta_multi_layer_r1,full_protocol_20260713_rigorous,C3_PolicyOnly,full_beta_multi_layer,small,controlled_full_protocol,python,8,,1,False,20.150222300027963,0.19706289999885485,1.3852412999840453,17.866991699964274,0.5280054999748245,0.0,0.0,0.0,19.780238499923144,0.0,19.780238499923144,0.0,0.10306980001041666
20260713T194814827326Z_C4_AgentsOnly_full_beta_multi_layer_r1,full_protocol_20260713_rigorous,C4_AgentsOnly,full_beta_multi_layer,small,controlled_full_protocol,python,8,,1,True,39.73132240003906,0.217141899978742,1.5170127999735996,17.73243569995975,0.47154160001082346,1.4854034999734722,17.539112699974794,0.42525589995784685,19.720990099944174,19.449772099906113,39.17076219985029,0.23326489998726174,0.0
20260713T194854620084Z_C5_SecFlowOps_full_beta_multi_layer_r1,full_protocol_20260713_rigorous,C5_SecFlowOps,full_beta_multi_layer,small,controlled_full_protocol,python,8,,1,True,39.56304239999736,0.18617470003664494,1.3804385000257753,17.659958000003826,0.42242980003356934,1.3661160999909043,17.635249499988277,0.461058699991554,19.46282630006317,19.462424299970735,38.925250600033905,0.2241476000053808,0.10166389995720237
20260713T194934236572Z_C0_BuildOnly_full_gamma_clean_r1,full_protocol_20260713_rigorous,C0_BuildOnly,full_gamma_clean,small,controlled_full_protocol,python,8,,1,True,0.21305550000397488,0.2102405999903567,0.0,0.0,0.0,0.0,0.0,0.0,0.0,0.0,0.0,0.0,0.0
20260713T194934513169Z_C1_NonBlockingScanning_full_gamma_clean_r1,full_protocol_20260713_rigorous,C1_NonBlockingScanning,full_gamma_clean,small,controlled_full_protocol,python,8,,1,True,19.63879990001442,0.1945767000433989,1.4706338999676518,17.416485800000373,0.49237779999384657,0.0,0.0,0.0,19.37949749996187,0.0,19.37949749996187,0.0,0.0
20260713T194954207032Z_C2_AutoScanning_full_gamma_clean_r1,full_protocol_20260713_rigorous,C2_AutoScanning,full_gamma_clean,small,controlled_full_protocol,python,8,,1,True,20.203164700011257,0.21386189997429028,1.4258634999860078,18.06725630001165,0.44367459998466074,0.0,0.0,0.0,19.93679439998232,0.0,19.93679439998232,0.0,0.0
20260713T195014459631Z_C3_PolicyOnly_full_gamma_clean_r1,full_protocol_20260713_rigorous,C3_PolicyOnly,full_gamma_clean,small,controlled_full_protocol,python,8,,1,True,19.850048499996774,0.2361203000182286,1.4588152999640442,17.454281499958597,0.5420656999922357,0.0,0.0,0.0,19.455162499914877,0.0,19.455162499914877,0.0,0.0930242000031285
20260713T195034367036Z_C4_AgentsOnly_full_gamma_clean_r1,full_protocol_20260713_rigorous,C4_AgentsOnly,full_gamma_clean,small,controlled_full_protocol,python,8,,1,True,43.314568699977826,0.24745860003167763,1.398634499986656,19.282700300042052,0.4849313000449911,1.4033053999883123,19.690274599997792,0.4251778000034392,21.1662661000737,21.518757799989544,42.68502390006324,0.2601806999882683,0.0
20260713T195117739928Z_C5_SecFlowOps_full_gamma_clean_r1,full_protocol_20260713_rigorous,C5_SecFlowOps,full_gamma_clean,small,controlled_full_protocol,python,8,,1,True,43.16974159999518,0.2040703000384383,1.437942499993369,18.975463700015098,0.4606274000252597,1.5127679000142962,19.58860239997739,0.5051079000113532,20.874033600033727,21.60647820000304,42.480511800036766,0.2394386999658309,0.11765739996917546
20260713T195200965475Z_C0_BuildOnly_full_gamma_vulnerable_dependency_r1,full_protocol_20260713_rigorous,C0_BuildOnly,full_gamma_vulnerable_dependency,small,controlled_full_protocol,python,8,,1,True,0.277552499959711,0.27416319999611005,0.0,0.0,0.0,0.0,0.0,0.0,0.0,0.0,0.0,0.0,0.0
20260713T195201314473Z_C1_NonBlockingScanning_full_gamma_vulnerable_dependency_r1,full_protocol_20260713_rigorous,C1_NonBlockingScanning,full_gamma_vulnerable_dependency,small,controlled_full_protocol,python,8,,1,True,22.167033199977595,0.32773389999056235,1.801471600017976,19.51863849995425,0.4367927000275813,0.0,0.0,0.0,21.756902799999807,0.0,21.756902799999807,0.0,0.0
20260713T195223549605Z_C2_AutoScanning_full_gamma_vulnerable_dependency_r1,full_protocol_20260713_rigorous,C2_AutoScanning,full_gamma_vulnerable_dependency,small,controlled_full_protocol,python,8,,1,True,22.742779100022744,0.21391370001947507,1.6055324000190012,20.391253699955996,0.47052769997389987,0.0,0.0,0.0,22.467313799948897,0.0,22.467313799948897,0.0,0.0
20260713T195246348390Z_C3_PolicyOnly_full_gamma_vulnerable_dependency_r1,full_protocol_20260713_rigorous,C3_PolicyOnly,full_gamma_vulnerable_dependency,small,controlled_full_protocol,python,8,,1,False,20.636037799995393,0.22519770002691075,1.5545158999739215,18.27925999998115,0.40727839997271076,0.0,0.0,0.0,20.241054299927782,0.0,20.241054299927782,0.0,0.1003956000204198
20260713T195307041573Z_C4_AgentsOnly_full_gamma_vulnerable_dependency_r1,full_protocol_20260713_rigorous,C4_AgentsOnly,full_gamma_vulnerable_dependency,small,controlled_full_protocol,python,8,,1,True,40.46775860001799,0.20738799998071045,1.3599036000086926,17.988160200009588,0.4253185999696143,1.3934740000404418,18.329175600025337,0.44347160001052544,19.773382399987895,20.166121200076304,39.9395036000642,0.21042529999976978,0.0
20260713T195347560877Z_C5_SecFlowOps_full_gamma_vulnerable_dependency_r1,full_protocol_20260713_rigorous,C5_SecFlowOps,full_gamma_vulnerable_dependency,small,controlled_full_protocol,python,8,,1,True,39.53065530001186,0.24967609997838736,1.3939326999825425,17.71505870000692,0.46292950003407896,1.3555532000027597,17.486747699964326,0.4090447000344284,19.571920900023542,19.251345600001514,38.823266500025056,0.2341217999928631,0.10375210002530366
20260713T195427148488Z_C0_BuildOnly_full_gamma_fake_secret_r1,full_protocol_20260713_rigorous,C0_BuildOnly,full_gamma_fake_secret,small,controlled_full_protocol,python,8,,1,True,0.18993749999208376,0.18694739998318255,0.0,0.0,0.0,0.0,0.0,0.0,0.0,0.0,0.0,0.0,0.0
20260713T195427394258Z_C1_NonBlockingScanning_full_gamma_fake_secret_r1,full_protocol_20260713_rigorous,C1_NonBlockingScanning,full_gamma_fake_secret,small,controlled_full_protocol,python,8,,1,True,20.214034500007983,0.18352090002736077,1.4047945000347681,18.13582339999266,0.4319211000110954,0.0,0.0,0.0,19.972539000038523,0.0,19.972539000038523,0.0,0.0
20260713T195447659824Z_C2_AutoScanning_full_gamma_fake_secret_r1,full_protocol_20260713_rigorous,C2_AutoScanning,full_gamma_fake_secret,small,controlled_full_protocol,python,8,,1,True,19.98550810001325,0.19562579999910668,1.4555681999772787,17.842804399959277,0.4342161000240594,0.0,0.0,0.0,19.732588699960615,0.0,19.732588699960615,0.0,0.0
20260713T195507697369Z_C3_PolicyOnly_full_gamma_fake_secret_r1,full_protocol_20260713_rigorous,C3_PolicyOnly,full_gamma_fake_secret,small,controlled_full_protocol,python,8,,1,False,19.808488100010436,0.19019419996766374,1.3429992999881506,17.672670100000687,0.4389932000194676,0.0,0.0,0.0,19.454662600008305,0.0,19.454662600008305,0.0,0.0926688999752514
20260713T195527563103Z_C4_AgentsOnly_full_gamma_fake_secret_r1,full_protocol_20260713_rigorous,C4_AgentsOnly,full_gamma_fake_secret,small,controlled_full_protocol,python,8,,1,True,40.45289789995877,0.20695000002160668,1.3539196000201628,18.092782699968666,0.46570930001325905,1.559400399972219,17.979387899977155,0.4275262999581173,19.912411600002088,19.96631459990749,39.87872619990958,0.25576560001354665,0.0
20260713T195608069624Z_C5_SecFlowOps_full_gamma_fake_secret_r1,full_protocol_20260713_rigorous,C5_SecFlowOps,full_gamma_fake_secret,small,controlled_full_protocol,python,8,,1,True,39.99423429998569,0.19034249999094754,1.4161960000055842,18.052759899990633,0.4093255000188947,1.306638500012923,17.783058999979403,0.4248820000211708,19.878281400015112,19.514579500013497,39.39286090002861,0.20086929999524727,0.09719250001944602
20260713T195648118435Z_C0_BuildOnly_full_gamma_sast_reflected_xss_r1,full_protocol_20260713_rigorous,C0_BuildOnly,full_gamma_sast_reflected_xss,small,controlled_full_protocol,python,8,,1,True,0.18750509998062626,0.18387840001378208,0.0,0.0,0.0,0.0,0.0,0.0,0.0,0.0,0.0,0.0,0.0
20260713T195648360998Z_C1_NonBlockingScanning_full_gamma_sast_reflected_xss_r1,full_protocol_20260713_rigorous,C1_NonBlockingScanning,full_gamma_sast_reflected_xss,small,controlled_full_protocol,python,8,,1,True,19.663127499981783,0.1756842999602668,1.4455705999862403,17.568535800033715,0.4160889000049792,0.0,0.0,0.0,19.430195300024934,0.0,19.430195300024934,0.0,0.0
20260713T195708076294Z_C2_AutoScanning_full_gamma_sast_reflected_xss_r1,full_protocol_20260713_rigorous,C2_AutoScanning,full_gamma_sast_reflected_xss,small,controlled_full_protocol,python,8,,1,True,19.83551649999572,0.19260479998774827,1.4072066000080667,17.765950399974827,0.41679339995607734,0.0,0.0,0.0,19.58995039993897,0.0,19.58995039993897,0.0,0.0
20260713T195727966264Z_C3_PolicyOnly_full_gamma_sast_reflected_xss_r1,full_protocol_20260713_rigorous,C3_PolicyOnly,full_gamma_sast_reflected_xss,small,controlled_full_protocol,python,8,,1,True,20.10609580000164,0.1990224000182934,1.4551570000476204,17.855307599995285,0.44490719999885187,0.0,0.0,0.0,19.755371800041758,0.0,19.755371800041758,0.0,0.09008080000057817
20260713T195748127277Z_C4_AgentsOnly_full_gamma_sast_reflected_xss_r1,full_protocol_20260713_rigorous,C4_AgentsOnly,full_gamma_sast_reflected_xss,small,controlled_full_protocol,python,8,,1,True,39.41988380003022,0.2103291000239551,1.5543853999697603,17.607244200014975,0.48795440001413226,1.4033093000180088,17.439911200024653,0.40580489998683333,19.649583999998868,19.249025400029495,38.89860940002836,0.2018421000102535,0.0
20260713T195827597152Z_C5_SecFlowOps_full_gamma_sast_reflected_xss_r1,full_protocol_20260713_rigorous,C5_SecFlowOps,full_gamma_sast_reflected_xss,small,controlled_full_protocol,python,8,,1,True,40.288333599979524,0.1890865999739617,1.3493536000023596,17.92195200000424,0.4271652000024915,1.3532651999848895,18.12844680005219,0.48613639996619895,19.69847080000909,19.967848400003277,39.66631920001237,0.2064016999793239,0.10559140000259504
20260713T195907939663Z_C0_BuildOnly_full_gamma_sast_sql_injection_r1,full_protocol_20260713_rigorous,C0_BuildOnly,full_gamma_sast_sql_injection,small,controlled_full_protocol,python,8,,1,True,0.20467289997031912,0.20075150002958253,0.0,0.0,0.0,0.0,0.0,0.0,0.0,0.0,0.0,0.0,0.0
20260713T195908209915Z_C1_NonBlockingScanning_full_gamma_sast_sql_injection_r1,full_protocol_20260713_rigorous,C1_NonBlockingScanning,full_gamma_sast_sql_injection,small,controlled_full_protocol,python,8,,1,True,20.2400291999802,0.2105325000011362,1.4351662999833934,18.11845779995201,0.42082250001840293,0.0,0.0,0.0,19.974446599953808,0.0,19.974446599953808,0.0,0.0
20260713T195928509356Z_C2_AutoScanning_full_gamma_sast_sql_injection_r1,full_protocol_20260713_rigorous,C2_AutoScanning,full_gamma_sast_sql_injection,small,controlled_full_protocol,python,8,,1,True,19.98199850000674,0.198291499982588,1.3752248999662697,17.93653040000936,0.42094749998068437,0.0,0.0,0.0,19.732702799956314,0.0,19.732702799956314,0.0,0.0
20260713T195948542534Z_C3_PolicyOnly_full_gamma_sast_sql_injection_r1,full_protocol_20260713_rigorous,C3_PolicyOnly,full_gamma_sast_sql_injection,small,controlled_full_protocol,python,8,,1,True,19.937220700026955,0.1937988999998197,1.4384581000194885,17.620366199989803,0.5213066999567673,0.0,0.0,0.0,19.58013099996606,0.0,19.58013099996606,0.0,0.09777809999650344
20260713T200008530730Z_C4_AgentsOnly_full_gamma_sast_sql_injection_r1,full_protocol_20260713_rigorous,C4_AgentsOnly,full_gamma_sast_sql_injection,small,controlled_full_protocol,python,8,,1,True,39.54590880003525,0.24229600001126528,1.414965600008145,17.599891899968497,0.42682090000016615,1.364824199990835,17.724034600018058,0.4525264000403695,19.44167839997681,19.541385200049262,38.98306360002607,0.19847619999200106,0.0
20260713T200048142663Z_C5_SecFlowOps_full_gamma_sast_sql_injection_r1,full_protocol_20260713_rigorous,C5_SecFlowOps,full_gamma_sast_sql_injection,small,controlled_full_protocol,python,8,,1,True,40.24314490001416,0.19921759999124333,1.4456493000034243,17.621073900023475,0.4128989999881014,1.4732008000137284,18.15966570004821,0.42835329996887594,19.479622200015,20.061219800030813,39.540842000045814,0.2646820000372827,0.10415900003863499
20260713T200128440838Z_C0_BuildOnly_full_gamma_docker_misconfiguration_r1,full_protocol_20260713_rigorous,C0_BuildOnly,full_gamma_docker_misconfiguration,small,controlled_full_protocol,python,8,,1,True,0.1946100000059232,0.19198149995645508,0.0,0.0,0.0,0.0,0.0,0.0,0.0,0.0,0.0,0.0,0.0
20260713T200128703503Z_C1_NonBlockingScanning_full_gamma_docker_misconfiguration_r1,full_protocol_20260713_rigorous,C1_NonBlockingScanning,full_gamma_docker_misconfiguration,small,controlled_full_protocol,python,8,,1,True,20.687435500032734,0.20604880002792925,1.3736630999483168,18.59288769995328,0.4573886000434868,0.0,0.0,0.0,20.423939399945084,0.0,20.423939399945084,0.0,0.0
20260713T200149448169Z_C2_AutoScanning_full_gamma_docker_misconfiguration_r1,full_protocol_20260713_rigorous,C2_AutoScanning,full_gamma_docker_misconfiguration,small,controlled_full_protocol,python,8,,1,True,20.08399220003048,0.20980549999512732,1.508991100010462,17.819110100041144,0.4934831999707967,0.0,0.0,0.0,19.821584400022402,0.0,19.821584400022402,0.0,0.0
20260713T200209585289Z_C3_PolicyOnly_full_gamma_docker_misconfiguration_r1,full_protocol_20260713_rigorous,C3_PolicyOnly,full_gamma_docker_misconfiguration,small,controlled_full_protocol,python,8,,1,True,21.212014099990483,0.23780790000455454,1.4445023000007495,18.81331820000196,0.5354252000106499,0.0,0.0,0.0,20.793245700013358,0.0,20.793245700013358,0.0,0.10925899998983368
20260713T200230853105Z_C4_AgentsOnly_full_gamma_docker_misconfiguration_r1,full_protocol_20260713_rigorous,C4_AgentsOnly,full_gamma_docker_misconfiguration,small,controlled_full_protocol,python,8,,1,True,54.5163025999791,0.3416266000131145,7.392690800013952,23.674125000019558,0.740778399980627,2.629857699968852,18.826950299961027,0.4191851000068709,31.807594200014137,21.87599309993675,53.68358729995089,0.35649529995862395,0.0
20260713T200325426478Z_C5_SecFlowOps_full_gamma_docker_misconfiguration_r1,full_protocol_20260713_rigorous,C5_SecFlowOps,full_gamma_docker_misconfiguration,small,controlled_full_protocol,python,8,,1,True,40.786316799989436,0.21142010000767186,1.4252457999973558,17.99394159996882,0.42741969996131957,1.3833115000161342,17.572815499966964,0.4071231000125408,19.846607099927496,19.36325009999564,39.209857199923135,0.2020757999853231,1.051225400005933
20260713T200406270955Z_C0_BuildOnly_full_gamma_k8s_misconfiguration_r1,full_protocol_20260713_rigorous,C0_BuildOnly,full_gamma_k8s_misconfiguration,small,controlled_full_protocol,python,8,,1,True,0.22230889997445047,0.21639479999430478,0.0,0.0,0.0,0.0,0.0,0.0,0.0,0.0,0.0,0.0,0.0
20260713T200406571798Z_C1_NonBlockingScanning_full_gamma_k8s_misconfiguration_r1,full_protocol_20260713_rigorous,C1_NonBlockingScanning,full_gamma_k8s_misconfiguration,small,controlled_full_protocol,python,8,,1,True,19.6806928999722,0.19979240000247955,1.4129098000121303,17.581625999999233,0.43406010000035167,0.0,0.0,0.0,19.428595900011715,0.0,19.428595900011715,0.0,0.0
20260713T200426314959Z_C2_AutoScanning_full_gamma_k8s_misconfiguration_r1,full_protocol_20260713_rigorous,C2_AutoScanning,full_gamma_k8s_misconfiguration,small,controlled_full_protocol,python,8,,1,True,21.14479059999576,0.18391379999229684,1.3870528999832459,19.10089640005026,0.42050160001963377,0.0,0.0,0.0,20.90845090005314,0.0,20.90845090005314,0.0,0.0
20260713T200447512419Z_C3_PolicyOnly_full_gamma_k8s_misconfiguration_r1,full_protocol_20260713_rigorous,C3_PolicyOnly,full_gamma_k8s_misconfiguration,small,controlled_full_protocol,python,8,,1,True,20.173091800010297,0.22261960001196712,1.3726475999574177,17.997988099989016,0.4175954000093043,0.0,0.0,0.0,19.788231099955738,0.0,19.788231099955738,0.0,0.09866120002698153
20260713T200507739478Z_C4_AgentsOnly_full_gamma_k8s_misconfiguration_r1,full_protocol_20260713_rigorous,C4_AgentsOnly,full_gamma_k8s_misconfiguration,small,controlled_full_protocol,python,8,,1,True,39.43999250000343,0.18044649995863438,1.3591683999984525,17.76190670003416,0.4227589999791235,1.3334472999558784,17.675281499978155,0.40144149999832734,19.543834100011736,19.41017029993236,38.9540043999441,0.1937723999726586,0.0
20260713T200547232750Z_C5_SecFlowOps_full_gamma_k8s_misconfiguration_r1,full_protocol_20260713_rigorous,C5_SecFlowOps,full_gamma_k8s_misconfiguration,small,controlled_full_protocol,python,8,,1,True,39.97845910000615,0.2080586000229232,1.4042191000189632,17.85640529997181,0.4702446999726817,1.3729622999671847,17.792885500006378,0.432543299975805,19.730869099963456,19.598391099949367,39.329260199912824,0.22320870001567528,0.10669440001947805
20260713T200627262557Z_C0_BuildOnly_full_gamma_multi_layer_r1,full_protocol_20260713_rigorous,C0_BuildOnly,full_gamma_multi_layer,small,controlled_full_protocol,python,8,,1,True,0.21735970000736415,0.21366399998078123,0.0,0.0,0.0,0.0,0.0,0.0,0.0,0.0,0.0,0.0,0.0
20260713T200627543217Z_C1_NonBlockingScanning_full_gamma_multi_layer_r1,full_protocol_20260713_rigorous,C1_NonBlockingScanning,full_gamma_multi_layer,small,controlled_full_protocol,python,8,,1,True,20.281109800038394,0.183312900015153,1.4966802999842912,18.056460299994797,0.486054300039541,0.0,0.0,0.0,20.03919490001863,0.0,20.03919490001863,0.0,0.0
20260713T200647874002Z_C2_AutoScanning_full_gamma_multi_layer_r1,full_protocol_20260713_rigorous,C2_AutoScanning,full_gamma_multi_layer,small,controlled_full_protocol,python,8,,1,True,20.46388830000069,0.24038520001340657,1.4248894000193104,18.283296199981123,0.4574233999592252,0.0,0.0,0.0,20.16560899995966,0.0,20.16560899995966,0.0,0.0
20260713T200708399219Z_C3_PolicyOnly_full_gamma_multi_layer_r1,full_protocol_20260713_rigorous,C3_PolicyOnly,full_gamma_multi_layer,small,controlled_full_protocol,python,8,,1,False,20.070789099961985,0.23795239999890327,1.3943191000143997,17.817725599976256,0.44837749999715015,0.0,0.0,0.0,19.660422199987806,0.0,19.660422199987806,0.0,0.1012275000102818
20260713T200728530149Z_C4_AgentsOnly_full_gamma_multi_layer_r1,full_protocol_20260713_rigorous,C4_AgentsOnly,full_gamma_multi_layer,small,controlled_full_protocol,python,8,,1,True,40.25987000000896,0.1931404999922961,1.431206299981568,18.203531300008763,0.4222287999582477,1.358976799994707,17.870159699989017,0.40539430000353605,20.05696639994858,19.63453079998726,39.69149719993584,0.26180430001113564,0.0
20260713T200808840803Z_C5_SecFlowOps_full_gamma_multi_layer_r1,full_protocol_20260713_rigorous,C5_SecFlowOps,full_gamma_multi_layer,small,controlled_full_protocol,python,8,,1,True,40.42901319998782,0.200114700011909,1.3889577999943867,18.010430000023916,0.4357738000107929,1.3868541999836452,18.08161689998815,0.479141499963589,19.835161600029096,19.947612599935383,39.78277419996448,0.20828610000899062,0.1143385999603197
20260713T200849327571Z_C0_BuildOnly_full_alpha_clean_r2,full_protocol_20260713_rigorous,C0_BuildOnly,full_alpha_clean,small,controlled_full_protocol,python,8,,2,True,0.20312229997944087,0.19879080000100657,0.0,0.0,0.0,0.0,0.0,0.0,0.0,0.0,0.0,0.0,0.0
20260713T200849599434Z_C1_NonBlockingScanning_full_alpha_clean_r2,full_protocol_20260713_rigorous,C1_NonBlockingScanning,full_alpha_clean,small,controlled_full_protocol,python,8,,2,True,20.017341100028716,0.2069354999694042,1.4216760999988765,17.89128099998925,0.44581469998229295,0.0,0.0,0.0,19.758771799970418,0.0,19.758771799970418,0.0,0.0
20260713T200909669702Z_C2_AutoScanning_full_alpha_clean_r2,full_protocol_20260713_rigorous,C2_AutoScanning,full_alpha_clean,small,controlled_full_protocol,python,8,,2,True,20.34347369999159,0.19804310001200065,1.4627591999596916,18.215214500029106,0.4151733000180684,0.0,0.0,0.0,20.093147000006866,0.0,20.093147000006866,0.0,0.0
20260713T200930068128Z_C3_PolicyOnly_full_alpha_clean_r2,full_protocol_20260713_rigorous,C3_PolicyOnly,full_alpha_clean,small,controlled_full_protocol,python,8,,2,True,19.94392309995601,0.19198300002608448,1.4026528000249527,17.724133600015193,0.4519610999850556,0.0,0.0,0.0,19.5787475000252,0.0,19.5787475000252,0.0,0.10579719999805093
20260713T200950068202Z_C4_AgentsOnly_full_alpha_clean_r2,full_protocol_20260713_rigorous,C4_AgentsOnly,full_alpha_clean,small,controlled_full_protocol,python,8,,2,True,41.93065759999445,0.23970350000308827,1.8323603000026196,19.01283289998537,0.4551262999884784,1.5633197000133805,18.046524699951988,0.4474886000389233,21.300319499976467,20.05733300000429,41.35765249998076,0.21218159998534247,0.0
20260713T201032057760Z_C5_SecFlowOps_full_alpha_clean_r2,full_protocol_20260713_rigorous,C5_SecFlowOps,full_alpha_clean,small,controlled_full_protocol,python,8,,2,True,40.16966340004001,0.23134880000725389,1.7867637000163086,17.478692200034857,0.4818524000002071,1.5950153000303544,17.75427870004205,0.4087355000083335,19.747308300051372,19.758029500080738,39.50533780013211,0.21410530002322048,0.09818779997294769
20260713T201112297985Z_C0_BuildOnly_full_alpha_vulnerable_dependency_r2,full_protocol_20260713_rigorous,C0_BuildOnly,full_alpha_vulnerable_dependency,small,controlled_full_protocol,python,8,,2,True,0.3316562999971211,0.32650480000302196,0.0,0.0,0.0,0.0,0.0,0.0,0.0,0.0,0.0,0.0,0.0
20260713T201112690901Z_C1_NonBlockingScanning_full_alpha_vulnerable_dependency_r2,full_protocol_20260713_rigorous,C1_NonBlockingScanning,full_alpha_vulnerable_dependency,small,controlled_full_protocol,python,8,,2,True,19.90216669999063,0.27500600001076236,1.396441799995955,17.61884149996331,0.5349354000063613,0.0,0.0,0.0,19.550218699965626,0.0,19.550218699965626,0.0,0.0
20260713T201132692149Z_C2_AutoScanning_full_alpha_vulnerable_dependency_r2,full_protocol_20260713_rigorous,C2_AutoScanning,full_alpha_vulnerable_dependency,small,controlled_full_protocol,python,8,,2,True,20.28039600001648,0.27440400002524257,1.4057604999979958,17.81503530003829,0.7245011000195518,0.0,0.0,0.0,19.945296900055837,0.0,19.945296900055837,0.0,0.0
20260713T201153058467Z_C3_PolicyOnly_full_alpha_vulnerable_dependency_r2,full_protocol_20260713_rigorous,C3_PolicyOnly,full_alpha_vulnerable_dependency,small,controlled_full_protocol,python,8,,2,False,20.51074439997319,0.2075055000022985,1.6354779999819584,17.99807500001043,0.4857221000129357,0.0,0.0,0.0,20.119275100005325,0.0,20.119275100005325,0.0,0.10094780003419146
20260713T201213623669Z_C4_AgentsOnly_full_alpha_vulnerable_dependency_r2,full_protocol_20260713_rigorous,C4_AgentsOnly,full_alpha_vulnerable_dependency,small,controlled_full_protocol,python,8,,2,True,40.03601589996833,0.21422120003262535,1.5073887999751605,17.657093800022267,0.5035107000148855,1.553303299995605,17.787391700025182,0.4325922999996692,19.667993300012313,19.773287300020456,39.44128060003277,0.26739789999555796,0.0
20260713T201253732467Z_C5_SecFlowOps_full_alpha_vulnerable_dependency_r2,full_protocol_20260713_rigorous,C5_SecFlowOps,full_alpha_vulnerable_dependency,small,controlled_full_protocol,python,8,,2,True,39.674727600009646,0.20802729995921254,1.4936613999889232,17.518151900032535,0.4304862999706529,1.538833300000988,17.494109499966726,0.48787920002359897,19.44229959999211,19.520821999991313,38.963121599983424,0.24269629997434095,0.12329750001663342
20260713T201333468812Z_C0_BuildOnly_full_alpha_fake_secret_r2,full_protocol_20260713_rigorous,C0_BuildOnly,full_alpha_fake_secret,small,controlled_full_protocol,python,8,,2,True,0.2710691000102088,0.26725730003090575,0.0,0.0,0.0,0.0,0.0,0.0,0.0,0.0,0.0,0.0,0.0
20260713T201333806305Z_C1_NonBlockingScanning_full_alpha_fake_secret_r2,full_protocol_20260713_rigorous,C1_NonBlockingScanning,full_alpha_fake_secret,small,controlled_full_protocol,python,8,,2,True,20.047476199979428,0.24385839997557923,1.6132751000113785,17.609930599981453,0.5223046999890357,0.0,0.0,0.0,19.745510399981868,0.0,19.745510399981868,0.0,0.0
20260713T201353916155Z_C2_AutoScanning_full_alpha_fake_secret_r2,full_protocol_20260713_rigorous,C2_AutoScanning,full_alpha_fake_secret,small,controlled_full_protocol,python,8,,2,True,20.36789980001049,0.19731759995920584,1.5917482000077143,18.093953800038435,0.4289553000126034,0.0,0.0,0.0,20.114657300058752,0.0,20.114657300058752,0.0,0.0
20260713T201414338756Z_C3_PolicyOnly_full_alpha_fake_secret_r2,full_protocol_20260713_rigorous,C3_PolicyOnly,full_alpha_fake_secret,small,controlled_full_protocol,python,8,,2,False,21.482496200012974,0.2085681000025943,1.5807351999683306,19.00277439999627,0.5204916000366211,0.0,0.0,0.0,21.10400120000122,0.0,21.10400120000122,0.0,0.1088039999594912
20260713T201435877882Z_C4_AgentsOnly_full_alpha_fake_secret_r2,full_protocol_20260713_rigorous,C4_AgentsOnly,full_alpha_fake_secret,small,controlled_full_protocol,python,8,,2,True,40.03039520001039,0.2638878999860026,1.4175840999814682,17.870957100007217,0.4225060999742709,1.3403860999969766,17.935209200019017,0.45888540003215894,19.711047299962956,19.734480700048152,39.44552800001111,0.21653749997494742,0.0
20260713T201515965409Z_C5_SecFlowOps_full_alpha_fake_secret_r2,full_protocol_20260713_rigorous,C5_SecFlowOps,full_alpha_fake_secret,small,controlled_full_protocol,python,8,,2,True,40.61422309995396,0.19304610003018752,1.4222534999717027,17.654393500008155,0.42340909998165444,1.3548588000121526,18.71034089999739,0.42495459999190643,19.500056099961512,20.49015430000145,39.99021039996296,0.2103554999921471,0.1078300999943167
20260713T201556634156Z_C0_BuildOnly_full_alpha_sast_reflected_xss_r2,full_protocol_20260713_rigorous,C0_BuildOnly,full_alpha_sast_reflected_xss,small,controlled_full_protocol,python,8,,2,True,0.21852970001054928,0.2153732999577187,0.0,0.0,0.0,0.0,0.0,0.0,0.0,0.0,0.0,0.0,0.0
20260713T201556909279Z_C1_NonBlockingScanning_full_alpha_sast_reflected_xss_r2,full_protocol_20260713_rigorous,C1_NonBlockingScanning,full_alpha_sast_reflected_xss,small,controlled_full_protocol,python,8,,2,True,19.999908500001766,0.1856254999875091,1.427179399994202,17.90504450001754,0.4282237000297755,0.0,0.0,0.0,19.760447600041516,0.0,19.760447600041516,0.0,0.0
20260713T201616958172Z_C2_AutoScanning_full_alpha_sast_reflected_xss_r2,full_protocol_20260713_rigorous,C2_AutoScanning,full_alpha_sast_reflected_xss,small,controlled_full_protocol,python,8,,2,True,19.888056199997663,0.19500119995791465,1.4115031999535859,17.742296800017357,0.48123239999404177,0.0,0.0,0.0,19.635032399964985,0.0,19.635032399964985,0.0,0.0
20260713T201636900835Z_C3_PolicyOnly_full_alpha_sast_reflected_xss_r2,full_protocol_20260713_rigorous,C3_PolicyOnly,full_alpha_sast_reflected_xss,small,controlled_full_protocol,python,8,,2,True,20.17264179995982,0.21218299999600276,1.5015558999730274,17.86458120000316,0.43800330004887655,0.0,0.0,0.0,19.804140400025062,0.0,19.804140400025062,0.0,0.09274570003617555
20260713T201657130120Z_C4_AgentsOnly_full_alpha_sast_reflected_xss_r2,full_protocol_20260713_rigorous,C4_AgentsOnly,full_alpha_sast_reflected_xss,small,controlled_full_protocol,python,8,,2,True,39.70259340002667,0.1985776000074111,1.3916647000005469,17.886927900020964,0.43197060003876686,1.3726142999948934,17.650841300026514,0.42397490004077554,19.710563200060278,19.447430500062183,39.15799370012246,0.23896160000003874,0.0
20260713T201736884480Z_C5_SecFlowOps_full_alpha_sast_reflected_xss_r2,full_protocol_20260713_rigorous,C5_SecFlowOps,full_alpha_sast_reflected_xss,small,controlled_full_protocol,python,8,,2,True,39.924190999998245,0.18746139999711886,1.345512800035067,18.074213000014424,0.4085505999973975,1.3488133000209928,17.70320469996659,0.40312850003829226,19.82827640004689,19.455146500025876,39.283422900072765,0.23886049998691306,0.10226720001082867
20260713T201816858264Z_C0_BuildOnly_full_alpha_sast_sql_injection_r2,full_protocol_20260713_rigorous,C0_BuildOnly,full_alpha_sast_sql_injection,small,controlled_full_protocol,python,8,,2,True,0.21043029997963458,0.2075489000417292,0.0,0.0,0.0,0.0,0.0,0.0,0.0,0.0,0.0,0.0,0.0
20260713T201817138314Z_C1_NonBlockingScanning_full_alpha_sast_sql_injection_r2,full_protocol_20260713_rigorous,C1_NonBlockingScanning,full_alpha_sast_sql_injection,small,controlled_full_protocol,python,8,,2,True,19.865720400004648,0.20091479999246076,1.3873659999808297,17.77738829998998,0.44396150001557544,0.0,0.0,0.0,19.608715799986385,0.0,19.608715799986385,0.0,0.0
20260713T201837060863Z_C2_AutoScanning_full_alpha_sast_sql_injection_r2,full_protocol_20260713_rigorous,C2_AutoScanning,full_alpha_sast_sql_injection,small,controlled_full_protocol,python,8,,2,True,20.14150949998293,0.18084310000995174,1.5076774000190198,17.95773199998075,0.4383774999878369,0.0,0.0,0.0,19.903786899987608,0.0,19.903786899987608,0.0,0.0
20260713T201857253855Z_C3_PolicyOnly_full_alpha_sast_sql_injection_r2,full_protocol_20260713_rigorous,C3_PolicyOnly,full_alpha_sast_sql_injection,small,controlled_full_protocol,python,8,,2,True,19.955216599977575,0.20783509995089844,1.3936024000286125,17.78153660002863,0.4130066999932751,0.0,0.0,0.0,19.588145700050518,0.0,19.588145700050518,0.0,0.09227570000803098
20260713T201917257917Z_C4_AgentsOnly_full_alpha_sast_sql_injection_r2,full_protocol_20260713_rigorous,C4_AgentsOnly,full_alpha_sast_sql_injection,small,controlled_full_protocol,python,8,,2,True,40.458695199980866,0.1867008000263013,1.3626375999883749,17.88091359997634,0.42949780001072213,1.3760557000059634,18.48089930001879,0.42963079997571185,19.673048999975435,20.286585800000466,39.9596347999759,0.2061167000210844,0.0
20260713T201957768792Z_C5_SecFlowOps_full_alpha_sast_sql_injection_r2,full_protocol_20260713_rigorous,C5_SecFlowOps,full_alpha_sast_sql_injection,small,controlled_full_protocol,python,8,,2,True,40.165612799988594,0.18864449998363853,1.4169934999663383,18.107121100008953,0.41326140001183376,1.3439214999671094,17.856744899996556,0.42784140002913773,19.937375999987125,19.628507799992803,39.56588379997993,0.20304519997444004,0.09812790004070848
20260713T202037984044Z_C0_BuildOnly_full_alpha_docker_misconfiguration_r2,full_protocol_20260713_rigorous,C0_BuildOnly,full_alpha_docker_misconfiguration,small,controlled_full_protocol,python,8,,2,True,0.19282539997948334,0.19013440003618598,0.0,0.0,0.0,0.0,0.0,0.0,0.0,0.0,0.0,0.0,0.0
20260713T202038233296Z_C1_NonBlockingScanning_full_alpha_docker_misconfiguration_r2,full_protocol_20260713_rigorous,C1_NonBlockingScanning,full_alpha_docker_misconfiguration,small,controlled_full_protocol,python,8,,2,True,20.234449799987487,0.1916382999625057,1.5810743000474758,17.969391499995254,0.44025810004677624,0.0,0.0,0.0,19.990723900089506,0.0,19.990723900089506,0.0,0.0
20260713T202058517107Z_C2_AutoScanning_full_alpha_docker_misconfiguration_r2,full_protocol_20260713_rigorous,C2_AutoScanning,full_alpha_docker_misconfiguration,small,controlled_full_protocol,python,8,,2,True,19.91081520001171,0.2091732999542728,1.397609299980104,17.82171990000643,0.4244392999680713,0.0,0.0,0.0,19.643768499954604,0.0,19.643768499954604,0.0,0.0
20260713T202118479750Z_C3_PolicyOnly_full_alpha_docker_misconfiguration_r2,full_protocol_20260713_rigorous,C3_PolicyOnly,full_alpha_docker_misconfiguration,small,controlled_full_protocol,python,8,,2,True,20.02631599997403,0.18974010000238195,1.3884459999972023,17.875498300010804,0.41978869994636625,0.0,0.0,0.0,19.683732999954373,0.0,19.683732999954373,0.0,0.09119680000003427
20260713T202138557957Z_C4_AgentsOnly_full_alpha_docker_misconfiguration_r2,full_protocol_20260713_rigorous,C4_AgentsOnly,full_alpha_docker_misconfiguration,small,controlled_full_protocol,python,8,,2,True,39.81441450002603,0.19916099996771663,1.3971993000013754,17.985698400007095,0.4397375999833457,1.317863899981603,17.76327749999473,0.41431269998429343,19.822635299991816,19.495454099960625,39.31808939995244,0.19813370000338182,0.0
20260713T202218425968Z_C5_SecFlowOps_full_alpha_docker_misconfiguration_r2,full_protocol_20260713_rigorous,C5_SecFlowOps,full_alpha_docker_misconfiguration,small,controlled_full_protocol,python,8,,2,True,40.25141750002513,0.1940409999806434,1.3878640999901108,17.864308700023685,0.4174211999634281,1.3445921000093222,18.064410699997097,0.5326264000032097,19.669593999977224,19.94162920000963,39.61122319998685,0.2024099999689497,0.12386029999470338
20260713T202258729278Z_C0_BuildOnly_full_alpha_k8s_misconfiguration_r2,full_protocol_20260713_rigorous,C0_BuildOnly,full_alpha_k8s_misconfiguration,small,controlled_full_protocol,python,8,,2,True,0.29112279997207224,0.286770400009118,0.0,0.0,0.0,0.0,0.0,0.0,0.0,0.0,0.0,0.0,0.0
20260713T202259103182Z_C1_NonBlockingScanning_full_alpha_k8s_misconfiguration_r2,full_protocol_20260713_rigorous,C1_NonBlockingScanning,full_alpha_k8s_misconfiguration,small,controlled_full_protocol,python,8,,2,True,20.076783400028944,0.2312472999910824,1.4210328999906778,17.95021470001666,0.4186266000033356,0.0,0.0,0.0,19.789874200010672,0.0,19.789874200010672,0.0,0.0
20260713T202319241053Z_C2_AutoScanning_full_alpha_k8s_misconfiguration_r2,full_protocol_20260713_rigorous,C2_AutoScanning,full_alpha_k8s_misconfiguration,small,controlled_full_protocol,python,8,,2,True,19.868831300002057,0.20881229999940842,1.4071601000032388,17.770067400007974,0.43087579996790737,0.0,0.0,0.0,19.60810329997912,0.0,19.60810329997912,0.0,0.0
20260713T202339161456Z_C3_PolicyOnly_full_alpha_k8s_misconfiguration_r2,full_protocol_20260713_rigorous,C3_PolicyOnly,full_alpha_k8s_misconfiguration,small,controlled_full_protocol,python,8,,2,True,19.982663100003265,0.19441110000479966,1.3519306000089273,17.819827600033022,0.4441320999758318,0.0,0.0,0.0,19.61589030001778,0.0,19.61589030001778,0.0,0.10299619997385889
20260713T202359198353Z_C4_AgentsOnly_full_alpha_k8s_misconfiguration_r2,full_protocol_20260713_rigorous,C4_AgentsOnly,full_alpha_k8s_misconfiguration,small,controlled_full_protocol,python,8,,2,True,39.54553870001109,0.2165052000200376,1.4159153000218794,17.728073000034783,0.45629250002093613,1.3623976000235416,17.606954200018663,0.440448000037577,19.6002808000776,19.40979980007978,39.01008060015738,0.2150512000080198,0.0
20260713T202438806300Z_C5_SecFlowOps_full_alpha_k8s_misconfiguration_r2,full_protocol_20260713_rigorous,C5_SecFlowOps,full_alpha_k8s_misconfiguration,small,controlled_full_protocol,python,8,,2,True,40.8486543999752,0.1974396000150591,1.4345659999526106,18.260520399955567,0.5596917000366375,1.4475518999970518,17.971016000024974,0.4353180000325665,20.254778099944815,19.853885900054593,40.10866399999941,0.2413127000327222,0.17760609998367727
20260713T202519714494Z_C0_BuildOnly_full_alpha_multi_layer_r2,full_protocol_20260713_rigorous,C0_BuildOnly,full_alpha_multi_layer,small,controlled_full_protocol,python,8,,2,True,0.22581410000566393,0.2225646000006236,0.0,0.0,0.0,0.0,0.0,0.0,0.0,0.0,0.0,0.0,0.0
20260713T202520009869Z_C1_NonBlockingScanning_full_alpha_multi_layer_r2,full_protocol_20260713_rigorous,C1_NonBlockingScanning,full_alpha_multi_layer,small,controlled_full_protocol,python,8,,2,True,20.14632389997132,0.2094428000273183,1.411435599962715,18.04159229999641,0.42276019998826087,0.0,0.0,0.0,19.875788099947385,0.0,19.875788099947385,0.0,0.0
20260713T202540212391Z_C2_AutoScanning_full_alpha_multi_layer_r2,full_protocol_20260713_rigorous,C2_AutoScanning,full_alpha_multi_layer,small,controlled_full_protocol,python,8,,2,True,19.9700324999867,0.2094350999686867,1.3784384000464343,17.898397199984174,0.42996079998556525,0.0,0.0,0.0,19.706796400016174,0.0,19.706796400016174,0.0,0.0
20260713T202600240637Z_C3_PolicyOnly_full_alpha_multi_layer_r2,full_protocol_20260713_rigorous,C3_PolicyOnly,full_alpha_multi_layer,small,controlled_full_protocol,python,8,,2,False,20.358116500021424,0.18786229996476322,1.4305154000176117,18.129575500031933,0.4433889999636449,0.0,0.0,0.0,20.00347990001319,0.0,20.00347990001319,0.0,0.09487849997822195
20260713T202620648881Z_C4_AgentsOnly_full_alpha_multi_layer_r2,full_protocol_20260713_rigorous,C4_AgentsOnly,full_alpha_multi_layer,small,controlled_full_protocol,python,8,,2,True,40.226966799993534,0.18982379999943078,1.4192524999962188,17.91736789996503,0.42401600000448525,1.3412533000227995,18.12142139999196,0.4481004999834113,19.760636399965733,19.91077519999817,39.6714115999639,0.24977479997323826,0.0
20260713T202700926024Z_C5_SecFlowOps_full_alpha_multi_layer_r2,full_protocol_20260713_rigorous,C5_SecFlowOps,full_alpha_multi_layer,small,controlled_full_protocol,python,8,,2,True,40.58140599995386,0.2295966999954544,1.4949559000087902,18.093772100051865,0.4179024000186473,1.419605600007344,18.065366900002118,0.41036009998060763,20.006630400079302,19.89533259999007,39.90196300006937,0.22906899999361485,0.1041696000029333
20260713T202741572619Z_C0_BuildOnly_full_beta_clean_r2,full_protocol_20260713_rigorous,C0_BuildOnly,full_beta_clean,small,controlled_full_protocol,python,8,,2,True,0.20288469997467473,0.19960459996946156,0.0,0.0,0.0,0.0,0.0,0.0,0.0,0.0,0.0,0.0,0.0
20260713T202741834595Z_C1_NonBlockingScanning_full_beta_clean_r2,full_protocol_20260713_rigorous,C1_NonBlockingScanning,full_beta_clean,small,controlled_full_protocol,python,8,,2,True,19.855517100018915,0.1882684999727644,1.5450323999975808,17.63062130002072,0.4315453000017442,0.0,0.0,0.0,19.607199000020046,0.0,19.607199000020046,0.0,0.0
20260713T202801740355Z_C2_AutoScanning_full_beta_clean_r2,full_protocol_20260713_rigorous,C2_AutoScanning,full_beta_clean,small,controlled_full_protocol,python,8,,2,True,20.44430120004108,0.20493000000715256,1.7570100000011735,17.97799580002902,0.44350090000079945,0.0,0.0,0.0,20.178506700030994,0.0,20.178506700030994,0.0,0.0
20260713T202822238782Z_C3_PolicyOnly_full_beta_clean_r2,full_protocol_20260713_rigorous,C3_PolicyOnly,full_beta_clean,small,controlled_full_protocol,python,8,,2,True,21.406445499975234,0.20961850002640858,1.7250283000175841,18.73119860002771,0.5256425000261515,0.0,0.0,0.0,20.981869400071446,0.0,20.981869400071446,0.0,0.13571410003351048
20260713T202843698119Z_C4_AgentsOnly_full_beta_clean_r2,full_protocol_20260713_rigorous,C4_AgentsOnly,full_beta_clean,small,controlled_full_protocol,python,8,,2,True,41.59796609997284,0.2538094999617897,1.8893795000039972,18.535642000031658,0.45075369998812675,1.6924824000452645,17.981610199960414,0.44709259999217466,20.87577520002378,20.121185199997853,40.996960400021635,0.2308811999973841,0.0
20260713T202925355171Z_C5_SecFlowOps_full_beta_clean_r2,full_protocol_20260713_rigorous,C5_SecFlowOps,full_beta_clean,small,controlled_full_protocol,python,8,,2,True,40.73766759998398,0.22633750003296882,1.3848510999814607,18.169944100023713,0.48612200003117323,1.5506061000050977,17.92459459998645,0.4887635000050068,20.040917200036347,19.963964199996553,40.0048814000329,0.2716048999573104,0.10193470004014671
20260713T203006147724Z_C0_BuildOnly_full_beta_vulnerable_dependency_r2,full_protocol_20260713_rigorous,C0_BuildOnly,full_beta_vulnerable_dependency,small,controlled_full_protocol,python,8,,2,True,0.23143859999254346,0.22803170001134276,0.0,0.0,0.0,0.0,0.0,0.0,0.0,0.0,0.0,0.0,0.0
20260713T203006446767Z_C1_NonBlockingScanning_full_beta_vulnerable_dependency_r2,full_protocol_20260713_rigorous,C1_NonBlockingScanning,full_beta_vulnerable_dependency,small,controlled_full_protocol,python,8,,2,True,19.901525199995376,0.19089320005150512,1.413423599966336,17.820655599993188,0.4201323000015691,0.0,0.0,0.0,19.654211499961093,0.0,19.654211499961093,0.0,0.0
20260713T203026400374Z_C2_AutoScanning_full_beta_vulnerable_dependency_r2,full_protocol_20260713_rigorous,C2_AutoScanning,full_beta_vulnerable_dependency,small,controlled_full_protocol,python,8,,2,True,20.220665899978485,0.18956339999567717,1.4175898999674246,18.073294100002386,0.47827049996703863,0.0,0.0,0.0,19.96915449993685,0.0,19.96915449993685,0.0,0.0
20260713T203046672902Z_C3_PolicyOnly_full_beta_vulnerable_dependency_r2,full_protocol_20260713_rigorous,C3_PolicyOnly,full_beta_vulnerable_dependency,small,controlled_full_protocol,python,8,,2,False,20.520690899982583,0.3605173999676481,1.4544639000087045,18.079658299975563,0.4442397000384517,0.0,0.0,0.0,19.97836190002272,0.0,19.97836190002272,0.0,0.10017879999941215
20260713T203107252124Z_C4_AgentsOnly_full_beta_vulnerable_dependency_r2,full_protocol_20260713_rigorous,C4_AgentsOnly,full_beta_vulnerable_dependency,small,controlled_full_protocol,python,8,,2,True,40.252298399980646,0.19761900004232302,1.5179766999790445,17.959347299998626,0.40739160001976416,1.372640599962324,17.930381799989846,0.5415246000047773,19.884715599997435,19.844546999956947,39.72926259995438,0.20565499999793246,0.0
20260713T203147556520Z_C5_SecFlowOps_full_beta_vulnerable_dependency_r2,full_protocol_20260713_rigorous,C5_SecFlowOps,full_beta_vulnerable_dependency,small,controlled_full_protocol,python,8,,2,True,40.81663960003061,0.19503609999082983,1.4110552999773063,18.08569279999938,0.411512499966193,1.4308826999622397,18.33349340001587,0.4641146999783814,19.908260599942878,20.22849079995649,40.13675139989937,0.24798850005026907,0.11386879999190569
20260713T203228439734Z_C0_BuildOnly_full_beta_fake_secret_r2,full_protocol_20260713_rigorous,C0_BuildOnly,full_beta_fake_secret,small,controlled_full_protocol,python,8,,2,True,0.19966139999451116,0.19665130000794306,0.0,0.0,0.0,0.0,0.0,0.0,0.0,0.0,0.0,0.0,0.0
20260713T203228693987Z_C1_NonBlockingScanning_full_beta_fake_secret_r2,full_protocol_20260713_rigorous,C1_NonBlockingScanning,full_beta_fake_secret,small,controlled_full_protocol,python,8,,2,True,20.13488739996683,0.19604830001480877,1.5016464000218548,17.9146713000373,0.46411040000384673,0.0,0.0,0.0,19.880428100063,0.0,19.880428100063,0.0,0.0
20260713T203248878448Z_C2_AutoScanning_full_beta_fake_secret_r2,full_protocol_20260713_rigorous,C2_AutoScanning,full_beta_fake_secret,small,controlled_full_protocol,python,8,,2,True,19.948979099979624,0.20682409999426454,1.3647341000032611,17.88392819999717,0.4420086999889463,0.0,0.0,0.0,19.69067099998938,0.0,19.69067099998938,0.0,0.0
20260713T203308883778Z_C3_PolicyOnly_full_beta_fake_secret_r2,full_protocol_20260713_rigorous,C3_PolicyOnly,full_beta_fake_secret,small,controlled_full_protocol,python,8,,2,False,20.590441500011366,0.20471740001812577,1.397644400014542,18.351440700003877,0.4785385000286624,0.0,0.0,0.0,20.22762360004708,0.0,20.22762360004708,0.0,0.09419600002001971
20260713T203329528160Z_C4_AgentsOnly_full_beta_fake_secret_r2,full_protocol_20260713_rigorous,C4_AgentsOnly,full_beta_fake_secret,small,controlled_full_protocol,python,8,,2,True,40.45797930000117,0.20764360000612214,1.4466409999877214,18.4484598999843,0.4499280000454746,1.3357868999592029,17.84007269999711,0.41031499998643994,20.345028900017496,19.58617459994275,39.93120349996025,0.21515559998806566,0.0
20260713T203410036831Z_C5_SecFlowOps_full_beta_fake_secret_r2,full_protocol_20260713_rigorous,C5_SecFlowOps,full_beta_fake_secret,small,controlled_full_protocol,python,8,,2,True,40.242627599975094,0.1959591000340879,1.4067682000459172,17.874222599959467,0.4311679999809712,1.4596452999976464,18.034440500021446,0.4333788999938406,19.712158799986355,19.927464700012933,39.63962349999929,0.19328750000568107,0.09563790005631745
20260713T203450334241Z_C0_BuildOnly_full_beta_sast_reflected_xss_r2,full_protocol_20260713_rigorous,C0_BuildOnly,full_beta_sast_reflected_xss,small,controlled_full_protocol,python,8,,2,True,0.1999019999639131,0.19563420000486076,0.0,0.0,0.0,0.0,0.0,0.0,0.0,0.0,0.0,0.0,0.0
20260713T203450594211Z_C1_NonBlockingScanning_full_beta_sast_reflected_xss_r2,full_protocol_20260713_rigorous,C1_NonBlockingScanning,full_beta_sast_reflected_xss,small,controlled_full_protocol,python,8,,2,True,19.686771200038493,0.2000335999764502,1.3705073000164703,17.61304550000932,0.4483887000242248,0.0,0.0,0.0,19.431941500050016,0.0,19.431941500050016,0.0,0.0
20260713T203510345649Z_C2_AutoScanning_full_beta_sast_reflected_xss_r2,full_protocol_20260713_rigorous,C2_AutoScanning,full_beta_sast_reflected_xss,small,controlled_full_protocol,python,8,,2,True,20.358611800009385,0.19840019999537617,1.390647699998226,18.290186700003687,0.4274102000053972,0.0,0.0,0.0,20.10824460000731,0.0,20.10824460000731,0.0,0.0
20260713T203530758431Z_C3_PolicyOnly_full_beta_sast_reflected_xss_r2,full_protocol_20260713_rigorous,C3_PolicyOnly,full_beta_sast_reflected_xss,small,controlled_full_protocol,python,8,,2,True,20.279690900002606,0.1946118000196293,1.3997942000278272,18.101966999995057,0.43234539998229593,0.0,0.0,0.0,19.93410660000518,0.0,19.93410660000518,0.0,0.08698560000630096
20260713T203551092258Z_C4_AgentsOnly_full_beta_sast_reflected_xss_r2,full_protocol_20260713_rigorous,C4_AgentsOnly,full_beta_sast_reflected_xss,small,controlled_full_protocol,python,8,,2,True,40.485968700028025,0.19492949999403208,1.4147804999956861,18.468553900020197,0.4290488000260666,1.3645942999864928,17.862604100024328,0.45079650002298877,20.31238320004195,19.67799490003381,39.99037810007576,0.1954997000284493,0.0
20260713T203631632000Z_C5_SecFlowOps_full_beta_sast_reflected_xss_r2,full_protocol_20260713_rigorous,C5_SecFlowOps,full_beta_sast_reflected_xss,small,controlled_full_protocol,python,8,,2,True,41.72035059996415,0.24385859997710213,1.607955600018613,18.978942900022957,0.4180388000095263,1.59471149998717,17.98627369996393,0.4546250000130385,21.004937300051097,20.03561019996414,41.040547500015236,0.2044332000077702,0.11453880002954975
20260713T203713413337Z_C0_BuildOnly_full_beta_sast_sql_injection_r2,full_protocol_20260713_rigorous,C0_BuildOnly,full_beta_sast_sql_injection,small,controlled_full_protocol,python,8,,2,True,0.28021140000782907,0.2730355999665335,0.0,0.0,0.0,0.0,0.0,0.0,0.0,0.0,0.0,0.0,0.0
20260713T203713761711Z_C1_NonBlockingScanning_full_beta_sast_sql_injection_r2,full_protocol_20260713_rigorous,C1_NonBlockingScanning,full_beta_sast_sql_injection,small,controlled_full_protocol,python,8,,2,True,20.65296129998751,0.3655803999863565,1.6079362999880686,18.001950399950147,0.5961354000028223,0.0,0.0,0.0,20.206022099941038,0.0,20.206022099941038,0.0,0.0
20260713T203734512473Z_C2_AutoScanning_full_beta_sast_sql_injection_r2,full_protocol_20260713_rigorous,C2_AutoScanning,full_beta_sast_sql_injection,small,controlled_full_protocol,python,8,,2,True,20.405215699982364,0.19749930000398308,1.6358458999893628,18.094290899985936,0.42259650002233684,0.0,0.0,0.0,20.152733299997635,0.0,20.152733299997635,0.0,0.0
20260713T203754970381Z_C3_PolicyOnly_full_beta_sast_sql_injection_r2,full_protocol_20260713_rigorous,C3_PolicyOnly,full_beta_sast_sql_injection,small,controlled_full_protocol,python,8,,2,True,20.36437590001151,0.1951021000277251,1.5470735999988392,18.027527300000656,0.43472090002615005,0.0,0.0,0.0,20.009321800025646,0.0,20.009321800025646,0.0,0.09464870003284886
20260713T203815385345Z_C4_AgentsOnly_full_beta_sast_sql_injection_r2,full_protocol_20260713_rigorous,C4_AgentsOnly,full_beta_sast_sql_injection,small,controlled_full_protocol,python,8,,2,True,41.343999100034125,0.20803669997258112,1.613952599989716,18.043248899979517,0.5793378000380471,1.3647221000283025,18.696532899979502,0.4219164999667555,20.23653930000728,20.48317149997456,40.71971079998184,0.30242429999634624,0.0
20260713T203856783246Z_C5_SecFlowOps_full_beta_sast_sql_injection_r2,full_protocol_20260713_rigorous,C5_SecFlowOps,full_beta_sast_sql_injection,small,controlled_full_protocol,python,8,,2,True,40.794582600006834,0.19764960004249588,1.3978451999719255,18.22244749998208,0.4166751999873668,1.4141272000269964,18.2975168999983,0.4254573000362143,20.036967899941374,20.13710140006151,40.174069300002884,0.20361560001038015,0.10284920001868159
20260713T203937628500Z_C0_BuildOnly_full_beta_docker_misconfiguration_r2,full_protocol_20260713_rigorous,C0_BuildOnly,full_beta_docker_misconfiguration,small,controlled_full_protocol,python,8,,2,True,0.20555910002440214,0.20255190000170842,0.0,0.0,0.0,0.0,0.0,0.0,0.0,0.0,0.0,0.0,0.0
20260713T203937894796Z_C1_NonBlockingScanning_full_beta_docker_misconfiguration_r2,full_protocol_20260713_rigorous,C1_NonBlockingScanning,full_beta_docker_misconfiguration,small,controlled_full_protocol,python,8,,2,True,20.261569100024644,0.17599680001148954,1.3916310999775305,18.21382810000796,0.4243580999900587,0.0,0.0,0.0,20.029817299975548,0.0,20.029817299975548,0.0,0.0
20260713T203958208576Z_C2_AutoScanning_full_beta_docker_misconfiguration_r2,full_protocol_20260713_rigorous,C2_AutoScanning,full_beta_docker_misconfiguration,small,controlled_full_protocol,python,8,,2,True,20.378199199971277,0.208597999997437,1.4052188999485224,18.163920900027733,0.5444995000143535,0.0,0.0,0.0,20.11363929999061,0.0,20.11363929999061,0.0,0.0
20260713T204018640411Z_C3_PolicyOnly_full_beta_docker_misconfiguration_r2,full_protocol_20260713_rigorous,C3_PolicyOnly,full_beta_docker_misconfiguration,small,controlled_full_protocol,python,8,,2,True,20.86446860001888,0.2433601000229828,1.4582632000092417,18.484186300018337,0.5081053000176325,0.0,0.0,0.0,20.45055480004521,0.0,20.45055480004521,0.0,0.09628030000021681
20260713T204039570640Z_C4_AgentsOnly_full_beta_docker_misconfiguration_r2,full_protocol_20260713_rigorous,C4_AgentsOnly,full_beta_docker_misconfiguration,small,controlled_full_protocol,python,8,,2,True,42.93337749998318,0.2008229999919422,1.4541707999887876,19.227649999957066,0.5055959000019357,1.4400791000225581,19.2681674999767,0.45684160001110286,21.18741669994779,21.16508820001036,42.35250489995815,0.27005130000179633,0.0
20260713T204122558377Z_C5_SecFlowOps_full_beta_docker_misconfiguration_r2,full_protocol_20260713_rigorous,C5_SecFlowOps,full_beta_docker_misconfiguration,small,controlled_full_protocol,python,8,,2,True,44.04999359999783,0.20417490002000704,1.6560479000327177,18.33344479999505,0.4334129999624565,1.9842760000028647,20.454112100007478,0.5327894000220113,20.422905699990224,22.971177500032354,43.39408320002258,0.22044550004648045,0.10993819998111576
20260713T204206661419Z_C0_BuildOnly_full_beta_k8s_misconfiguration_r2,full_protocol_20260713_rigorous,C0_BuildOnly,full_beta_k8s_misconfiguration,small,controlled_full_protocol,python,8,,2,True,0.20601179997902364,0.20280980004463345,0.0,0.0,0.0,0.0,0.0,0.0,0.0,0.0,0.0,0.0,0.0
20260713T204206928390Z_C1_NonBlockingScanning_full_beta_k8s_misconfiguration_r2,full_protocol_20260713_rigorous,C1_NonBlockingScanning,full_beta_k8s_misconfiguration,small,controlled_full_protocol,python,8,,2,True,21.718174099980388,0.26718650001566857,1.5118980000261217,19.446373599988874,0.43245959997875616,0.0,0.0,0.0,21.390731199993752,0.0,21.390731199993752,0.0,0.0
20260713T204228699273Z_C2_AutoScanning_full_beta_k8s_misconfiguration_r2,full_protocol_20260713_rigorous,C2_AutoScanning,full_beta_k8s_misconfiguration,small,controlled_full_protocol,python,8,,2,True,20.985865800001193,0.2221807999885641,1.6097734000068158,18.626217300014105,0.47150390001479536,0.0,0.0,0.0,20.707494600035716,0.0,20.707494600035716,0.0,0.0
20260713T204249737356Z_C3_PolicyOnly_full_beta_k8s_misconfiguration_r2,full_protocol_20260713_rigorous,C3_PolicyOnly,full_beta_k8s_misconfiguration,small,controlled_full_protocol,python,8,,2,True,21.727141099981964,0.2107548999483697,1.4470920000458136,19.446093400008976,0.45196580002084374,0.0,0.0,0.0,21.345151200075634,0.0,21.345151200075634,0.0,0.09916929999599233
20260713T204311519114Z_C4_AgentsOnly_full_beta_k8s_misconfiguration_r2,full_protocol_20260713_rigorous,C4_AgentsOnly,full_beta_k8s_misconfiguration,small,controlled_full_protocol,python,8,,2,True,43.32642250001663,0.19590580003568903,2.4080652999691665,18.688843599986285,0.4377366999979131,1.824725100013893,18.995131000003312,0.43597689998568967,21.534645599953365,21.255833000002895,42.79047859995626,0.22956270002759993,0.0
20260713T204354902190Z_C5_SecFlowOps_full_beta_k8s_misconfiguration_r2,full_protocol_20260713_rigorous,C5_SecFlowOps,full_beta_k8s_misconfiguration,small,controlled_full_protocol,python,8,,2,True,43.301512599980924,0.1928364000050351,1.609946399985347,20.05252060003113,0.4713880000053905,1.4274384999880567,18.678118300042115,0.4507887000218034,22.133855000021867,20.556345500051975,42.69020050007384,0.20554809999885038,0.09582059999229386
20260713T204438258045Z_C0_BuildOnly_full_beta_multi_layer_r2,full_protocol_20260713_rigorous,C0_BuildOnly,full_beta_multi_layer,small,controlled_full_protocol,python,8,,2,True,0.2542968000052497,0.2463500999729149,0.0,0.0,0.0,0.0,0.0,0.0,0.0,0.0,0.0,0.0,0.0
20260713T204438589252Z_C1_NonBlockingScanning_full_beta_multi_layer_r2,full_protocol_20260713_rigorous,C1_NonBlockingScanning,full_beta_multi_layer,small,controlled_full_protocol,python,8,,2,True,20.768884199962486,0.19378309999592602,1.593134699971415,18.4335728000151,0.48792310000862926,0.0,0.0,0.0,20.514630599995144,0.0,20.514630599995144,0.0,0.0
20260713T204459414556Z_C2_AutoScanning_full_beta_multi_layer_r2,full_protocol_20260713_rigorous,C2_AutoScanning,full_beta_multi_layer,small,controlled_full_protocol,python,8,,2,True,20.35260990000097,0.1998866999638267,1.422429500031285,18.180183599994052,0.49275669996859506,0.0,0.0,0.0,20.095369799993932,0.0,20.095369799993932,0.0,0.0
20260713T204519818353Z_C3_PolicyOnly_full_beta_multi_layer_r2,full_protocol_20260713_rigorous,C3_PolicyOnly,full_beta_multi_layer,small,controlled_full_protocol,python,8,,2,False,20.268498199991882,0.1946777999983169,1.409184499992989,18.072132600005716,0.434634700010065,0.0,0.0,0.0,19.91595180000877,0.0,19.91595180000877,0.0,0.09178830002201721
20260713T204540141887Z_C4_AgentsOnly_full_beta_multi_layer_r2,full_protocol_20260713_rigorous,C4_AgentsOnly,full_beta_multi_layer,small,controlled_full_protocol,python,8,,2,True,43.570724299992435,0.20346910000080243,1.3781819000141695,18.58384340000339,0.42280369997024536,2.353834400011692,19.827087400015444,0.454063999990467,20.384828999987803,22.634985800017603,43.019814800005406,0.21864860004279763,0.0
20260713T204623768880Z_C5_SecFlowOps_full_beta_multi_layer_r2,full_protocol_20260713_rigorous,C5_SecFlowOps,full_beta_multi_layer,small,controlled_full_protocol,python,8,,2,True,42.46394990000408,0.2047803999739699,1.8997032000334002,18.904283799987752,0.574059100006707,1.5488966000266373,18.38542339997366,0.4243714000331238,21.37804610002786,20.358691400033422,41.73673750006128,0.2872855000314303,0.10540550004225224
20260713T204706284105Z_C0_BuildOnly_full_gamma_clean_r2,full_protocol_20260713_rigorous,C0_BuildOnly,full_gamma_clean,small,controlled_full_protocol,python,8,,2,True,0.311942599946633,0.30812330002663657,0.0,0.0,0.0,0.0,0.0,0.0,0.0,0.0,0.0,0.0,0.0
20260713T204706655517Z_C1_NonBlockingScanning_full_gamma_clean_r2,full_protocol_20260713_rigorous,C1_NonBlockingScanning,full_gamma_clean,small,controlled_full_protocol,python,8,,2,True,20.472925999958534,0.21770560002187267,1.414933399995789,18.371956200047862,0.4159691999666393,0.0,0.0,0.0,20.20285880001029,0.0,20.20285880001029,0.0,0.0
20260713T204727187159Z_C2_AutoScanning_full_gamma_clean_r2,full_protocol_20260713_rigorous,C2_AutoScanning,full_gamma_clean,small,controlled_full_protocol,python,8,,2,True,20.081594599992968,0.19320779998088256,1.413355499971658,18.015608999994583,0.405963699973654,0.0,0.0,0.0,19.834928199939895,0.0,19.834928199939895,0.0,0.0
20260713T204747323562Z_C3_PolicyOnly_full_gamma_clean_r2,full_protocol_20260713_rigorous,C3_PolicyOnly,full_gamma_clean,small,controlled_full_protocol,python,8,,2,True,20.413086500018835,0.19930069998372346,1.3877255999832414,18.223620700009633,0.4428753000102006,0.0,0.0,0.0,20.054221600003075,0.0,20.054221600003075,0.0,0.0967407999560237
20260713T204807789163Z_C4_AgentsOnly_full_gamma_clean_r2,full_protocol_20260713_rigorous,C4_AgentsOnly,full_gamma_clean,small,controlled_full_protocol,python,8,,2,True,40.81488350004656,0.19586139998864383,1.5785043999785557,18.25106009998126,0.42487099999561906,1.356564600020647,18.297080099990126,0.40914790000533685,20.254435499955434,20.06279260001611,40.317228099971544,0.19578030001139268,0.0
20260713T204848662860Z_C5_SecFlowOps_full_gamma_clean_r2,full_protocol_20260713_rigorous,C5_SecFlowOps,full_gamma_clean,small,controlled_full_protocol,python,8,,2,True,41.468627399997786,0.19371160003356636,1.4213257999508642,18.824959599995054,0.49594440002692863,1.5551928000058979,18.132978499983437,0.4069848000071943,20.742229799972847,20.09515609999653,40.83738589996938,0.21360320004168898,0.10361890000058338
20260713T204930186373Z_C0_BuildOnly_full_gamma_vulnerable_dependency_r2,full_protocol_20260713_rigorous,C0_BuildOnly,full_gamma_vulnerable_dependency,small,controlled_full_protocol,python,8,,2,True,0.207218199968338,0.20356749999336898,0.0,0.0,0.0,0.0,0.0,0.0,0.0,0.0,0.0,0.0,0.0
20260713T204930457273Z_C1_NonBlockingScanning_full_gamma_vulnerable_dependency_r2,full_protocol_20260713_rigorous,C1_NonBlockingScanning,full_gamma_vulnerable_dependency,small,controlled_full_protocol,python,8,,2,True,21.60104780003894,0.19987359998049214,1.5761923000100069,19.310911599954125,0.45603389997268096,0.0,0.0,0.0,21.343137799936812,0.0,21.343137799936812,0.0,0.0
20260713T204952117684Z_C2_AutoScanning_full_gamma_vulnerable_dependency_r2,full_protocol_20260713_rigorous,C2_AutoScanning,full_gamma_vulnerable_dependency,small,controlled_full_protocol,python,8,,2,True,23.498745499993674,0.22772429999895394,1.7025478999712504,21.054437700018752,0.45645670004887506,0.0,0.0,0.0,23.213442300038878,0.0,23.213442300038878,0.0,0.0
20260713T205015677651Z_C3_PolicyOnly_full_gamma_vulnerable_dependency_r2,full_protocol_20260713_rigorous,C3_PolicyOnly,full_gamma_vulnerable_dependency,small,controlled_full_protocol,python,8,,2,False,21.46859480004059,0.2923227999708615,1.5549193000188097,18.96273139998084,0.47252349997870624,0.0,0.0,0.0,20.990174199978355,0.0,20.990174199978355,0.0,0.10745609999867156
20260713T205037204436Z_C4_AgentsOnly_full_gamma_vulnerable_dependency_r2,full_protocol_20260713_rigorous,C4_AgentsOnly,full_gamma_vulnerable_dependency,small,controlled_full_protocol,python,8,,2,True,41.34731559996726,0.20774000004166737,1.4681303999968804,18.466346200031694,0.4188633000012487,1.4011095000314526,18.650761700002477,0.40656650002347305,20.353339900029823,20.458437700057402,40.811777600087225,0.2199080999707803,0.0
20260713T205118612257Z_C5_SecFlowOps_full_gamma_vulnerable_dependency_r2,full_protocol_20260713_rigorous,C5_SecFlowOps,full_gamma_vulnerable_dependency,small,controlled_full_protocol,python,8,,2,True,41.83482499996899,0.18309529998805374,1.451657300000079,18.420029400032945,0.4745677000028081,1.50036689999979,18.92265010002302,0.44379200000548735,20.346254400035832,20.866809000028297,41.21306340006413,0.21636950003448874,0.10494779999135062
20260713T205200497737Z_C0_BuildOnly_full_gamma_fake_secret_r2,full_protocol_20260713_rigorous,C0_BuildOnly,full_gamma_fake_secret,small,controlled_full_protocol,python,8,,2,True,0.2295149000128731,0.22534269996685907,0.0,0.0,0.0,0.0,0.0,0.0,0.0,0.0,0.0,0.0,0.0
20260713T205200787840Z_C1_NonBlockingScanning_full_gamma_fake_secret_r2,full_protocol_20260713_rigorous,C1_NonBlockingScanning,full_gamma_fake_secret,small,controlled_full_protocol,python,8,,2,True,20.36356829997385,0.2346176999853924,1.4716000000480562,18.151241499988828,0.446999300038442,0.0,0.0,0.0,20.069840800075326,0.0,20.069840800075326,0.0,0.0
20260713T205221211931Z_C2_AutoScanning_full_gamma_fake_secret_r2,full_protocol_20260713_rigorous,C2_AutoScanning,full_gamma_fake_secret,small,controlled_full_protocol,python,8,,2,True,20.469472900032997,0.20285579998744652,1.4689802999491803,18.31550620001508,0.42968080000719056,0.0,0.0,0.0,20.21416729997145,0.0,20.21416729997145,0.0,0.0
20260713T205241732522Z_C3_PolicyOnly_full_gamma_fake_secret_r2,full_protocol_20260713_rigorous,C3_PolicyOnly,full_gamma_fake_secret,small,controlled_full_protocol,python,8,,2,False,20.53751380002359,0.29520479997154325,1.3767935000360012,18.27751129999524,0.4193898999947123,0.0,0.0,0.0,20.073694700025953,0.0,20.073694700025953,0.0,0.10366019996581599
20260713T205302322149Z_C4_AgentsOnly_full_gamma_fake_secret_r2,full_protocol_20260713_rigorous,C4_AgentsOnly,full_gamma_fake_secret,small,controlled_full_protocol,python,8,,2,True,41.785046500037424,0.22864410001784563,1.4131032999721356,18.7648601999972,0.5026592999929562,1.675820800010115,18.362951199989766,0.4645441999891773,20.680622799962293,20.503316199989058,41.18393899995135,0.2546010999940336,0.0
20260713T205344171736Z_C5_SecFlowOps_full_gamma_fake_secret_r2,full_protocol_20260713_rigorous,C5_SecFlowOps,full_gamma_fake_secret,small,controlled_full_protocol,python,8,,2,True,40.58056450000731,0.21884489996591583,1.58759980002651,18.031646300049033,0.47523120004916564,1.3603975999867544,17.77931539999554,0.4824288999661803,20.09447730012471,19.622141899948474,39.71661920007318,0.33431790000759065,0.17092359997332096
20260713T205424805643Z_C0_BuildOnly_full_gamma_sast_reflected_xss_r2,full_protocol_20260713_rigorous,C0_BuildOnly,full_gamma_sast_reflected_xss,small,controlled_full_protocol,python,8,,2,True,0.21948400000110269,0.21665349998511374,0.0,0.0,0.0,0.0,0.0,0.0,0.0,0.0,0.0,0.0,0.0
20260713T205425106613Z_C1_NonBlockingScanning_full_gamma_sast_reflected_xss_r2,full_protocol_20260713_rigorous,C1_NonBlockingScanning,full_gamma_sast_reflected_xss,small,controlled_full_protocol,python,8,,2,True,20.271126099978574,0.21211389999371022,1.5224829000071622,18.064179700042587,0.42065360001288354,0.0,0.0,0.0,20.007316200062633,0.0,20.007316200062633,0.0,0.0
20260713T205445428447Z_C2_AutoScanning_full_gamma_sast_reflected_xss_r2,full_protocol_20260713_rigorous,C2_AutoScanning,full_gamma_sast_reflected_xss,small,controlled_full_protocol,python,8,,2,True,20.337607800029218,0.22164559998782352,1.47866859997157,18.093174399982672,0.48562790005235,0.0,0.0,0.0,20.057470900006592,0.0,20.057470900006592,0.0,0.0
20260713T205505819883Z_C3_PolicyOnly_full_gamma_sast_reflected_xss_r2,full_protocol_20260713_rigorous,C3_PolicyOnly,full_gamma_sast_reflected_xss,small,controlled_full_protocol,python,8,,2,True,21.64402790000895,0.24822229996789247,1.7190482000005431,18.918643300014082,0.5590618000132963,0.0,0.0,0.0,21.196753300027922,0.0,21.196753300027922,0.0,0.11847009998746216
20260713T205527529010Z_C4_AgentsOnly_full_gamma_sast_reflected_xss_r2,full_protocol_20260713_rigorous,C4_AgentsOnly,full_gamma_sast_reflected_xss,small,controlled_full_protocol,python,8,,2,True,42.50463649997255,0.22898730001179501,1.5330572000239044,18.661821999994572,0.43614060000982136,1.421820799994748,19.276064200035762,0.6005843000020832,20.631019800028298,21.298469300032593,41.92948910006089,0.23920599999837577,0.0
20260713T205610097823Z_C5_SecFlowOps_full_gamma_sast_reflected_xss_r2,full_protocol_20260713_rigorous,C5_SecFlowOps,full_gamma_sast_reflected_xss,small,controlled_full_protocol,python,8,,2,True,48.93900929996744,0.20566190005047247,1.4558289000415243,19.313518800016027,0.43140579998726025,1.5211273999884725,24.95350060000783,0.5812068000086583,21.20075350004481,27.05583480000496,48.25658830004977,0.23435939999762923,0.11229720001574606
20260713T205659092525Z_C0_BuildOnly_full_gamma_sast_sql_injection_r2,full_protocol_20260713_rigorous,C0_BuildOnly,full_gamma_sast_sql_injection,small,controlled_full_protocol,python,8,,2,True,0.3503615999943577,0.34681000001728535,0.0,0.0,0.0,0.0,0.0,0.0,0.0,0.0,0.0,0.0,0.0
20260713T205659515274Z_C1_NonBlockingScanning_full_gamma_sast_sql_injection_r2,full_protocol_20260713_rigorous,C1_NonBlockingScanning,full_gamma_sast_sql_injection,small,controlled_full_protocol,python,8,,2,True,22.93895350000821,0.22034659999189898,1.6336447999929078,20.545968000020366,0.48505000001750886,0.0,0.0,0.0,22.664662800030783,0.0,22.664662800030783,0.0,0.0
20260713T205722520073Z_C2_AutoScanning_full_gamma_sast_sql_injection_r2,full_protocol_20260713_rigorous,C2_AutoScanning,full_gamma_sast_sql_injection,small,controlled_full_protocol,python,8,,2,True,22.99268419999862,0.25715009996201843,1.5472204000107013,20.000720399955753,1.1058004000224173,0.0,0.0,0.0,22.653741199988872,0.0,22.653741199988872,0.0,0.0
20260713T205745568481Z_C3_PolicyOnly_full_gamma_sast_sql_injection_r2,full_protocol_20260713_rigorous,C3_PolicyOnly,full_gamma_sast_sql_injection,small,controlled_full_protocol,python,8,,2,True,26.62278559996048,0.3789849000168033,2.885962899948936,22.74588699999731,0.4234913000254892,0.0,0.0,0.0,26.055341199971735,0.0,26.055341199971735,0.0,0.11321470001712441
20260713T205812273749Z_C4_AgentsOnly_full_gamma_sast_sql_injection_r2,full_protocol_20260713_rigorous,C4_AgentsOnly,full_gamma_sast_sql_injection,small,controlled_full_protocol,python,8,,2,True,43.5042814000044,0.22242780000669882,1.4207761999568902,18.709112200012896,0.457508500025142,1.7015264999936335,20.169234399974812,0.49315009999554604,20.58739689999493,22.36391099996399,42.95130789995892,0.2228465999942273,0.0
20260713T205855847188Z_C5_SecFlowOps_full_gamma_sast_sql_injection_r2,full_protocol_20260713_rigorous,C5_SecFlowOps,full_gamma_sast_sql_injection,small,controlled_full_protocol,python,8,,2,True,42.11704820004525,0.2780662999721244,1.7077516000135802,18.632669600017834,0.48279209999600425,1.4703016999992542,18.647634399996605,0.440687499998603,20.82321330002742,20.558623599994462,41.38183690002188,0.23773190000792965,0.10266760003287345
20260713T205938024758Z_C0_BuildOnly_full_gamma_docker_misconfiguration_r2,full_protocol_20260713_rigorous,C0_BuildOnly,full_gamma_docker_misconfiguration,small,controlled_full_protocol,python,8,,2,True,0.230091999983415,0.22696049994556233,0.0,0.0,0.0,0.0,0.0,0.0,0.0,0.0,0.0,0.0,0.0
20260713T205938307168Z_C1_NonBlockingScanning_full_gamma_docker_misconfiguration_r2,full_protocol_20260713_rigorous,C1_NonBlockingScanning,full_gamma_docker_misconfiguration,small,controlled_full_protocol,python,8,,2,True,21.03683729999466,0.2033936000079848,1.3978743000188842,18.96056119998684,0.4211498000076972,0.0,0.0,0.0,20.779585300013423,0.0,20.779585300013423,0.0,0.0
20260713T205959402894Z_C2_AutoScanning_full_gamma_docker_misconfiguration_r2,full_protocol_20260713_rigorous,C2_AutoScanning,full_gamma_docker_misconfiguration,small,controlled_full_protocol,python,8,,2,True,23.913372500042897,0.19591110001783818,1.51963610004168,21.396796100016218,0.7317690000054426,0.0,0.0,0.0,23.64820120006334,0.0,23.64820120006334,0.0,0.0
20260713T210023367925Z_C3_PolicyOnly_full_gamma_docker_misconfiguration_r2,full_protocol_20260713_rigorous,C3_PolicyOnly,full_gamma_docker_misconfiguration,small,controlled_full_protocol,python,8,,2,True,23.592314000008628,0.3111213999800384,2.3630641999770887,20.229331200011075,0.5196789000183344,0.0,0.0,0.0,23.112074300006498,0.0,23.112074300006498,0.0,0.09831829997710884
20260713T210047021592Z_C4_AgentsOnly_full_gamma_docker_misconfiguration_r2,full_protocol_20260713_rigorous,C4_AgentsOnly,full_gamma_docker_misconfiguration,small,controlled_full_protocol,python,8,,2,True,44.478486600040924,0.3408359999884851,1.4607814000337385,20.17330760002369,0.6218604000168853,1.4532072999863885,19.506190599990077,0.498931200010702,22.255949400074314,21.458329099987168,43.71427850006148,0.29182300000684336,0.0
20260713T210131556062Z_C5_SecFlowOps_full_gamma_docker_misconfiguration_r2,full_protocol_20260713_rigorous,C5_SecFlowOps,full_gamma_docker_misconfiguration,small,controlled_full_protocol,python,8,,2,True,42.843071100011,0.2073238999582827,1.4339022999629378,19.996802899986506,0.41358429996762425,1.5933849000139162,18.341640700004064,0.41295859997626394,21.844289499917068,20.347984199994244,42.19227369991131,0.22017550002783537,0.10328589996788651
20260713T210214452486Z_C0_BuildOnly_full_gamma_k8s_misconfiguration_r2,full_protocol_20260713_rigorous,C0_BuildOnly,full_gamma_k8s_misconfiguration,small,controlled_full_protocol,python,8,,2,True,0.20418770000105724,0.20017789996927604,0.0,0.0,0.0,0.0,0.0,0.0,0.0,0.0,0.0,0.0,0.0
20260713T210214717245Z_C1_NonBlockingScanning_full_gamma_k8s_misconfiguration_r2,full_protocol_20260713_rigorous,C1_NonBlockingScanning,full_gamma_k8s_misconfiguration,small,controlled_full_protocol,python,8,,2,True,20.60360169998603,0.3476609999779612,1.474934800004121,18.064633500005584,0.6582115999772213,0.0,0.0,0.0,20.197779899986926,0.0,20.197779899986926,0.0,0.0
20260713T210235382527Z_C2_AutoScanning_full_gamma_k8s_misconfiguration_r2,full_protocol_20260713_rigorous,C2_AutoScanning,full_gamma_k8s_misconfiguration,small,controlled_full_protocol,python,8,,2,True,20.248421100026462,0.22242110001388937,1.492434800020419,18.03971039998578,0.42559789994265884,0.0,0.0,0.0,19.957743099948857,0.0,19.957743099948857,0.0,0.0
20260713T210255683521Z_C3_PolicyOnly_full_gamma_k8s_misconfiguration_r2,full_protocol_20260713_rigorous,C3_PolicyOnly,full_gamma_k8s_misconfiguration,small,controlled_full_protocol,python,8,,2,True,20.4990100999712,0.1891613999614492,1.4770164000219665,18.246028000023216,0.4322076000389643,0.0,0.0,0.0,20.155252000084147,0.0,20.155252000084147,0.0,0.09244249999755993
20260713T210316234591Z_C4_AgentsOnly_full_gamma_k8s_misconfiguration_r2,full_protocol_20260713_rigorous,C4_AgentsOnly,full_gamma_k8s_misconfiguration,small,controlled_full_protocol,python,8,,2,True,42.19452939997427,0.20156479999423027,1.6842580999946222,18.384275300020818,0.4437338000279851,1.4016648000106215,19.21835189999547,0.46831859997473657,20.512267200043425,21.088335299980827,41.60060250002425,0.2802674000267871,0.0
20260713T210358482066Z_C5_SecFlowOps_full_gamma_k8s_misconfiguration_r2,full_protocol_20260713_rigorous,C5_SecFlowOps,full_gamma_k8s_misconfiguration,small,controlled_full_protocol,python,8,,2,True,42.3968219999806,0.20369230001233518,1.5063587999902666,18.503021300013643,0.43409140000585467,1.5216650000074878,19.386503100045957,0.3991443000268191,20.443471500009764,21.307312400080264,41.75078390009003,0.2183107000309974,0.11086860002251342
20260713T210440930295Z_C0_BuildOnly_full_gamma_multi_layer_r2,full_protocol_20260713_rigorous,C0_BuildOnly,full_gamma_multi_layer,small,controlled_full_protocol,python,8,,2,True,0.21406969998497516,0.21100470004603267,0.0,0.0,0.0,0.0,0.0,0.0,0.0,0.0,0.0,0.0,0.0
20260713T210441195594Z_C1_NonBlockingScanning_full_gamma_multi_layer_r2,full_protocol_20260713_rigorous,C1_NonBlockingScanning,full_gamma_multi_layer,small,controlled_full_protocol,python,8,,2,True,20.695127499988303,0.21144889999413863,1.5608214000239968,18.362667399982456,0.49291179998544976,0.0,0.0,0.0,20.416400599991903,0.0,20.416400599991903,0.0,0.0
20260713T210501956021Z_C2_AutoScanning_full_gamma_multi_layer_r2,full_protocol_20260713_rigorous,C2_AutoScanning,full_gamma_multi_layer,small,controlled_full_protocol,python,8,,2,True,20.705835100030527,0.2657741000293754,1.6198258000076748,18.310680499998853,0.4508835999877192,0.0,0.0,0.0,20.381389899994247,0.0,20.381389899994247,0.0,0.0
20260713T210522736200Z_C3_PolicyOnly_full_gamma_multi_layer_r2,full_protocol_20260713_rigorous,C3_PolicyOnly,full_gamma_multi_layer,small,controlled_full_protocol,python,8,,2,False,20.04423429997405,0.2211908000172116,1.3384616000112146,17.899910999985877,0.42877570004202425,0.0,0.0,0.0,19.667148300039116,0.0,19.667148300039116,0.0,0.0896288999938406
20260713T210542832405Z_C4_AgentsOnly_full_gamma_multi_layer_r2,full_protocol_20260713_rigorous,C4_AgentsOnly,full_gamma_multi_layer,small,controlled_full_protocol,python,8,,2,True,40.16292879998218,0.20422350004082546,1.4027497999486513,18.052609500009567,0.44302910001715645,1.4040717999450862,17.887857099995017,0.42256320000160486,19.898388399975374,19.714492099941708,39.61288049991708,0.23556050000479445,0.0
20260713T210623043190Z_C5_SecFlowOps_full_gamma_multi_layer_r2,full_protocol_20260713_rigorous,C5_SecFlowOps,full_gamma_multi_layer,small,controlled_full_protocol,python,8,,2,True,40.87916050001513,0.1927817999967374,1.3859910999890417,18.10544499999378,0.44396589999087155,1.3953517000190914,18.367809400020633,0.530093899986241,19.935401999973692,20.293255000025965,40.22865699999966,0.21811929997056723,0.1158533999696374
20260713T210703991186Z_C0_BuildOnly_full_alpha_clean_r3,full_protocol_20260713_rigorous,C0_BuildOnly,full_alpha_clean,small,controlled_full_protocol,python,8,,3,True,0.22519450000254437,0.22238819999620318,0.0,0.0,0.0,0.0,0.0,0.0,0.0,0.0,0.0,0.0,0.0
20260713T210704277588Z_C1_NonBlockingScanning_full_alpha_clean_r3,full_protocol_20260713_rigorous,C1_NonBlockingScanning,full_alpha_clean,small,controlled_full_protocol,python,8,,3,True,20.373417299997527,0.17734339996241033,1.6238208000431769,18.10201719996985,0.41560859995661303,0.0,0.0,0.0,20.14144659996964,0.0,20.14144659996964,0.0,0.0
20260713T210724703880Z_C2_AutoScanning_full_alpha_clean_r3,full_protocol_20260713_rigorous,C2_AutoScanning,full_alpha_clean,small,controlled_full_protocol,python,8,,3,True,20.736962100025266,0.20381129998713732,1.5956015000119805,18.279542599979322,0.6016468000016175,0.0,0.0,0.0,20.47679089999292,0.0,20.47679089999292,0.0,0.0
20260713T210745499323Z_C3_PolicyOnly_full_alpha_clean_r3,full_protocol_20260713_rigorous,C3_PolicyOnly,full_alpha_clean,small,controlled_full_protocol,python,8,,3,True,20.96113269997295,0.20368680002866313,1.4696634000283666,18.67527470004279,0.45072379999328405,0.0,0.0,0.0,20.595661900064442,0.0,20.595661900064442,0.0,0.09600560000399128
20260713T210806510712Z_C4_AgentsOnly_full_alpha_clean_r3,full_protocol_20260713_rigorous,C4_AgentsOnly,full_alpha_clean,small,controlled_full_protocol,python,8,,3,True,42.99921780003933,0.2160633999737911,1.489289099990856,18.589314400043804,0.42031580000184476,1.4246148000238463,19.998839600011706,0.48320249997777864,20.498919300036505,21.90665690001333,42.405576200049836,0.2617123000090942,0.0
20260713T210849563110Z_C5_SecFlowOps_full_alpha_clean_r3,full_protocol_20260713_rigorous,C5_SecFlowOps,full_alpha_clean,small,controlled_full_protocol,python,8,,3,True,42.19608959998004,0.19645569997373968,1.3871680999873206,18.471180199994706,0.4339890999835916,1.4327040000353009,19.362851099984255,0.4649776000296697,20.292337399965618,21.260532700049225,41.55287010001484,0.21213559998432174,0.11542789998929948
20260713T210931809822Z_C0_BuildOnly_full_alpha_vulnerable_dependency_r3,full_protocol_20260713_rigorous,C0_BuildOnly,full_alpha_vulnerable_dependency,small,controlled_full_protocol,python,8,,3,True,0.20373120001750067,0.200076800014358,0.0,0.0,0.0,0.0,0.0,0.0,0.0,0.0,0.0,0.0,0.0
20260713T210932063225Z_C1_NonBlockingScanning_full_alpha_vulnerable_dependency_r3,full_protocol_20260713_rigorous,C1_NonBlockingScanning,full_alpha_vulnerable_dependency,small,controlled_full_protocol,python,8,,3,True,22.079989799996838,0.20656260004034266,1.4346841999795288,19.8727985000005,0.5020654000109062,0.0,0.0,0.0,21.809548099990934,0.0,21.809548099990934,0.0,0.0
20260713T210954193978Z_C2_AutoScanning_full_alpha_vulnerable_dependency_r3,full_protocol_20260713_rigorous,C2_AutoScanning,full_alpha_vulnerable_dependency,small,controlled_full_protocol,python,8,,3,True,22.8876432000543,0.20768920000409707,2.1010053000063635,19.96517549996497,0.5455651000374928,0.0,0.0,0.0,22.611745900008827,0.0,22.611745900008827,0.0,0.0
20260713T211017142549Z_C3_PolicyOnly_full_alpha_vulnerable_dependency_r3,full_protocol_20260713_rigorous,C3_PolicyOnly,full_alpha_vulnerable_dependency,small,controlled_full_protocol,python,8,,3,False,21.95647299999837,0.23925789998611435,1.5506713999784552,19.528407200006768,0.42390039999736473,0.0,0.0,0.0,21.502978999982588,0.0,21.502978999982588,0.0,0.1147439000196755
20260713T211039155962Z_C4_AgentsOnly_full_alpha_vulnerable_dependency_r3,full_protocol_20260713_rigorous,C4_AgentsOnly,full_alpha_vulnerable_dependency,small,controlled_full_protocol,python,8,,3,True,44.34859429998323,0.22051650000503287,1.4639664000133052,18.699220300011802,0.48976890003541484,1.4147842000238597,21.264061200025026,0.4437570000300184,20.652955600060523,23.122602400078904,43.775558000139426,0.23249139997642487,0.0
20260713T211123569242Z_C5_SecFlowOps_full_alpha_vulnerable_dependency_r3,full_protocol_20260713_rigorous,C5_SecFlowOps,full_alpha_vulnerable_dependency,small,controlled_full_protocol,python,8,,3,True,43.157476100022905,0.26793459994951263,1.8615901000448503,18.799138300004415,0.43954089999897406,1.6237981000449508,19.063545399985742,0.4543454999802634,21.10026930004824,21.141689000010956,42.241958300059196,0.40521969995461404,0.10276139999041334
20260713T211206792647Z_C0_BuildOnly_full_alpha_fake_secret_r3,full_protocol_20260713_rigorous,C0_BuildOnly,full_alpha_fake_secret,small,controlled_full_protocol,python,8,,3,True,0.20560240000486374,0.20214169996324927,0.0,0.0,0.0,0.0,0.0,0.0,0.0,0.0,0.0,0.0,0.0
20260713T211207052530Z_C1_NonBlockingScanning_full_alpha_fake_secret_r3,full_protocol_20260713_rigorous,C1_NonBlockingScanning,full_alpha_fake_secret,small,controlled_full_protocol,python,8,,3,True,21.224158800032455,0.2504884999943897,1.6488540000282228,18.836222400015686,0.43408689997158945,0.0,0.0,0.0,20.919163300015498,0.0,20.919163300015498,0.0,0.0
20260713T211228331813Z_C2_AutoScanning_full_alpha_fake_secret_r3,full_protocol_20260713_rigorous,C2_AutoScanning,full_alpha_fake_secret,small,controlled_full_protocol,python,8,,3,True,21.240816799981985,0.20138159999623895,1.425136600038968,19.13489089999348,0.4256485999794677,0.0,0.0,0.0,20.985676100011915,0.0,20.985676100011915,0.0,0.0
20260713T211249624478Z_C3_PolicyOnly_full_alpha_fake_secret_r3,full_protocol_20260713_rigorous,C3_PolicyOnly,full_alpha_fake_secret,small,controlled_full_protocol,python,8,,3,False,24.90897779999068,0.2003283000085503,1.6946153999888338,22.30459549999796,0.5095835000392981,0.0,0.0,0.0,24.50879440002609,0.0,24.50879440002609,0.0,0.1266380000161007
20260713T211314593607Z_C4_AgentsOnly_full_alpha_fake_secret_r3,full_protocol_20260713_rigorous,C4_AgentsOnly,full_alpha_fake_secret,small,controlled_full_protocol,python,8,,3,True,44.221491800039075,0.30562379996990785,1.731166600016877,19.30523539998103,0.5374287000158802,1.5613824999891222,19.97029319999274,0.43337500002235174,21.573830700013787,21.965050700004213,43.538881400018,0.2597412999602966,0.0
20260713T211358884354Z_C5_SecFlowOps_full_alpha_fake_secret_r3,full_protocol_20260713_rigorous,C5_SecFlowOps,full_alpha_fake_secret,small,controlled_full_protocol,python,8,,3,True,45.0247526000021,0.20682690001558512,1.510635300015565,19.638581300037913,0.4754127999767661,1.497869200014975,20.72893630003091,0.4975111000239849,21.624629400030244,22.72431660006987,44.34894600010011,0.2411514999694191,0.11260770005173981
20260713T211443961316Z_C0_BuildOnly_full_alpha_sast_reflected_xss_r3,full_protocol_20260713_rigorous,C0_BuildOnly,full_alpha_sast_reflected_xss,small,controlled_full_protocol,python,8,,3,True,0.2762238000286743,0.2728713999968022,0.0,0.0,0.0,0.0,0.0,0.0,0.0,0.0,0.0,0.0,0.0
20260713T211444303820Z_C1_NonBlockingScanning_full_alpha_sast_reflected_xss_r3,full_protocol_20260713_rigorous,C1_NonBlockingScanning,full_alpha_sast_reflected_xss,small,controlled_full_protocol,python,8,,3,True,24.206622400030028,0.2074119999888353,1.8844788000569679,21.558073099993635,0.49971639999421313,0.0,0.0,0.0,23.942268300044816,0.0,23.942268300044816,0.0,0.0
20260713T211508574718Z_C2_AutoScanning_full_alpha_sast_reflected_xss_r3,full_protocol_20260713_rigorous,C2_AutoScanning,full_alpha_sast_reflected_xss,small,controlled_full_protocol,python,8,,3,True,22.34888730000239,0.27876760001527146,1.9090132000274025,19.607951100042555,0.4928303000051528,0.0,0.0,0.0,22.00979460007511,0.0,22.00979460007511,0.0,0.0
20260713T211530979171Z_C3_PolicyOnly_full_alpha_sast_reflected_xss_r3,full_protocol_20260713_rigorous,C3_PolicyOnly,full_alpha_sast_reflected_xss,small,controlled_full_protocol,python,8,,3,True,22.637976800033357,0.20310280000558123,1.5493901000008918,20.305847500043456,0.41909719997784123,0.0,0.0,0.0,22.27433480002219,0.0,22.27433480002219,0.0,0.10079029999906197
20260713T211553671724Z_C4_AgentsOnly_full_alpha_sast_reflected_xss_r3,full_protocol_20260713_rigorous,C4_AgentsOnly,full_alpha_sast_reflected_xss,small,controlled_full_protocol,python,8,,3,True,43.679765499953646,0.2532052000169642,1.8392558000050485,19.338310299965087,0.6114218999864534,1.4339422999764793,19.363082900003064,0.43983600003411993,21.78898799995659,21.236861200013664,43.02584919997025,0.2811492999899201,0.0
20260713T211637411499Z_C5_SecFlowOps_full_alpha_sast_reflected_xss_r3,full_protocol_20260713_rigorous,C5_SecFlowOps,full_alpha_sast_reflected_xss,small,controlled_full_protocol,python,8,,3,True,46.120109700015746,0.22623819997534156,1.8411190999904647,19.384615799994208,0.4617623999947682,1.4656918999971822,21.670140300004277,0.5853262000018731,21.68749729997944,23.721158400003333,45.40865569998277,0.23146229999838397,0.11950279999291524
20260713T211723589221Z_C0_BuildOnly_full_alpha_sast_sql_injection_r3,full_protocol_20260713_rigorous,C0_BuildOnly,full_alpha_sast_sql_injection,small,controlled_full_protocol,python,8,,3,True,0.23767220001900569,0.232456199999433,0.0,0.0,0.0,0.0,0.0,0.0,0.0,0.0,0.0,0.0,0.0
20260713T211723888448Z_C1_NonBlockingScanning_full_alpha_sast_sql_injection_r3,full_protocol_20260713_rigorous,C1_NonBlockingScanning,full_alpha_sast_sql_injection,small,controlled_full_protocol,python,8,,3,True,27.855044200026896,0.22814249998191372,2.1229474000283517,24.96551750000799,0.4776187000097707,0.0,0.0,0.0,27.566083600046113,0.0,27.566083600046113,0.0,0.0
20260713T211751814831Z_C2_AutoScanning_full_alpha_sast_sql_injection_r3,full_protocol_20260713_rigorous,C2_AutoScanning,full_alpha_sast_sql_injection,small,controlled_full_protocol,python,8,,3,True,23.274468199990224,0.24272610002662987,1.827080000017304,20.619624899991322,0.522953600040637,0.0,0.0,0.0,22.969658500049263,0.0,22.969658500049263,0.0,0.0
20260713T211815147460Z_C3_PolicyOnly_full_alpha_sast_sql_injection_r3,full_protocol_20260713_rigorous,C3_PolicyOnly,full_alpha_sast_sql_injection,small,controlled_full_protocol,python,8,,3,True,22.954257800010964,0.22386680002091452,1.7970798999886028,20.292332699988037,0.47254919999977574,0.0,0.0,0.0,22.561961799976416,0.0,22.561961799976416,0.0,0.10326380003243685
20260713T211838162642Z_C4_AgentsOnly_full_alpha_sast_sql_injection_r3,full_protocol_20260713_rigorous,C4_AgentsOnly,full_alpha_sast_sql_injection,small,controlled_full_protocol,python,8,,3,True,44.98774630000116,0.2149092999752611,1.5027557000285015,20.718856999999844,0.8208777999971062,1.656781600031536,19.166003000049386,0.4449138999916613,23.04249050002545,21.267698500072584,44.310189000098035,0.32192670000949875,0.0
20260713T211923206545Z_C5_SecFlowOps_full_alpha_sast_sql_injection_r3,full_protocol_20260713_rigorous,C5_SecFlowOps,full_alpha_sast_sql_injection,small,controlled_full_protocol,python,8,,3,True,45.20423099998152,0.19372219999786466,1.5750172999687493,21.083510799973737,0.4968193999957293,1.6481533999904059,19.20521290000761,0.4989466000115499,23.155347499938216,21.352312900009565,44.50766039994778,0.2818356000352651,0.09857520001241937
20260713T212008466874Z_C0_BuildOnly_full_alpha_docker_misconfiguration_r3,full_protocol_20260713_rigorous,C0_BuildOnly,full_alpha_docker_misconfiguration,small,controlled_full_protocol,python,8,,3,True,0.19533150002826005,0.19193380000069737,0.0,0.0,0.0,0.0,0.0,0.0,0.0,0.0,0.0,0.0,0.0
20260713T212008721020Z_C1_NonBlockingScanning_full_alpha_docker_misconfiguration_r3,full_protocol_20260713_rigorous,C1_NonBlockingScanning,full_alpha_docker_misconfiguration,small,controlled_full_protocol,python,8,,3,True,23.874617299996316,0.2166346999583766,1.5477444999851286,21.45507500000531,0.5858428000356071,0.0,0.0,0.0,23.588662300026044,0.0,23.588662300026044,0.0,0.0
20260713T212032648030Z_C2_AutoScanning_full_alpha_docker_misconfiguration_r3,full_protocol_20260713_rigorous,C2_AutoScanning,full_alpha_docker_misconfiguration,small,controlled_full_protocol,python,8,,3,True,23.859311799984425,0.24288780003553256,1.5464463999960572,21.575504300009925,0.43193870002869517,0.0,0.0,0.0,23.553889400034677,0.0,23.553889400034677,0.0,0.0
20260713T212056577225Z_C3_PolicyOnly_full_alpha_docker_misconfiguration_r3,full_protocol_20260713_rigorous,C3_PolicyOnly,full_alpha_docker_misconfiguration,small,controlled_full_protocol,python,8,,3,True,21.622570600011386,0.21335940004792064,1.498362599988468,18.891005899989977,0.7861596000147983,0.0,0.0,0.0,21.175528099993244,0.0,21.175528099993244,0.0,0.1407603999832645
20260713T212118252765Z_C4_AgentsOnly_full_alpha_docker_misconfiguration_r3,full_protocol_20260713_rigorous,C4_AgentsOnly,full_alpha_docker_misconfiguration,small,controlled_full_protocol,python,8,,3,True,48.564592999988236,0.2103600999689661,1.435466399998404,18.817781799996737,0.40740219998406246,2.2847344999900088,24.482348399993498,0.5414970000274479,20.660650399979204,27.308579900010955,47.96923029999016,0.25896130001638085,0.0
20260713T212206897004Z_C5_SecFlowOps_full_alpha_docker_misconfiguration_r3,full_protocol_20260713_rigorous,C5_SecFlowOps,full_alpha_docker_misconfiguration,small,controlled_full_protocol,python,8,,3,True,42.796196100011,0.2673528000013903,1.712508800032083,19.61037300003227,0.4280815999954939,1.36870920000365,18.562137599976268,0.4219164999667555,21.750963400059845,20.352763299946673,42.10372670000652,0.2009906000457704,0.10988010000437498
20260713T212249750120Z_C0_BuildOnly_full_alpha_k8s_misconfiguration_r3,full_protocol_20260713_rigorous,C0_BuildOnly,full_alpha_k8s_misconfiguration,small,controlled_full_protocol,python,8,,3,True,0.1894804000039585,0.1861536999931559,0.0,0.0,0.0,0.0,0.0,0.0,0.0,0.0,0.0,0.0,0.0
20260713T212250006270Z_C1_NonBlockingScanning_full_alpha_k8s_misconfiguration_r3,full_protocol_20260713_rigorous,C1_NonBlockingScanning,full_alpha_k8s_misconfiguration,small,controlled_full_protocol,python,8,,3,True,25.10349770000903,0.2581806999514811,2.4014760999707505,21.92629269999452,0.4565906999632716,0.0,0.0,0.0,24.78435949992854,0.0,24.78435949992854,0.0,0.0
20260713T212315170700Z_C2_AutoScanning_full_alpha_k8s_misconfiguration_r3,full_protocol_20260713_rigorous,C2_AutoScanning,full_alpha_k8s_misconfiguration,small,controlled_full_protocol,python,8,,3,True,22.306212500028778,0.19114969996735454,1.6518143999855965,19.928744299977552,0.48088219994679093,0.0,0.0,0.0,22.06144089990994,0.0,22.06144089990994,0.0,0.0
20260713T212337532598Z_C3_PolicyOnly_full_alpha_k8s_misconfiguration_r3,full_protocol_20260713_rigorous,C3_PolicyOnly,full_alpha_k8s_misconfiguration,small,controlled_full_protocol,python,8,,3,True,24.292324000038207,0.21340950002195314,1.5096429999684915,22.001090900041163,0.4049679000163451,0.0,0.0,0.0,23.915701800026,0.0,23.915701800026,0.0,0.10142540000379086
20260713T212401890397Z_C4_AgentsOnly_full_alpha_k8s_misconfiguration_r3,full_protocol_20260713_rigorous,C4_AgentsOnly,full_alpha_k8s_misconfiguration,small,controlled_full_protocol,python,8,,3,True,45.80281959997956,0.20947520004119724,1.627000099979341,20.00174799998058,0.43113509996328503,1.6127758999937214,21.152137199998833,0.437260199978482,22.059883199923206,23.202173299971037,45.26205649989424,0.21078740002121776,0.0
20260713T212447744911Z_C5_SecFlowOps_full_alpha_k8s_misconfiguration_r3,full_protocol_20260713_rigorous,C5_SecFlowOps,full_alpha_k8s_misconfiguration,small,controlled_full_protocol,python,8,,3,True,49.213064400013536,0.21240979997674003,1.6188041000277735,18.898378200014122,0.4143424999783747,1.38061709998874,25.79639329999918,0.46570729999803007,20.93152480002027,27.64271769998595,48.57424250000622,0.2014179999823682,0.10044780001044273
20260713T212537008680Z_C0_BuildOnly_full_alpha_multi_layer_r3,full_protocol_20260713_rigorous,C0_BuildOnly,full_alpha_multi_layer,small,controlled_full_protocol,python,8,,3,True,0.2265449999831617,0.22313539998140186,0.0,0.0,0.0,0.0,0.0,0.0,0.0,0.0,0.0,0.0,0.0
20260713T212537290488Z_C1_NonBlockingScanning_full_alpha_multi_layer_r3,full_protocol_20260713_rigorous,C1_NonBlockingScanning,full_alpha_multi_layer,small,controlled_full_protocol,python,8,,3,True,21.304835300019477,0.21399489999748766,1.615572799986694,18.889812599983998,0.5265481000533327,0.0,0.0,0.0,21.031933500024024,0.0,21.031933500024024,0.0,0.0
20260713T212558646040Z_C2_AutoScanning_full_alpha_multi_layer_r3,full_protocol_20260713_rigorous,C2_AutoScanning,full_alpha_multi_layer,small,controlled_full_protocol,python,8,,3,True,22.541522399988025,0.2352210000390187,2.09396420000121,19.71192540001357,0.43197269999654964,0.0,0.0,0.0,22.23786230001133,0.0,22.23786230001133,0.0,0.0
20260713T212621244922Z_C3_PolicyOnly_full_alpha_multi_layer_r3,full_protocol_20260713_rigorous,C3_PolicyOnly,full_alpha_multi_layer,small,controlled_full_protocol,python,8,,3,False,23.125396099989302,0.18922100000781938,1.4669960999744944,20.848500599968247,0.4587120999931358,0.0,0.0,0.0,22.774208799935877,0.0,22.774208799935877,0.0,0.09291200002189726
20260713T212644428146Z_C4_AgentsOnly_full_alpha_multi_layer_r3,full_protocol_20260713_rigorous,C4_AgentsOnly,full_alpha_multi_layer,small,controlled_full_protocol,python,8,,3,True,44.63141140004154,0.19049700000323355,1.5325042000040412,21.119044599996414,0.5049528999952599,1.5310429999954067,18.9367290000082,0.4256081000203267,23.156501699995715,20.893380100023933,44.04988180001965,0.2677204999490641,0.0
20260713T212729116853Z_C5_SecFlowOps_full_alpha_multi_layer_r3,full_protocol_20260713_rigorous,C5_SecFlowOps,full_alpha_multi_layer,small,controlled_full_protocol,python,8,,3,True,46.90364460001001,0.20450769999297336,1.4709144000080414,22.595909100025892,0.6352786999777891,1.5721283000311814,19.454500899999402,0.41036500001791865,24.702102200011723,21.436994200048503,46.139096400060225,0.26385669998126104,0.15058549999957904
20260713T212816079141Z_C0_BuildOnly_full_beta_clean_r3,full_protocol_20260713_rigorous,C0_BuildOnly,full_beta_clean,small,controlled_full_protocol,python,8,,3,True,0.3933423000271432,0.3883847000543028,0.0,0.0,0.0,0.0,0.0,0.0,0.0,0.0,0.0,0.0,0.0
20260713T212816588799Z_C1_NonBlockingScanning_full_beta_clean_r3,full_protocol_20260713_rigorous,C1_NonBlockingScanning,full_beta_clean,small,controlled_full_protocol,python,8,,3,True,22.544817799993325,0.2118241999996826,1.442620399990119,20.365606000006665,0.46365950000472367,0.0,0.0,0.0,22.271885900001507,0.0,22.271885900001507,0.0,0.0
20260713T212839202153Z_C2_AutoScanning_full_beta_clean_r3,full_protocol_20260713_rigorous,C2_AutoScanning,full_beta_clean,small,controlled_full_protocol,python,8,,3,True,24.257050499960314,0.20548850001068786,1.4590392999816686,22.012093900004402,0.5236029999796301,0.0,0.0,0.0,23.9947361999657,0.0,23.9947361999657,0.0,0.0
20260713T212903513191Z_C3_PolicyOnly_full_beta_clean_r3,full_protocol_20260713_rigorous,C3_PolicyOnly,full_beta_clean,small,controlled_full_protocol,python,8,,3,True,22.84401209995849,0.24592630000552163,1.6198770999908447,20.16500130004715,0.5399636999936774,0.0,0.0,0.0,22.324842100031674,0.0,22.324842100031674,0.0,0.17986120004206896
20260713T212926425449Z_C4_AgentsOnly_full_beta_clean_r3,full_protocol_20260713_rigorous,C4_AgentsOnly,full_beta_clean,small,controlled_full_protocol,python,8,,3,True,49.058792700001504,0.21440949995303527,1.4907140000141226,20.76571490004426,0.4826205000281334,1.8723507999675348,23.38923159998376,0.49118940002517775,22.739049400086515,25.752771799976472,48.49182120006299,0.2383274000021629,0.0
20260713T213015554286Z_C5_SecFlowOps_full_beta_clean_r3,full_protocol_20260713_rigorous,C5_SecFlowOps,full_beta_clean,small,controlled_full_protocol,python,8,,3,True,44.05206159997033,0.2326949000125751,1.8189874000381678,19.822071600006893,0.44667749997461215,1.5251521000172943,18.223304900049698,0.4501367000048049,22.087736500019673,20.198593700071797,42.28633020009147,0.22236710001016036,1.1890536000137217
20260713T213059666064Z_C0_BuildOnly_full_beta_vulnerable_dependency_r3,full_protocol_20260713_rigorous,C0_BuildOnly,full_beta_vulnerable_dependency,small,controlled_full_protocol,python,8,,3,True,0.2063966999994591,0.20239109999965876,0.0,0.0,0.0,0.0,0.0,0.0,0.0,0.0,0.0,0.0,0.0
20260713T213059934053Z_C1_NonBlockingScanning_full_beta_vulnerable_dependency_r3,full_protocol_20260713_rigorous,C1_NonBlockingScanning,full_beta_vulnerable_dependency,small,controlled_full_protocol,python,8,,3,True,20.879880300024524,0.21213709999574348,1.3974318000255153,18.758473699970637,0.4468258999986574,0.0,0.0,0.0,20.60273139999481,0.0,20.60273139999481,0.0,0.0
20260713T213120875096Z_C2_AutoScanning_full_beta_vulnerable_dependency_r3,full_protocol_20260713_rigorous,C2_AutoScanning,full_beta_vulnerable_dependency,small,controlled_full_protocol,python,8,,3,True,21.844997800013516,0.1985560999601148,1.7060440999921411,19.446908699988853,0.43637870001839474,0.0,0.0,0.0,21.58933149999939,0.0,21.58933149999939,0.0,0.0
20260713T213142778057Z_C3_PolicyOnly_full_beta_vulnerable_dependency_r3,full_protocol_20260713_rigorous,C3_PolicyOnly,full_beta_vulnerable_dependency,small,controlled_full_protocol,python,8,,3,False,22.43420379998861,0.22618009999860078,1.5329197999672033,20.04107879998628,0.4680511000333354,0.0,0.0,0.0,22.04204969998682,0.0,22.04204969998682,0.0,0.09612270002253354
20260713T213205275103Z_C4_AgentsOnly_full_beta_vulnerable_dependency_r3,full_protocol_20260713_rigorous,C4_AgentsOnly,full_beta_vulnerable_dependency,small,controlled_full_protocol,python,8,,3,True,48.39644099998986,0.2207778999581933,1.8890344999963418,20.5581119999988,0.6012844999786466,1.5810515999910422,22.733345599961467,0.42590109998127446,23.04843099997379,24.740298299933784,47.78872929990757,0.26946609996957704,0.0
20260713T213253723560Z_C5_SecFlowOps_full_beta_vulnerable_dependency_r3,full_protocol_20260713_rigorous,C5_SecFlowOps,full_beta_vulnerable_dependency,small,controlled_full_protocol,python,8,,3,True,43.11351240001386,0.21806179999839514,1.5991947000147775,19.79975960002048,0.49151809996692464,1.6832674999604933,18.245412999996915,0.6368111000047065,21.89047240000218,20.565491599962115,42.4559639999643,0.20725159998983145,0.1083947999868542
20260713T213336891961Z_C0_BuildOnly_full_beta_fake_secret_r3,full_protocol_20260713_rigorous,C0_BuildOnly,full_beta_fake_secret,small,controlled_full_protocol,python,8,,3,True,0.20717969996621832,0.2037704000249505,0.0,0.0,0.0,0.0,0.0,0.0,0.0,0.0,0.0,0.0,0.0
20260713T213337157147Z_C1_NonBlockingScanning_full_beta_fake_secret_r3,full_protocol_20260713_rigorous,C1_NonBlockingScanning,full_beta_fake_secret,small,controlled_full_protocol,python,8,,3,True,22.105789499997627,0.22095320001244545,1.4841348999761976,19.80632350000087,0.5242336000083014,0.0,0.0,0.0,21.81469199998537,0.0,21.81469199998537,0.0,0.0
20260713T213359326026Z_C2_AutoScanning_full_beta_fake_secret_r3,full_protocol_20260713_rigorous,C2_AutoScanning,full_beta_fake_secret,small,controlled_full_protocol,python,8,,3,True,21.51203009998426,0.2383521000156179,1.6920641000033356,19.087323700019624,0.4389761000056751,0.0,0.0,0.0,21.218363900028635,0.0,21.218363900028635,0.0,0.0
20260713T213420896757Z_C3_PolicyOnly_full_beta_fake_secret_r3,full_protocol_20260713_rigorous,C3_PolicyOnly,full_beta_fake_secret,small,controlled_full_protocol,python,8,,3,False,21.949584499991033,0.2017106999992393,1.4114112999523059,19.717530499969143,0.4445290999719873,0.0,0.0,0.0,21.573470899893437,0.0,21.573470899893437,0.0,0.1089712999528274
20260713T213442905373Z_C4_AgentsOnly_full_beta_fake_secret_r3,full_protocol_20260713_rigorous,C4_AgentsOnly,full_beta_fake_secret,small,controlled_full_protocol,python,8,,3,True,54.39316050003981,0.19131869997363538,1.4740000000456348,27.139573200023733,1.1575251999893226,3.317512900044676,19.891044399992097,0.52951669995673,29.77109840005869,23.738073999993503,53.50917240005219,0.5374317000387236,0.0
20260713T213537357053Z_C5_SecFlowOps_full_beta_fake_secret_r3,full_protocol_20260713_rigorous,C5_SecFlowOps,full_beta_fake_secret,small,controlled_full_protocol,python,8,,3,True,56.65733800001908,0.3055163000244647,1.8314469000324607,20.509588600019924,0.42974580003647134,1.4265644999686629,30.36592270003166,1.086970400006976,22.770781300088856,32.8794576000073,55.650238900096156,0.20005529996706173,0.33468680002260953
20260713T213634078469Z_C0_BuildOnly_full_beta_sast_reflected_xss_r3,full_protocol_20260713_rigorous,C0_BuildOnly,full_beta_sast_reflected_xss,small,controlled_full_protocol,python,8,,3,True,0.7856882999767549,0.7767038000165485,0.0,0.0,0.0,0.0,0.0,0.0,0.0,0.0,0.0,0.0,0.0
20260713T213635107984Z_C1_NonBlockingScanning_full_beta_sast_reflected_xss_r3,full_protocol_20260713_rigorous,C1_NonBlockingScanning,full_beta_sast_reflected_xss,small,controlled_full_protocol,python,8,,3,True,54.25360840000212,0.5079132000100799,3.3614563000155613,48.50011889997404,1.7204674999811687,0.0,0.0,0.0,53.58204269997077,0.0,53.58204269997077,0.0,0.0
20260713T213729469345Z_C2_AutoScanning_full_beta_sast_reflected_xss_r3,full_protocol_20260713_rigorous,C2_AutoScanning,full_beta_sast_reflected_xss,small,controlled_full_protocol,python,8,,3,True,3953.1895761999767,0.8297515999875031,5.368312800012063,3944.5964073999785,2.2214447000296786,0.0,0.0,0.0,3952.1861649000202,0.0,3952.1861649000202,0.0,0.0
20260713T224317523291Z_C3_PolicyOnly_full_beta_sast_reflected_xss_r3,full_protocol_20260713_rigorous,C3_PolicyOnly,full_beta_sast_reflected_xss,small,controlled_full_protocol,python,8,,3,True,64.94380710000405,0.82304219994694,8.293114900006913,52.40783380001085,1.042220500006806,0.0,0.0,0.0,61.74316920002457,0.0,61.74316920002457,0.0,2.249171999981627
20260713T224422663838Z_C4_AgentsOnly_full_beta_sast_reflected_xss_r3,full_protocol_20260713_rigorous,C4_AgentsOnly,full_beta_sast_reflected_xss,small,controlled_full_protocol,python,8,,3,True,84.65303709998261,0.5390778000000864,2.7165937999961898,29.275158300006296,1.0967087000026368,4.287848700012546,45.0785342999734,1.1506031999597326,33.08846080000512,50.51698619994568,83.6054469999508,0.3616283999872394,0.0
20260713T224547435805Z_C5_SecFlowOps_full_beta_sast_reflected_xss_r3,full_protocol_20260713_rigorous,C5_SecFlowOps,full_beta_sast_reflected_xss,small,controlled_full_protocol,python,8,,3,True,62.43971489998512,0.4713348000077531,3.3133707999950275,34.05278659996111,0.6504748000297695,1.4980806999956258,20.5437963999575,0.4306661000009626,38.01663219998591,22.47254319995409,60.489175399939995,0.212290600000415,1.1071873000473715
20260713T224649985868Z_C0_BuildOnly_full_beta_sast_sql_injection_r3,full_protocol_20260713_rigorous,C0_BuildOnly,full_beta_sast_sql_injection,small,controlled_full_protocol,python,8,,3,True,0.22232080000685528,0.21340549999149516,0.0,0.0,0.0,0.0,0.0,0.0,0.0,0.0,0.0,0.0,0.0
20260713T224650266196Z_C1_NonBlockingScanning_full_beta_sast_sql_injection_r3,full_protocol_20260713_rigorous,C1_NonBlockingScanning,full_beta_sast_sql_injection,small,controlled_full_protocol,python,8,,3,True,25.75067839998519,0.41996089997701347,3.0824070000089705,21.519595200021286,0.6472253000247292,0.0,0.0,0.0,25.249227500054985,0.0,25.249227500054985,0.0,0.0
20260713T224716123610Z_C2_AutoScanning_full_beta_sast_sql_injection_r3,full_protocol_20260713_rigorous,C2_AutoScanning,full_beta_sast_sql_injection,small,controlled_full_protocol,python,8,,3,True,33.75788589997683,0.23350999999092892,1.6267484999843873,30.74821210000664,1.059920800034888,0.0,0.0,0.0,33.434881400025915,0.0,33.434881400025915,0.0,0.0
20260713T224749983861Z_C3_PolicyOnly_full_beta_sast_sql_injection_r3,full_protocol_20260713_rigorous,C3_PolicyOnly,full_beta_sast_sql_injection,small,controlled_full_protocol,python,8,,3,True,41.79916150000645,0.49680459999945015,3.217473099997733,36.69825870002387,1.017558999999892,0.0,0.0,0.0,40.933290800021496,0.0,40.933290800021496,0.0,0.23145399999339134
20260713T224831902189Z_C4_AgentsOnly_full_beta_sast_sql_injection_r3,full_protocol_20260713_rigorous,C4_AgentsOnly,full_beta_sast_sql_injection,small,controlled_full_protocol,python,8,,3,True,56.26528099999996,0.48598679999122396,3.251007099985145,23.20182499999646,0.7550432999851182,2.6525486999889836,24.793146900017746,0.4979651999892667,27.207875399966724,27.943660799995996,55.15153619996272,0.4510926000075415,0.0
20260713T224928275402Z_C5_SecFlowOps_full_beta_sast_sql_injection_r3,full_protocol_20260713_rigorous,C5_SecFlowOps,full_beta_sast_sql_injection,small,controlled_full_protocol,python,8,,3,True,41.28206009999849,0.18541079998249188,1.3698373999795876,18.417714999988675,0.48832230002153665,1.3660961000132374,18.549256999976933,0.46189209999283776,20.2758746999898,20.377245199983008,40.65311989997281,0.2138853000360541,0.11302230000728741
20260713T225009609763Z_C0_BuildOnly_full_beta_docker_misconfiguration_r3,full_protocol_20260713_rigorous,C0_BuildOnly,full_beta_docker_misconfiguration,small,controlled_full_protocol,python,8,,3,True,0.20949159999145195,0.20663240004796535,0.0,0.0,0.0,0.0,0.0,0.0,0.0,0.0,0.0,0.0,0.0
20260713T225009884253Z_C1_NonBlockingScanning_full_beta_docker_misconfiguration_r3,full_protocol_20260713_rigorous,C1_NonBlockingScanning,full_beta_docker_misconfiguration,small,controlled_full_protocol,python,8,,3,True,21.170795700047165,0.21882250002818182,1.7616152000264265,18.722546499979217,0.4145122999907471,0.0,0.0,0.0,20.89867399999639,0.0,20.89867399999639,0.0,0.0
20260713T225031110672Z_C2_AutoScanning_full_beta_docker_misconfiguration_r3,full_protocol_20260713_rigorous,C2_AutoScanning,full_beta_docker_misconfiguration,small,controlled_full_protocol,python,8,,3,True,20.981770999962464,0.19575990003068,1.4233326999819838,18.897959600028116,0.4092155999969691,0.0,0.0,0.0,20.73050790000707,0.0,20.73050790000707,0.0,0.0
20260713T225052147379Z_C3_PolicyOnly_full_beta_docker_misconfiguration_r3,full_protocol_20260713_rigorous,C3_PolicyOnly,full_beta_docker_misconfiguration,small,controlled_full_protocol,python,8,,3,True,21.226992299954873,0.2002407000400126,1.4109018000308424,19.046887399978004,0.4160764000262134,0.0,0.0,0.0,20.87386560003506,0.0,20.87386560003506,0.0,0.09186980000231415
20260713T225113424552Z_C4_AgentsOnly_full_beta_docker_misconfiguration_r3,full_protocol_20260713_rigorous,C4_AgentsOnly,full_beta_docker_misconfiguration,small,controlled_full_protocol,python,8,,3,True,42.48130129999481,0.1999177999678068,1.3809916999889538,19.227979900024366,0.4928482999675907,1.5255491000134498,18.76895140000852,0.5281990999937989,21.10181989998091,20.822699600015767,41.92451949999668,0.23281740001402795,0.0
20260713T225155957135Z_C5_SecFlowOps_full_beta_docker_misconfiguration_r3,full_protocol_20260713_rigorous,C5_SecFlowOps,full_beta_docker_misconfiguration,small,controlled_full_protocol,python,8,,3,True,42.966646400047466,0.39120339998044074,1.9436704000108875,18.580681800027378,0.4758099000318907,1.5165919000282884,19.165034499950707,0.42568019998725504,21.000162100070156,21.10730659996625,42.10746870003641,0.23160370002733544,0.10801500000525266
20260713T225238991282Z_C0_BuildOnly_full_beta_k8s_misconfiguration_r3,full_protocol_20260713_rigorous,C0_BuildOnly,full_beta_k8s_misconfiguration,small,controlled_full_protocol,python,8,,3,True,0.2245952000375837,0.22125910001341254,0.0,0.0,0.0,0.0,0.0,0.0,0.0,0.0,0.0,0.0,0.0
20260713T225239276697Z_C1_NonBlockingScanning_full_beta_k8s_misconfiguration_r3,full_protocol_20260713_rigorous,C1_NonBlockingScanning,full_beta_k8s_misconfiguration,small,controlled_full_protocol,python,8,,3,True,21.883093999989796,0.18860490003135055,1.5199534999555908,19.55026310001267,0.5654095999780111,0.0,0.0,0.0,21.635626199946273,0.0,21.635626199946273,0.0,0.0
20260713T225301215816Z_C2_AutoScanning_full_beta_k8s_misconfiguration_r3,full_protocol_20260713_rigorous,C2_AutoScanning,full_beta_k8s_misconfiguration,small,controlled_full_protocol,python,8,,3,True,26.639846199948806,0.28953930002171546,1.6493826999794692,23.511594100040384,1.0926086000399664,0.0,0.0,0.0,26.25358540005982,0.0,26.25358540005982,0.0,0.0
20260713T225327925813Z_C3_PolicyOnly_full_beta_k8s_misconfiguration_r3,full_protocol_20260713_rigorous,C3_PolicyOnly,full_beta_k8s_misconfiguration,small,controlled_full_protocol,python,8,,3,True,42.377551699988544,0.47531639999942854,3.260833400010597,35.116086499998346,1.0238174999831244,0.0,0.0,0.0,39.40073739999207,0.0,39.40073739999207,0.0,2.3765390999615192
20260713T225410423849Z_C4_AgentsOnly_full_beta_k8s_misconfiguration_r3,full_protocol_20260713_rigorous,C4_AgentsOnly,full_beta_k8s_misconfiguration,small,controlled_full_protocol,python,8,,3,True,57.41056960000424,0.41750739997951314,2.878116699983366,29.79692969995085,0.4185303000267595,1.605988299997989,21.478754400042817,0.45522139995591715,33.09357669996098,23.539964099996723,56.6335407999577,0.2196847999584861,0.0
20260713T225507932827Z_C5_SecFlowOps_full_beta_k8s_misconfiguration_r3,full_protocol_20260713_rigorous,C5_SecFlowOps,full_beta_k8s_misconfiguration,small,controlled_full_protocol,python,8,,3,True,42.58999170002062,0.1964103000354953,1.7633209999767132,18.932480800023768,0.4140252000070177,1.3781500000040978,19.049226900038775,0.4293168000294827,21.1098270000075,20.856693700072356,41.966520700079855,0.1988996000145562,0.10478220001095906
20260713T225550574581Z_C0_BuildOnly_full_beta_multi_layer_r3,full_protocol_20260713_rigorous,C0_BuildOnly,full_beta_multi_layer,small,controlled_full_protocol,python,8,,3,True,0.20929130003787577,0.206574100011494,0.0,0.0,0.0,0.0,0.0,0.0,0.0,0.0,0.0,0.0,0.0
20260713T225550834456Z_C1_NonBlockingScanning_full_beta_multi_layer_r3,full_protocol_20260713_rigorous,C1_NonBlockingScanning,full_beta_multi_layer,small,controlled_full_protocol,python,8,,3,True,24.58099940000102,0.22500330000184476,1.4216253000195138,21.754466700018384,1.068261899985373,0.0,0.0,0.0,24.24435390002327,0.0,24.24435390002327,0.0,0.0
20260713T225615482416Z_C2_AutoScanning_full_beta_multi_layer_r3,full_protocol_20260713_rigorous,C2_AutoScanning,full_beta_multi_layer,small,controlled_full_protocol,python,8,,3,True,40.35585680004442,0.46400149998953566,3.405605599982664,35.3070978000178,1.0550500999670476,0.0,0.0,0.0,39.76775349996751,0.0,39.76775349996751,0.0,0.0
20260713T225655949941Z_C3_PolicyOnly_full_beta_multi_layer_r3,full_protocol_20260713_rigorous,C3_PolicyOnly,full_beta_multi_layer,small,controlled_full_protocol,python,8,,3,False,37.33118929999182,0.536275900027249,3.222645099973306,32.84670410002582,0.5224316000239924,0.0,0.0,0.0,36.591780800023116,0.0,36.591780800023116,0.0,0.10678899998310953
20260713T225733363297Z_C4_AgentsOnly_full_beta_multi_layer_r3,full_protocol_20260713_rigorous,C4_AgentsOnly,full_beta_multi_layer,small,controlled_full_protocol,python,8,,3,True,46.83509009995032,0.21238159999484196,1.4533352999715135,20.374400199973024,0.49839790002442896,1.6641447000438347,21.671578700013924,0.45778180001070723,22.326133399968967,23.793505200068466,46.11963860003743,0.384254599979613,0.0
20260713T225820261830Z_C5_SecFlowOps_full_beta_multi_layer_r3,full_protocol_20260713_rigorous,C5_SecFlowOps,full_beta_multi_layer,small,controlled_full_protocol,python,8,,3,True,43.0298106999835,0.19585719995666295,1.4689849999849685,19.190266499994323,0.4527096999809146,1.5554847999592312,19.256940999999642,0.44871200004126877,21.111961199960206,21.261137800000142,42.37309899996035,0.2383906000177376,0.09962550003547221
20260713T225903342398Z_C0_BuildOnly_full_gamma_clean_r3,full_protocol_20260713_rigorous,C0_BuildOnly,full_gamma_clean,small,controlled_full_protocol,python,8,,3,True,0.21428590000141412,0.21146060002502054,0.0,0.0,0.0,0.0,0.0,0.0,0.0,0.0,0.0,0.0,0.0
20260713T225903617248Z_C1_NonBlockingScanning_full_gamma_clean_r3,full_protocol_20260713_rigorous,C1_NonBlockingScanning,full_gamma_clean,small,controlled_full_protocol,python,8,,3,True,21.58353000000352,0.2129300000378862,1.4545571000198834,19.442250999971293,0.4210200000088662,0.0,0.0,0.0,21.317828100000042,0.0,21.317828100000042,0.0,0.0
20260713T225925250914Z_C2_AutoScanning_full_gamma_clean_r3,full_protocol_20260713_rigorous,C2_AutoScanning,full_gamma_clean,small,controlled_full_protocol,python,8,,3,True,21.10419759998331,0.19987219996983185,1.603683200024534,18.769116599985864,0.479036700038705,0.0,0.0,0.0,20.851836500049103,0.0,20.851836500049103,0.0,0.0
20260713T225946405778Z_C3_PolicyOnly_full_gamma_clean_r3,full_protocol_20260713_rigorous,C3_PolicyOnly,full_gamma_clean,small,controlled_full_protocol,python,8,,3,True,20.471363299991935,0.2948185999994166,1.4522646000259556,17.95019400003366,0.6100456999847665,0.0,0.0,0.0,20.012504300044384,0.0,20.012504300044384,0.0,0.09554429998388514
20260713T230006933847Z_C4_AgentsOnly_full_gamma_clean_r3,full_protocol_20260713_rigorous,C4_AgentsOnly,full_gamma_clean,small,controlled_full_protocol,python,8,,3,True,54.860583500005305,0.20083879999583587,1.7979611000046134,19.32502280001063,0.5865222999709658,1.5186026999726892,30.036142400000244,1.0299151999643072,21.70950619998621,32.58466029993724,54.29416649992345,0.23373859998537228,0.0
20260713T230101848441Z_C5_SecFlowOps_full_gamma_clean_r3,full_protocol_20260713_rigorous,C5_SecFlowOps,full_gamma_clean,small,controlled_full_protocol,python,8,,3,True,79.83458510000492,0.4659010000177659,2.953061999985948,35.1404694999801,0.8911644999752752,2.929741500003729,35.77282309997827,0.8305821000249125,38.98469599994132,39.53314670000691,78.51784269994823,0.44025510002393275,0.19991569995181635
20260713T230221802413Z_C0_BuildOnly_full_gamma_vulnerable_dependency_r3,full_protocol_20260713_rigorous,C0_BuildOnly,full_gamma_vulnerable_dependency,small,controlled_full_protocol,python,8,,3,True,0.4540049000061117,0.449516799999401,0.0,0.0,0.0,0.0,0.0,0.0,0.0,0.0,0.0,0.0,0.0
20260713T230222346540Z_C1_NonBlockingScanning_full_gamma_vulnerable_dependency_r3,full_protocol_20260713_rigorous,C1_NonBlockingScanning,full_gamma_vulnerable_dependency,small,controlled_full_protocol,python,8,,3,True,27.054598499962594,0.4260491000022739,3.0671022000024095,22.981729999999516,0.49591910000890493,0.0,0.0,0.0,26.54475130001083,0.0,26.54475130001083,0.0,0.0
20260713T230249506999Z_C2_AutoScanning_full_gamma_vulnerable_dependency_r3,full_protocol_20260713_rigorous,C2_AutoScanning,full_gamma_vulnerable_dependency,small,controlled_full_protocol,python,8,,3,True,26.732101100031286,0.20741720002843067,1.7505902999546379,24.29871770000318,0.41301279998151585,0.0,0.0,0.0,26.462320799939334,0.0,26.462320799939334,0.0,0.0
20260713T230316294543Z_C3_PolicyOnly_full_gamma_vulnerable_dependency_r3,full_protocol_20260713_rigorous,C3_PolicyOnly,full_gamma_vulnerable_dependency,small,controlled_full_protocol,python,8,,3,False,27.582909499993548,0.3168619999778457,1.7440934000187553,24.93336540000746,0.4191281999810599,0.0,0.0,0.0,27.096587000007275,0.0,27.096587000007275,0.0,0.0941162999952212
20260713T230343934862Z_C4_AgentsOnly_full_gamma_vulnerable_dependency_r3,full_protocol_20260713_rigorous,C4_AgentsOnly,full_gamma_vulnerable_dependency,small,controlled_full_protocol,python,8,,3,True,43.325013099994976,0.20706749998498708,1.4422910999855958,19.043263800034765,0.4549265999812633,1.6001756000332534,19.723097999987658,0.4699139000149444,20.940481500001624,21.793187500035856,42.73366900003748,0.2493421999970451,0.0
20260713T230427309327Z_C5_SecFlowOps_full_gamma_vulnerable_dependency_r3,full_protocol_20260713_rigorous,C5_SecFlowOps,full_gamma_vulnerable_dependency,small,controlled_full_protocol,python,8,,3,True,71.6082071000128,0.19350809999741614,1.516260800010059,29.0474992999807,0.949866600043606,2.8235647999681532,35.216857599967625,0.9107217999990098,31.513626700034365,38.95114419993479,70.46477089996915,0.5163596000056714,0.2177019999944605
20260713T230538981598Z_C0_BuildOnly_full_gamma_fake_secret_r3,full_protocol_20260713_rigorous,C0_BuildOnly,full_gamma_fake_secret,small,controlled_full_protocol,python,8,,3,True,0.4480733000091277,0.44220300001325086,0.0,0.0,0.0,0.0,0.0,0.0,0.0,0.0,0.0,0.0,0.0
20260713T230539561584Z_C1_NonBlockingScanning_full_gamma_fake_secret_r3,full_protocol_20260713_rigorous,C1_NonBlockingScanning,full_gamma_fake_secret,small,controlled_full_protocol,python,8,,3,True,39.416805499990005,0.4680106000159867,2.9338215999887325,34.9597603000002,0.9601023999857716,0.0,0.0,0.0,38.8536842999747,0.0,38.8536842999747,0.0,0.0
20260713T230619082429Z_C2_AutoScanning_full_gamma_fake_secret_r3,full_protocol_20260713_rigorous,C2_AutoScanning,full_gamma_fake_secret,small,controlled_full_protocol,python,8,,3,True,39.565505300008226,0.46581879997393116,2.9046727000386454,35.168697500019334,0.9240613000001758,0.0,0.0,0.0,38.997431500058156,0.0,38.997431500058156,0.0,0.0
20260713T230658751512Z_C3_PolicyOnly_full_gamma_fake_secret_r3,full_protocol_20260713_rigorous,C3_PolicyOnly,full_gamma_fake_secret,small,controlled_full_protocol,python,8,,3,False,40.81355430005351,0.5191654999507591,2.92443919996731,36.05663679999998,1.0063170000212267,0.0,0.0,0.0,39.987392999988515,0.0,39.987392999988515,0.0,0.17728790000546724
20260713T230739653981Z_C4_AgentsOnly_full_gamma_fake_secret_r3,full_protocol_20260713_rigorous,C4_AgentsOnly,full_gamma_fake_secret,small,controlled_full_protocol,python,8,,3,True,69.72714809997706,0.47135920001892373,2.9292873999802396,36.605718500039075,1.0613996000029147,2.9598057999974117,24.55079329997534,0.4236825999687426,40.59640550002223,27.934281699941494,68.53068719996372,0.5555363000021316,0.0
20260713T230849492091Z_C5_SecFlowOps_full_gamma_fake_secret_r3,full_protocol_20260713_rigorous,C5_SecFlowOps,full_gamma_fake_secret,small,controlled_full_protocol,python,8,,3,True,56.540941999992356,0.21243080002022907,1.4630140999797732,27.85028600000078,0.9752644000109285,1.60806749999756,22.653024500003085,0.9450689000077546,30.28856449999148,25.2061609000084,55.49472539999988,0.42033280001487583,0.20181890000822023
20260713T230946089876Z_C0_BuildOnly_full_gamma_sast_reflected_xss_r3,full_protocol_20260713_rigorous,C0_BuildOnly,full_gamma_sast_reflected_xss,small,controlled_full_protocol,python,8,,3,True,0.37197889998788014,0.3681495999917388,0.0,0.0,0.0,0.0,0.0,0.0,0.0,0.0,0.0,0.0,0.0
20260713T230946559971Z_C1_NonBlockingScanning_full_gamma_sast_reflected_xss_r3,full_protocol_20260713_rigorous,C1_NonBlockingScanning,full_gamma_sast_reflected_xss,small,controlled_full_protocol,python,8,,3,True,29.48562029999448,0.5125501999864355,3.1424950000364333,25.269650299975183,0.47446100000524893,0.0,0.0,0.0,28.886606300016865,0.0,28.886606300016865,0.0,0.0
20260713T231016140852Z_C2_AutoScanning_full_gamma_sast_reflected_xss_r3,full_protocol_20260713_rigorous,C2_AutoScanning,full_gamma_sast_reflected_xss,small,controlled_full_protocol,python,8,,3,True,21.374924700008705,0.19425060000503436,1.7078138999640942,18.799284099950455,0.6132022000383586,0.0,0.0,0.0,21.120300199952908,0.0,21.120300199952908,0.0,0.0
20260713T231037573738Z_C3_PolicyOnly_full_gamma_sast_reflected_xss_r3,full_protocol_20260713_rigorous,C3_PolicyOnly,full_gamma_sast_reflected_xss,small,controlled_full_protocol,python,8,,3,True,21.679668799974024,0.20768839999800548,1.519685400009621,19.30426720000105,0.4910142999724485,0.0,0.0,0.0,21.31496689998312,0.0,21.31496689998312,0.0,0.09324640000704676
20260713T231059304503Z_C4_AgentsOnly_full_gamma_sast_reflected_xss_r3,full_protocol_20260713_rigorous,C4_AgentsOnly,full_gamma_sast_reflected_xss,small,controlled_full_protocol,python,8,,3,True,44.62046110001393,0.19785360002424568,1.415335099969525,20.719706000003498,0.44270810001762584,1.4033955000340939,19.660740099963732,0.4691314999945462,22.57774919999065,21.533267099992372,44.11101629998302,0.2075015000300482,0.0
20260713T231143975724Z_C5_SecFlowOps_full_gamma_sast_reflected_xss_r3,full_protocol_20260713_rigorous,C5_SecFlowOps,full_gamma_sast_reflected_xss,small,controlled_full_protocol,python,8,,3,True,41.27994870004477,0.20652930001961067,1.5698063999880105,19.00084860000061,0.41803539998363703,1.3109899000264704,17.94073929998558,0.4112438000156544,20.988690399972256,19.662973000027705,40.65166339999996,0.20077569998102263,0.10832130000926554
20260713T231225308955Z_C0_BuildOnly_full_gamma_sast_sql_injection_r3,full_protocol_20260713_rigorous,C0_BuildOnly,full_gamma_sast_sql_injection,small,controlled_full_protocol,python,8,,3,True,0.246866500005126,0.24299959995551035,0.0,0.0,0.0,0.0,0.0,0.0,0.0,0.0,0.0,0.0,0.0
20260713T231225627918Z_C1_NonBlockingScanning_full_gamma_sast_sql_injection_r3,full_protocol_20260713_rigorous,C1_NonBlockingScanning,full_gamma_sast_sql_injection,small,controlled_full_protocol,python,8,,3,True,21.60412269999506,0.244707899983041,1.836125899979379,18.920061699987855,0.540497400041204,0.0,0.0,0.0,21.296685000008438,0.0,21.296685000008438,0.0,0.0
20260713T231247294889Z_C2_AutoScanning_full_gamma_sast_sql_injection_r3,full_protocol_20260713_rigorous,C2_AutoScanning,full_gamma_sast_sql_injection,small,controlled_full_protocol,python,8,,3,True,21.499437299964484,0.22464160004165024,1.3687210999778472,19.109169699950144,0.7231164000113495,0.0,0.0,0.0,21.20100719993934,0.0,21.20100719993934,0.0,0.0
20260713T231308857466Z_C3_PolicyOnly_full_gamma_sast_sql_injection_r3,full_protocol_20260713_rigorous,C3_PolicyOnly,full_gamma_sast_sql_injection,small,controlled_full_protocol,python,8,,3,True,32.19624750001822,0.4114953000098467,2.5927484999992885,28.249929899990093,0.7046282000374049,0.0,0.0,0.0,31.547306600026786,0.0,31.547306600026786,0.0,0.13207089999923483
20260713T231341130489Z_C4_AgentsOnly_full_gamma_sast_sql_injection_r3,full_protocol_20260713_rigorous,C4_AgentsOnly,full_gamma_sast_sql_injection,small,controlled_full_protocol,python,8,,3,True,61.455801900010556,0.36382879997836426,2.1874685999937356,26.925673599995207,0.7531148999696597,2.405523900000844,27.71932899998501,0.5567417999845929,29.866257099958602,30.681594699970447,60.54785179992905,0.3824723999714479,0.0
20260713T231442669001Z_C5_SecFlowOps_full_gamma_sast_sql_injection_r3,full_protocol_20260713_rigorous,C5_SecFlowOps,full_gamma_sast_sql_injection,small,controlled_full_protocol,python,8,,3,True,64.67353540001204,0.28234799997881055,2.185983399976976,29.262158699973952,0.7753463000408374,2.264884300006088,28.407777499989606,0.6994843000429682,32.223488399991766,31.372146100038663,63.59563450003043,0.3951052999473177,0.20866850001038983
20260713T231547424315Z_C0_BuildOnly_full_gamma_docker_misconfiguration_r3,full_protocol_20260713_rigorous,C0_BuildOnly,full_gamma_docker_misconfiguration,small,controlled_full_protocol,python,8,,3,True,0.3996787000214681,0.3956112000159919,0.0,0.0,0.0,0.0,0.0,0.0,0.0,0.0,0.0,0.0,0.0
20260713T231547928613Z_C1_NonBlockingScanning_full_gamma_docker_misconfiguration_r3,full_protocol_20260713_rigorous,C1_NonBlockingScanning,full_gamma_docker_misconfiguration,small,controlled_full_protocol,python,8,,3,True,30.080783100042026,0.3226493999827653,2.5159145000507124,26.447142900025938,0.7253622999996878,0.0,0.0,0.0,29.688419700076338,0.0,29.688419700076338,0.0,0.0
20260713T231618094192Z_C2_AutoScanning_full_gamma_docker_misconfiguration_r3,full_protocol_20260713_rigorous,C2_AutoScanning,full_gamma_docker_misconfiguration,small,controlled_full_protocol,python,8,,3,True,21.713638100016396,0.2741405999986455,1.8277415999909863,19.160253300040495,0.3964111999957822,0.0,0.0,0.0,21.384406100027263,0.0,21.384406100027263,0.0,0.0
20260713T231639863197Z_C3_PolicyOnly_full_gamma_docker_misconfiguration_r3,full_protocol_20260713_rigorous,C3_PolicyOnly,full_gamma_docker_misconfiguration,small,controlled_full_protocol,python,8,,3,True,18.93470589997014,0.1938545000157319,1.3369689999963157,16.81056690000696,0.4345461999764666,0.0,0.0,0.0,18.582082099979743,0.0,18.582082099979743,0.0,0.09566950000589713
20260713T231658850711Z_C4_AgentsOnly_full_gamma_docker_misconfiguration_r3,full_protocol_20260713_rigorous,C4_AgentsOnly,full_gamma_docker_misconfiguration,small,controlled_full_protocol,python,8,,3,True,40.45292779995361,0.18483370001195,1.3905211999663152,17.51832710002782,0.4219266000436619,1.3438808000064455,18.68342399998801,0.40983080002479255,19.330774900037795,20.437135600019246,39.76791050005704,0.21220080001512542,0.0
20260713T231739352281Z_C5_SecFlowOps_full_gamma_docker_misconfiguration_r3,full_protocol_20260713_rigorous,C5_SecFlowOps,full_gamma_docker_misconfiguration,small,controlled_full_protocol,python,8,,3,True,39.609504299995024,0.20637369999894872,1.3820616999873891,17.207368700008374,0.3905829000286758,1.2933903000084683,17.218765400000848,0.4031385999987833,18.98001330002444,18.9152943000081,37.89530760003254,0.19208780000917614,1.2055070999776945
20260713T231819014261Z_C0_BuildOnly_full_gamma_k8s_misconfiguration_r3,full_protocol_20260713_rigorous,C0_BuildOnly,full_gamma_k8s_misconfiguration,small,controlled_full_protocol,python,8,,3,True,0.18538109998917207,0.1819709000410512,0.0,0.0,0.0,0.0,0.0,0.0,0.0,0.0,0.0,0.0,0.0
20260713T231819257038Z_C1_NonBlockingScanning_full_gamma_k8s_misconfiguration_r3,full_protocol_20260713_rigorous,C1_NonBlockingScanning,full_gamma_k8s_misconfiguration,small,controlled_full_protocol,python,8,,3,True,19.20134919998236,0.1881195000023581,1.4271901000174694,17.137152099981904,0.3891538000316359,0.0,0.0,0.0,18.95349600003101,0.0,18.95349600003101,0.0,0.0
20260713T231838510758Z_C2_AutoScanning_full_gamma_k8s_misconfiguration_r3,full_protocol_20260713_rigorous,C2_AutoScanning,full_gamma_k8s_misconfiguration,small,controlled_full_protocol,python,8,,3,True,19.142447499965783,0.18348370003513992,1.3311456000083126,17.147559300006833,0.42176240001572296,0.0,0.0,0.0,18.90046730003087,0.0,18.90046730003087,0.0,0.0
20260713T231857705262Z_C3_PolicyOnly_full_gamma_k8s_misconfiguration_r3,full_protocol_20260713_rigorous,C3_PolicyOnly,full_gamma_k8s_misconfiguration,small,controlled_full_protocol,python,8,,3,True,19.32472240005154,0.20752970001194626,1.3491743000340648,17.2017892000149,0.4106982999946922,0.0,0.0,0.0,18.961661800043657,0.0,18.961661800043657,0.0,0.09366459999000654
20260713T231917079761Z_C4_AgentsOnly_full_gamma_k8s_misconfiguration_r3,full_protocol_20260713_rigorous,C4_AgentsOnly,full_gamma_k8s_misconfiguration,small,controlled_full_protocol,python,8,,3,True,39.764717099955305,0.2000238000182435,1.3548454999690875,18.80929790000664,0.40261250000912696,1.2802537999814376,17.039349400030915,0.38208089995896444,20.566755899984855,18.701684099971317,39.26843999995617,0.19645689998287708,0.0
20260713T231956896138Z_C5_SecFlowOps_full_gamma_k8s_misconfiguration_r3,full_protocol_20260713_rigorous,C5_SecFlowOps,full_gamma_k8s_misconfiguration,small,controlled_full_protocol,python,8,,3,True,38.01801569998497,0.17657269997289404,1.3479974999791011,16.889852899999823,0.4091698999982327,1.2771665999898687,17.111209099995904,0.3859356000320986,18.647020299977157,18.77431130001787,37.42133159999503,0.2058439999818802,0.10473000002093613
20260713T232034966406Z_C0_BuildOnly_full_gamma_multi_layer_r3,full_protocol_20260713_rigorous,C0_BuildOnly,full_gamma_multi_layer,small,controlled_full_protocol,python,8,,3,True,0.18898520001675934,0.18584729998838156,0.0,0.0,0.0,0.0,0.0,0.0,0.0,0.0,0.0,0.0,0.0
20260713T232035212356Z_C1_NonBlockingScanning_full_gamma_multi_layer_r3,full_protocol_20260713_rigorous,C1_NonBlockingScanning,full_gamma_multi_layer,small,controlled_full_protocol,python,8,,3,True,19.994961099990178,0.19317859999137,1.685192000004463,17.622003500000574,0.4325476999511011,0.0,0.0,0.0,19.739743199956138,0.0,19.739743199956138,0.0,0.0
20260713T232055259146Z_C2_AutoScanning_full_gamma_multi_layer_r3,full_protocol_20260713_rigorous,C2_AutoScanning,full_gamma_multi_layer,small,controlled_full_protocol,python,8,,3,True,20.126511899987236,0.19993890001205727,1.3918028000043705,18.049413800006732,0.4317139000049792,0.0,0.0,0.0,19.872930500016082,0.0,19.872930500016082,0.0,0.0
20260713T232115438086Z_C3_PolicyOnly_full_gamma_multi_layer_r3,full_protocol_20260713_rigorous,C3_PolicyOnly,full_gamma_multi_layer,small,controlled_full_protocol,python,8,,3,False,18.728411000047345,0.1865377000067383,1.3228432000032626,16.6627637000056,0.4018363999784924,0.0,0.0,0.0,18.387443299987353,0.0,18.387443299987353,0.0,0.09120369999436662
20260713T232134217936Z_C4_AgentsOnly_full_gamma_multi_layer_r3,full_protocol_20260713_rigorous,C4_AgentsOnly,full_gamma_multi_layer,small,controlled_full_protocol,python,8,,3,True,38.3384116999805,0.18239750002976507,1.3218611999764107,17.350638600008097,0.4058055999921635,1.2935333999921568,17.073848400032148,0.3943828000337817,19.07830539997667,18.761764600058086,37.84007000003476,0.21155349997570738,0.0
20260713T232212605152Z_C5_SecFlowOps_full_gamma_multi_layer_r3,full_protocol_20260713_rigorous,C5_SecFlowOps,full_gamma_multi_layer,small,controlled_full_protocol,python,8,,3,True,39.06613990000915,0.18267389998072758,1.3179967000032775,17.117827599984594,0.42176140000810847,1.2935725999996066,17.85660460003419,0.4147231000242755,18.85758569999598,19.56490030005807,38.42248600005405,0.2381312000215985,0.10459659999469295
