run_id,configuration,repo,scenario,repetition,campaign_id,pipeline_success,pipeline_time_seconds,scanner_time_seconds,tool_failure_count,finding_count_initial,finding_count_residual,residual_critical,residual_high,residual_secret,policy_engine,policy_allow,policy_deny_count,tp_ground_truth,fp_unknown_or_false,fn_ground_truth,precision,recall,false_positive_rate,false_negative_rate,coverage,auto_remediation_rate,patch_success_rate,human_escalation_rate,mttd_seconds,mttr_seconds
20260713T191055289131Z_C0_BuildOnly_full_alpha_clean_r1,C0_BuildOnly,full_alpha_clean,clean,1,full_protocol_20260713_rigorous,True,0.22990420000860468,0.0,0,0,0,0,0,0,not_applicable,True,0,0,0,0,0.0,0.0,0.0,0.0,0.0,0.0,0.0,0.0,0.0,0.0
20260713T191055599089Z_C1_NonBlockingScanning_full_alpha_clean_r1,C1_NonBlockingScanning,full_alpha_clean,clean,1,full_protocol_20260713_rigorous,True,21.286335100012366,21.009996000037063,0,16,16,0,2,0,not_applicable,True,0,0,16,0,0.0,0.0,1.0,0.0,0.0,0.0,0.0,0.0,21.284617,0.0
20260713T191116955022Z_C2_AutoScanning_full_alpha_clean_r1,C2_AutoScanning,full_alpha_clean,clean,1,full_protocol_20260713_rigorous,True,20.784435699984897,20.480162699939683,0,16,16,0,2,0,not_applicable,True,0,0,16,0,0.0,0.0,1.0,0.0,0.0,0.0,0.0,0.0,20.782231,0.0
20260713T191137795158Z_C3_PolicyOnly_full_alpha_clean_r1,C3_PolicyOnly,full_alpha_clean,clean,1,full_protocol_20260713_rigorous,True,20.93459190003341,20.54484849999426,0,16,16,0,2,0,opa,True,0,0,16,0,0.0,0.0,1.0,0.0,0.0,0.0,0.0,0.0,20.80426,0.0
20260713T191158783886Z_C4_AgentsOnly_full_alpha_clean_r1,C4_AgentsOnly,full_alpha_clean,clean,1,full_protocol_20260713_rigorous,True,42.10104679997312,41.48836620012298,0,16,16,0,2,0,not_applicable,True,0,0,16,0,0.0,0.0,1.0,0.0,0.0,0.0,0.0,0.0,21.259569,0.0
20260713T191240938697Z_C5_SecFlowOps_full_alpha_clean_r1,C5_SecFlowOps,full_alpha_clean,clean,1,full_protocol_20260713_rigorous,True,41.80798629997298,40.95426420000149,0,16,16,0,2,0,opa,True,0,0,16,0,0.0,0.0,1.0,0.0,0.0,0.0,0.0,0.0,20.991689,0.0
20260713T191322819997Z_C0_BuildOnly_full_alpha_vulnerable_dependency_r1,C0_BuildOnly,full_alpha_vulnerable_dependency,vulnerable_dependency,1,full_protocol_20260713_rigorous,True,0.2407991000218317,0.0,0,0,0,0,0,0,not_applicable,True,0,0,0,1,0.0,0.0,0.0,1.0,0.0,0.0,0.0,0.0,0.0,0.0
20260713T191323124177Z_C1_NonBlockingScanning_full_alpha_vulnerable_dependency_r1,C1_NonBlockingScanning,full_alpha_vulnerable_dependency,vulnerable_dependency,1,full_protocol_20260713_rigorous,True,20.701337400008924,20.4134553000913,0,56,56,6,18,0,not_applicable,True,0,1,55,0,0.017857142857142856,1.0,0.9821428571428571,0.0,1.0,0.0,0.0,0.0,20.698185,0.0
20260713T191343879006Z_C2_AutoScanning_full_alpha_vulnerable_dependency_r1,C2_AutoScanning,full_alpha_vulnerable_dependency,vulnerable_dependency,1,full_protocol_20260713_rigorous,True,20.520972300029825,20.24489310005447,0,56,56,6,18,0,not_applicable,True,0,1,55,0,0.017857142857142856,1.0,0.9821428571428571,0.0,1.0,0.0,0.0,0.0,20.518321,0.0
20260713T191404480245Z_C3_PolicyOnly_full_alpha_vulnerable_dependency_r1,C3_PolicyOnly,full_alpha_vulnerable_dependency,vulnerable_dependency,1,full_protocol_20260713_rigorous,False,20.832098100043368,20.443095099995844,0,56,56,6,18,0,opa,False,3,1,55,0,0.017857142857142856,1.0,0.9821428571428571,0.0,1.0,0.0,0.0,0.0,20.719567,0.0
20260713T191425364909Z_C4_AgentsOnly_full_alpha_vulnerable_dependency_r1,C4_AgentsOnly,full_alpha_vulnerable_dependency,vulnerable_dependency,1,full_protocol_20260713_rigorous,True,42.298781499965116,41.69507839990547,0,56,16,0,2,0,not_applicable,True,0,1,55,0,0.017857142857142856,1.0,0.9821428571428571,0.0,1.0,0.017857142857142856,1.0,1.0,20.621459,0.279639
20260713T191507721044Z_C5_SecFlowOps_full_alpha_vulnerable_dependency_r1,C5_SecFlowOps,full_alpha_vulnerable_dependency,vulnerable_dependency,1,full_protocol_20260713_rigorous,True,45.02550230000634,44.231755499960855,0,56,16,0,2,0,opa,True,0,1,55,0,0.017857142857142856,1.0,0.9821428571428571,0.0,1.0,0.017857142857142856,1.0,1.0,22.884424,0.301099
20260713T191552802814Z_C0_BuildOnly_full_alpha_fake_secret_r1,C0_BuildOnly,full_alpha_fake_secret,fake_secret,1,full_protocol_20260713_rigorous,True,0.2332870999816805,0.0,0,0,0,0,0,0,not_applicable,True,0,0,0,1,0.0,0.0,0.0,1.0,0.0,0.0,0.0,0.0,0.0,0.0
20260713T191553098234Z_C1_NonBlockingScanning_full_alpha_fake_secret_r1,C1_NonBlockingScanning,full_alpha_fake_secret,fake_secret,1,full_protocol_20260713_rigorous,True,21.955193800036795,21.6902742999373,0,17,17,1,2,1,not_applicable,True,0,1,16,0,0.058823529411764705,1.0,0.9411764705882353,0.0,1.0,0.0,0.0,0.0,21.952047,0.0
20260713T191615118967Z_C2_AutoScanning_full_alpha_fake_secret_r1,C2_AutoScanning,full_alpha_fake_secret,fake_secret,1,full_protocol_20260713_rigorous,True,20.757879800046794,20.43050709995441,0,17,17,1,2,1,not_applicable,True,0,1,16,0,0.058823529411764705,1.0,0.9411764705882353,0.0,1.0,0.0,0.0,0.0,20.755637,0.0
20260713T191635934782Z_C3_PolicyOnly_full_alpha_fake_secret_r1,C3_PolicyOnly,full_alpha_fake_secret,fake_secret,1,full_protocol_20260713_rigorous,False,20.706188199983444,20.318753899948206,0,17,17,1,2,1,opa,False,3,1,16,0,0.058823529411764705,1.0,0.9411764705882353,0.0,1.0,0.0,0.0,0.0,20.585376,0.0
20260713T191656701739Z_C4_AgentsOnly_full_alpha_fake_secret_r1,C4_AgentsOnly,full_alpha_fake_secret,fake_secret,1,full_protocol_20260713_rigorous,True,41.51087080000434,40.94942809996428,0,17,16,0,2,0,not_applicable,True,0,1,16,0,0.058823529411764705,1.0,0.9411764705882353,0.0,1.0,0.058823529411764705,1.0,1.0,20.788614,0.238515
20260713T191738275526Z_C5_SecFlowOps_full_alpha_fake_secret_r1,C5_SecFlowOps,full_alpha_fake_secret,fake_secret,1,full_protocol_20260713_rigorous,True,42.19224879995454,41.37068869994255,0,17,16,0,2,0,opa,True,0,1,16,0,0.058823529411764705,1.0,0.9411764705882353,0.0,1.0,0.058823529411764705,1.0,1.0,20.902467,0.269633
20260713T191820524079Z_C0_BuildOnly_full_alpha_sast_reflected_xss_r1,C0_BuildOnly,full_alpha_sast_reflected_xss,sast_reflected_xss,1,full_protocol_20260713_rigorous,True,0.22068119997857139,0.0,0,0,0,0,0,0,not_applicable,True,0,0,0,2,0.0,0.0,0.0,1.0,0.0,0.0,0.0,0.0,0.0,0.0
20260713T191820824252Z_C1_NonBlockingScanning_full_alpha_sast_reflected_xss_r1,C1_NonBlockingScanning,full_alpha_sast_reflected_xss,sast_reflected_xss,1,full_protocol_20260713_rigorous,True,21.017908299982082,20.75771390000591,0,17,17,0,2,0,not_applicable,True,0,1,16,1,0.058823529411764705,0.5,0.9411764705882353,0.5,0.5,0.0,0.0,0.0,21.015901,0.0
20260713T191841896166Z_C2_AutoScanning_full_alpha_sast_reflected_xss_r1,C2_AutoScanning,full_alpha_sast_reflected_xss,sast_reflected_xss,1,full_protocol_20260713_rigorous,True,20.724417400022503,20.466923400002997,0,17,17,0,2,0,not_applicable,True,0,1,16,1,0.058823529411764705,0.5,0.9411764705882353,0.5,0.5,0.0,0.0,0.0,20.722727,0.0
20260713T191902673208Z_C3_PolicyOnly_full_alpha_sast_reflected_xss_r1,C3_PolicyOnly,full_alpha_sast_reflected_xss,sast_reflected_xss,1,full_protocol_20260713_rigorous,True,21.106369299988728,20.703749700041953,0,17,17,0,2,0,opa,True,0,1,16,1,0.058823529411764705,0.5,0.9411764705882353,0.5,0.5,0.0,0.0,0.0,20.979967,0.0
20260713T191923832616Z_C4_AgentsOnly_full_alpha_sast_reflected_xss_r1,C4_AgentsOnly,full_alpha_sast_reflected_xss,sast_reflected_xss,1,full_protocol_20260713_rigorous,True,44.51637690002099,43.867668899998534,0,17,16,0,2,0,not_applicable,True,0,1,16,1,0.058823529411764705,0.5,0.9411764705882353,0.5,0.5,0.058823529411764705,1.0,1.0,20.935747,0.311408
20260713T192008403905Z_C5_SecFlowOps_full_alpha_sast_reflected_xss_r1,C5_SecFlowOps,full_alpha_sast_reflected_xss,sast_reflected_xss,1,full_protocol_20260713_rigorous,True,41.34926699998323,40.6322921999963,0,17,16,0,2,0,opa,True,0,1,16,1,0.058823529411764705,0.5,0.9411764705882353,0.5,0.5,0.058823529411764705,1.0,1.0,20.498279,0.240789
20260713T192049811545Z_C0_BuildOnly_full_alpha_sast_sql_injection_r1,C0_BuildOnly,full_alpha_sast_sql_injection,sast_sql_injection,1,full_protocol_20260713_rigorous,True,0.2601701999665238,0.0,0,0,0,0,0,0,not_applicable,True,0,0,0,1,0.0,0.0,0.0,1.0,0.0,0.0,0.0,0.0,0.0,0.0
20260713T192050139631Z_C1_NonBlockingScanning_full_alpha_sast_sql_injection_r1,C1_NonBlockingScanning,full_alpha_sast_sql_injection,sast_sql_injection,1,full_protocol_20260713_rigorous,True,21.170930799969938,20.70802200003527,0,17,17,0,3,0,not_applicable,True,0,1,16,0,0.058823529411764705,1.0,0.9411764705882353,0.0,1.0,0.0,0.0,0.0,21.169166,0.0
20260713T192111409226Z_C2_AutoScanning_full_alpha_sast_sql_injection_r1,C2_AutoScanning,full_alpha_sast_sql_injection,sast_sql_injection,1,full_protocol_20260713_rigorous,True,21.470125199994072,21.20736160001252,0,17,17,0,3,0,not_applicable,True,0,1,16,0,0.058823529411764705,1.0,0.9411764705882353,0.0,1.0,0.0,0.0,0.0,21.468328,0.0
20260713T192132935134Z_C3_PolicyOnly_full_alpha_sast_sql_injection_r1,C3_PolicyOnly,full_alpha_sast_sql_injection,sast_sql_injection,1,full_protocol_20260713_rigorous,True,21.058590799977537,20.64301829994656,0,17,17,0,3,0,opa,True,0,1,16,0,0.058823529411764705,1.0,0.9411764705882353,0.0,1.0,0.0,0.0,0.0,20.94772,0.0
20260713T192154047706Z_C4_AgentsOnly_full_alpha_sast_sql_injection_r1,C4_AgentsOnly,full_alpha_sast_sql_injection,sast_sql_injection,1,full_protocol_20260713_rigorous,True,41.54344969999511,40.97882360010408,0,17,16,0,2,0,not_applicable,True,0,1,16,0,0.058823529411764705,1.0,0.9411764705882353,0.0,1.0,0.058823529411764705,1.0,1.0,20.814736,0.23328
20260713T192235647250Z_C5_SecFlowOps_full_alpha_sast_sql_injection_r1,C5_SecFlowOps,full_alpha_sast_sql_injection,sast_sql_injection,1,full_protocol_20260713_rigorous,True,41.644369799993,40.98156059999019,0,17,16,0,2,0,opa,True,0,1,16,0,0.058823529411764705,1.0,0.9411764705882353,0.0,1.0,0.058823529411764705,1.0,1.0,20.663382,0.216885
20260713T192317345315Z_C0_BuildOnly_full_alpha_docker_misconfiguration_r1,C0_BuildOnly,full_alpha_docker_misconfiguration,docker_misconfiguration,1,full_protocol_20260713_rigorous,True,0.225750399986282,0.0,0,0,0,0,0,0,not_applicable,True,0,0,0,1,0.0,0.0,0.0,1.0,0.0,0.0,0.0,0.0,0.0,0.0
20260713T192317640639Z_C1_NonBlockingScanning_full_alpha_docker_misconfiguration_r1,C1_NonBlockingScanning,full_alpha_docker_misconfiguration,docker_misconfiguration,1,full_protocol_20260713_rigorous,True,20.902768199972343,20.568162900046445,0,17,17,0,3,0,not_applicable,True,0,1,15,0,0.0625,1.0,0.9375,0.0,1.0,0.0,0.0,0.0,20.900067,0.0
20260713T192338606063Z_C2_AutoScanning_full_alpha_docker_misconfiguration_r1,C2_AutoScanning,full_alpha_docker_misconfiguration,docker_misconfiguration,1,full_protocol_20260713_rigorous,True,20.31508590001613,20.026990400103386,0,17,17,0,3,0,not_applicable,True,0,1,15,0,0.0625,1.0,0.9375,0.0,1.0,0.0,0.0,0.0,20.31314,0.0
20260713T192358977091Z_C3_PolicyOnly_full_alpha_docker_misconfiguration_r1,C3_PolicyOnly,full_alpha_docker_misconfiguration,docker_misconfiguration,1,full_protocol_20260713_rigorous,True,21.7529667999479,21.306829599954654,0,17,17,0,3,0,opa,True,0,1,15,0,0.0625,1.0,0.9375,0.0,1.0,0.0,0.0,0.0,21.585223,0.0
20260713T192420788675Z_C4_AgentsOnly_full_alpha_docker_misconfiguration_r1,C4_AgentsOnly,full_alpha_docker_misconfiguration,docker_misconfiguration,1,full_protocol_20260713_rigorous,True,41.40118410001742,40.807333000178915,0,17,16,0,2,0,not_applicable,True,0,1,15,0,0.0625,1.0,0.9375,0.0,1.0,0.058823529411764705,1.0,1.0,20.512195,0.242699
20260713T192502249758Z_C5_SecFlowOps_full_alpha_docker_misconfiguration_r1,C5_SecFlowOps,full_alpha_docker_misconfiguration,docker_misconfiguration,1,full_protocol_20260713_rigorous,True,41.56824609998148,40.85247669997625,0,17,16,0,2,0,opa,True,0,1,15,0,0.0625,1.0,0.9375,0.0,1.0,0.058823529411764705,1.0,1.0,20.83604,0.226633
20260713T192543874897Z_C0_BuildOnly_full_alpha_k8s_misconfiguration_r1,C0_BuildOnly,full_alpha_k8s_misconfiguration,k8s_misconfiguration,1,full_protocol_20260713_rigorous,True,0.2330591999925673,0.0,0,0,0,0,0,0,not_applicable,True,0,0,0,1,0.0,0.0,0.0,1.0,0.0,0.0,0.0,0.0,0.0,0.0
20260713T192544169186Z_C1_NonBlockingScanning_full_alpha_k8s_misconfiguration_r1,C1_NonBlockingScanning,full_alpha_k8s_misconfiguration,k8s_misconfiguration,1,full_protocol_20260713_rigorous,True,20.78538060002029,20.493243099946994,0,20,20,0,3,0,not_applicable,True,0,1,1,0,0.5,1.0,0.5,0.0,1.0,0.0,0.0,0.0,20.782422,0.0
20260713T192605012147Z_C2_AutoScanning_full_alpha_k8s_misconfiguration_r1,C2_AutoScanning,full_alpha_k8s_misconfiguration,k8s_misconfiguration,1,full_protocol_20260713_rigorous,True,20.73565079999389,20.4536008000141,0,20,20,0,3,0,not_applicable,True,0,1,1,0,0.5,1.0,0.5,0.0,1.0,0.0,0.0,0.0,20.733759,0.0
20260713T192625809257Z_C3_PolicyOnly_full_alpha_k8s_misconfiguration_r1,C3_PolicyOnly,full_alpha_k8s_misconfiguration,k8s_misconfiguration,1,full_protocol_20260713_rigorous,True,21.209553399996366,20.795965500059538,0,20,20,0,3,0,opa,True,0,1,1,0,0.5,1.0,0.5,0.0,1.0,0.0,0.0,0.0,21.070236,0.0
20260713T192647072554Z_C4_AgentsOnly_full_alpha_k8s_misconfiguration_r1,C4_AgentsOnly,full_alpha_k8s_misconfiguration,k8s_misconfiguration,1,full_protocol_20260713_rigorous,True,43.780708500009496,43.2183089000755,0,20,16,0,2,0,not_applicable,True,0,1,1,0,0.5,1.0,0.5,0.0,1.0,0.05,1.0,1.0,20.756246,0.226628
20260713T192730913005Z_C5_SecFlowOps_full_alpha_k8s_misconfiguration_r1,C5_SecFlowOps,full_alpha_k8s_misconfiguration,k8s_misconfiguration,1,full_protocol_20260713_rigorous,True,39.416373200016096,38.648623100016266,0,20,16,0,2,0,opa,True,0,1,1,0,0.5,1.0,0.5,0.0,1.0,0.05,1.0,1.0,20.196266,0.218754
20260713T192810436158Z_C0_BuildOnly_full_alpha_multi_layer_r1,C0_BuildOnly,full_alpha_multi_layer,multi_layer,1,full_protocol_20260713_rigorous,True,0.35498980002012104,0.0,0,0,0,0,0,0,not_applicable,True,0,0,0,7,0.0,0.0,0.0,1.0,0.0,0.0,0.0,0.0,0.0,0.0
20260713T192810875978Z_C1_NonBlockingScanning_full_alpha_multi_layer_r1,C1_NonBlockingScanning,full_alpha_multi_layer,multi_layer,1,full_protocol_20260713_rigorous,True,19.467428800009657,19.178374900016934,0,64,64,7,21,1,not_applicable,True,0,6,39,1,0.13333333333333333,0.8571428571428571,0.8666666666666667,0.14285714285714285,0.8571428571428571,0.0,0.0,0.0,19.462911,0.0
20260713T192830415905Z_C2_AutoScanning_full_alpha_multi_layer_r1,C2_AutoScanning,full_alpha_multi_layer,multi_layer,1,full_protocol_20260713_rigorous,True,20.770293900044635,20.269613799988292,0,64,64,7,21,1,not_applicable,True,0,6,39,1,0.13333333333333333,0.8571428571428571,0.8666666666666667,0.14285714285714285,0.8571428571428571,0.0,0.0,0.0,20.767469,0.0
20260713T192851258081Z_C3_PolicyOnly_full_alpha_multi_layer_r1,C3_PolicyOnly,full_alpha_multi_layer,multi_layer,1,full_protocol_20260713_rigorous,False,23.735676200012676,23.349604299932253,0,64,64,7,21,1,opa,False,4,6,39,1,0.13333333333333333,0.8571428571428571,0.8666666666666667,0.14285714285714285,0.8571428571428571,0.0,0.0,0.0,23.618205,0.0
20260713T192915051937Z_C4_AgentsOnly_full_alpha_multi_layer_r1,C4_AgentsOnly,full_alpha_multi_layer,multi_layer,1,full_protocol_20260713_rigorous,True,41.31137650000164,40.750481399998534,0,64,16,0,2,0,not_applicable,True,0,6,39,1,0.13333333333333333,0.8571428571428571,0.8666666666666667,0.14285714285714285,0.8571428571428571,0.078125,1.0,1.0,21.131638,0.24545
20260713T192956415314Z_C5_SecFlowOps_full_alpha_multi_layer_r1,C5_SecFlowOps,full_alpha_multi_layer,multi_layer,1,full_protocol_20260713_rigorous,True,41.254367399960756,40.57384920003824,0,64,16,0,2,0,opa,True,0,6,39,1,0.13333333333333333,0.8571428571428571,0.8666666666666667,0.14285714285714285,0.8571428571428571,0.078125,1.0,1.0,21.636682,0.228614
20260713T193037727148Z_C0_BuildOnly_full_beta_clean_r1,C0_BuildOnly,full_beta_clean,clean,1,full_protocol_20260713_rigorous,True,0.2041744000161998,0.0,0,0,0,0,0,0,not_applicable,True,0,0,0,0,0.0,0.0,0.0,0.0,0.0,0.0,0.0,0.0,0.0,0.0
20260713T193037990185Z_C1_NonBlockingScanning_full_beta_clean_r1,C1_NonBlockingScanning,full_beta_clean,clean,1,full_protocol_20260713_rigorous,True,19.842250600049738,19.59575999993831,0,16,16,0,2,0,not_applicable,True,0,0,16,0,0.0,0.0,1.0,0.0,0.0,0.0,0.0,0.0,19.838978,0.0
20260713T193057897124Z_C2_AutoScanning_full_beta_clean_r1,C2_AutoScanning,full_beta_clean,clean,1,full_protocol_20260713_rigorous,True,21.624715299985837,21.373654399998486,0,16,16,0,2,0,not_applicable,True,0,0,16,0,0.0,0.0,1.0,0.0,0.0,0.0,0.0,0.0,21.62229,0.0
20260713T193119577994Z_C3_PolicyOnly_full_beta_clean_r1,C3_PolicyOnly,full_beta_clean,clean,1,full_protocol_20260713_rigorous,True,20.43956759996945,20.054030900006182,0,16,16,0,2,0,opa,True,0,0,16,0,0.0,0.0,1.0,0.0,0.0,0.0,0.0,0.0,20.331801,0.0
20260713T193140072848Z_C4_AgentsOnly_full_beta_clean_r1,C4_AgentsOnly,full_beta_clean,clean,1,full_protocol_20260713_rigorous,True,41.194118400046136,40.619843199907336,0,16,16,0,2,0,not_applicable,True,0,0,16,0,0.0,0.0,1.0,0.0,0.0,0.0,0.0,0.0,20.055421,0.0
20260713T193221316743Z_C5_SecFlowOps_full_beta_clean_r1,C5_SecFlowOps,full_beta_clean,clean,1,full_protocol_20260713_rigorous,True,40.94411610002862,40.184967200038955,0,16,16,0,2,0,opa,True,0,0,16,0,0.0,0.0,1.0,0.0,0.0,0.0,0.0,0.0,20.806623,0.0
20260713T193302312842Z_C0_BuildOnly_full_beta_vulnerable_dependency_r1,C0_BuildOnly,full_beta_vulnerable_dependency,vulnerable_dependency,1,full_protocol_20260713_rigorous,True,0.2628172999829985,0.0,0,0,0,0,0,0,not_applicable,True,0,0,0,1,0.0,0.0,0.0,1.0,0.0,0.0,0.0,0.0,0.0,0.0
20260713T193302654843Z_C1_NonBlockingScanning_full_beta_vulnerable_dependency_r1,C1_NonBlockingScanning,full_beta_vulnerable_dependency,vulnerable_dependency,1,full_protocol_20260713_rigorous,True,20.02246330003254,19.712066000094637,0,56,56,6,18,0,not_applicable,True,0,1,55,0,0.017857142857142856,1.0,0.9821428571428571,0.0,1.0,0.0,0.0,0.0,20.019432,0.0
20260713T193322741810Z_C2_AutoScanning_full_beta_vulnerable_dependency_r1,C2_AutoScanning,full_beta_vulnerable_dependency,vulnerable_dependency,1,full_protocol_20260713_rigorous,True,20.839381199970376,20.51703729998553,0,56,56,6,18,0,not_applicable,True,0,1,55,0,0.017857142857142856,1.0,0.9821428571428571,0.0,1.0,0.0,0.0,0.0,20.835994,0.0
20260713T193343634512Z_C3_PolicyOnly_full_beta_vulnerable_dependency_r1,C3_PolicyOnly,full_beta_vulnerable_dependency,vulnerable_dependency,1,full_protocol_20260713_rigorous,False,20.748423299985006,20.335313199961092,0,56,56,6,18,0,opa,False,3,1,55,0,0.017857142857142856,1.0,0.9821428571428571,0.0,1.0,0.0,0.0,0.0,20.634619,0.0
20260713T193404433468Z_C4_AgentsOnly_full_beta_vulnerable_dependency_r1,C4_AgentsOnly,full_beta_vulnerable_dependency,vulnerable_dependency,1,full_protocol_20260713_rigorous,True,39.87327979999827,39.31527769996319,0,56,16,0,2,0,not_applicable,True,0,1,55,0,0.017857142857142856,1.0,0.9821428571428571,0.0,1.0,0.017857142857142856,1.0,1.0,20.056131,0.216089
20260713T193444368842Z_C5_SecFlowOps_full_beta_vulnerable_dependency_r1,C5_SecFlowOps,full_beta_vulnerable_dependency,vulnerable_dependency,1,full_protocol_20260713_rigorous,True,39.54574919998413,38.8678584000445,0,56,16,0,2,0,opa,True,0,1,55,0,0.017857142857142856,1.0,0.9821428571428571,0.0,1.0,0.017857142857142856,1.0,1.0,19.478806,0.233506
20260713T193523964360Z_C0_BuildOnly_full_beta_fake_secret_r1,C0_BuildOnly,full_beta_fake_secret,fake_secret,1,full_protocol_20260713_rigorous,True,0.20369180000852793,0.0,0,0,0,0,0,0,not_applicable,True,0,0,0,1,0.0,0.0,0.0,1.0,0.0,0.0,0.0,0.0,0.0,0.0
20260713T193524226883Z_C1_NonBlockingScanning_full_beta_fake_secret_r1,C1_NonBlockingScanning,full_beta_fake_secret,fake_secret,1,full_protocol_20260713_rigorous,True,19.728843399963807,19.473998499976005,0,17,17,1,2,1,not_applicable,True,0,1,16,0,0.058823529411764705,1.0,0.9411764705882353,0.0,1.0,0.0,0.0,0.0,19.726334,0.0
20260713T193544008251Z_C2_AutoScanning_full_beta_fake_secret_r1,C2_AutoScanning,full_beta_fake_secret,fake_secret,1,full_protocol_20260713_rigorous,True,20.229798000014853,19.973828600079287,0,17,17,1,2,1,not_applicable,True,0,1,16,0,0.058823529411764705,1.0,0.9411764705882353,0.0,1.0,0.0,0.0,0.0,20.226522,0.0
20260713T193604291631Z_C3_PolicyOnly_full_beta_fake_secret_r1,C3_PolicyOnly,full_beta_fake_secret,fake_secret,1,full_protocol_20260713_rigorous,False,20.823435899976175,20.308902099961415,0,17,17,1,2,1,opa,False,3,1,16,0,0.058823529411764705,1.0,0.9411764705882353,0.0,1.0,0.0,0.0,0.0,20.713412,0.0
20260713T193625188053Z_C4_AgentsOnly_full_beta_fake_secret_r1,C4_AgentsOnly,full_beta_fake_secret,fake_secret,1,full_protocol_20260713_rigorous,True,39.85778959997697,39.322377599950414,0,17,16,0,2,0,not_applicable,True,0,1,16,0,0.058823529411764705,1.0,0.9411764705882353,0.0,1.0,0.058823529411764705,1.0,1.0,20.002558,0.205633
20260713T193705105826Z_C5_SecFlowOps_full_beta_fake_secret_r1,C5_SecFlowOps,full_beta_fake_secret,fake_secret,1,full_protocol_20260713_rigorous,True,40.29797549999785,39.63548840006115,0,17,16,0,2,0,opa,True,0,1,16,0,0.058823529411764705,1.0,0.9411764705882353,0.0,1.0,0.058823529411764705,1.0,1.0,19.851688,0.237743
20260713T193745458911Z_C0_BuildOnly_full_beta_sast_reflected_xss_r1,C0_BuildOnly,full_beta_sast_reflected_xss,sast_reflected_xss,1,full_protocol_20260713_rigorous,True,0.208868799963966,0.0,0,0,0,0,0,0,not_applicable,True,0,0,0,2,0.0,0.0,0.0,1.0,0.0,0.0,0.0,0.0,0.0,0.0
20260713T193745731130Z_C1_NonBlockingScanning_full_beta_sast_reflected_xss_r1,C1_NonBlockingScanning,full_beta_sast_reflected_xss,sast_reflected_xss,1,full_protocol_20260713_rigorous,True,20.12592640001094,19.839785400021356,0,17,17,0,2,0,not_applicable,True,0,1,16,1,0.058823529411764705,0.5,0.9411764705882353,0.5,0.5,0.0,0.0,0.0,20.12368,0.0
20260713T193805908736Z_C2_AutoScanning_full_beta_sast_reflected_xss_r1,C2_AutoScanning,full_beta_sast_reflected_xss,sast_reflected_xss,1,full_protocol_20260713_rigorous,True,20.187200499989558,19.874273799883667,0,17,17,0,2,0,not_applicable,True,0,1,16,1,0.058823529411764705,0.5,0.9411764705882353,0.5,0.5,0.0,0.0,0.0,20.185341,0.0
20260713T193826157147Z_C3_PolicyOnly_full_beta_sast_reflected_xss_r1,C3_PolicyOnly,full_beta_sast_reflected_xss,sast_reflected_xss,1,full_protocol_20260713_rigorous,True,20.16525640001055,19.77069980005035,0,17,17,0,2,0,opa,True,0,1,16,1,0.058823529411764705,0.5,0.9411764705882353,0.5,0.5,0.0,0.0,0.0,20.046237,0.0
20260713T193846375654Z_C4_AgentsOnly_full_beta_sast_reflected_xss_r1,C4_AgentsOnly,full_beta_sast_reflected_xss,sast_reflected_xss,1,full_protocol_20260713_rigorous,True,40.31702519999817,39.8076890000375,0,17,16,0,2,0,not_applicable,True,0,1,16,1,0.058823529411764705,0.5,0.9411764705882353,0.5,0.5,0.058823529411764705,1.0,1.0,20.360448,0.207874
20260713T193926745960Z_C5_SecFlowOps_full_beta_sast_reflected_xss_r1,C5_SecFlowOps,full_beta_sast_reflected_xss,sast_reflected_xss,1,full_protocol_20260713_rigorous,True,40.68462610000279,40.01480729994364,0,17,16,0,2,0,opa,True,0,1,16,1,0.058823529411764705,0.5,0.9411764705882353,0.5,0.5,0.058823529411764705,1.0,1.0,19.993595,0.210757
20260713T194007481766Z_C0_BuildOnly_full_beta_sast_sql_injection_r1,C0_BuildOnly,full_beta_sast_sql_injection,sast_sql_injection,1,full_protocol_20260713_rigorous,True,0.21648730000015348,0.0,0,0,0,0,0,0,not_applicable,True,0,0,0,1,0.0,0.0,0.0,1.0,0.0,0.0,0.0,0.0,0.0,0.0
20260713T194007753919Z_C1_NonBlockingScanning_full_beta_sast_sql_injection_r1,C1_NonBlockingScanning,full_beta_sast_sql_injection,sast_sql_injection,1,full_protocol_20260713_rigorous,True,21.01071309996769,20.703321799985133,0,17,17,0,3,0,not_applicable,True,0,1,16,0,0.058823529411764705,1.0,0.9411764705882353,0.0,1.0,0.0,0.0,0.0,21.008687,0.0
20260713T194028832675Z_C2_AutoScanning_full_beta_sast_sql_injection_r1,C2_AutoScanning,full_beta_sast_sql_injection,sast_sql_injection,1,full_protocol_20260713_rigorous,True,19.956089300045278,19.699450300016906,0,17,17,0,3,0,not_applicable,True,0,1,16,0,0.058823529411764705,1.0,0.9411764705882353,0.0,1.0,0.0,0.0,0.0,19.953931,0.0
20260713T194048842941Z_C3_PolicyOnly_full_beta_sast_sql_injection_r1,C3_PolicyOnly,full_beta_sast_sql_injection,sast_sql_injection,1,full_protocol_20260713_rigorous,True,20.224301900016144,19.87302020000061,0,17,17,0,3,0,opa,True,0,1,16,0,0.058823529411764705,1.0,0.9411764705882353,0.0,1.0,0.0,0.0,0.0,20.115378,0.0
20260713T194109119817Z_C4_AgentsOnly_full_beta_sast_sql_injection_r1,C4_AgentsOnly,full_beta_sast_sql_injection,sast_sql_injection,1,full_protocol_20260713_rigorous,True,39.347212599997874,38.81034780002665,0,17,16,0,2,0,not_applicable,True,0,1,16,0,0.058823529411764705,1.0,0.9411764705882353,0.0,1.0,0.058823529411764705,1.0,1.0,19.694914,0.232308
20260713T194148515591Z_C5_SecFlowOps_full_beta_sast_sql_injection_r1,C5_SecFlowOps,full_beta_sast_sql_injection,sast_sql_injection,1,full_protocol_20260713_rigorous,True,40.98437969997758,40.29542549996404,0,17,16,0,2,0,opa,True,0,1,16,0,0.058823529411764705,1.0,0.9411764705882353,0.0,1.0,0.058823529411764705,1.0,1.0,20.500572,0.208039
20260713T194229560629Z_C0_BuildOnly_full_beta_docker_misconfiguration_r1,C0_BuildOnly,full_beta_docker_misconfiguration,docker_misconfiguration,1,full_protocol_20260713_rigorous,True,0.19538180000381544,0.0,0,0,0,0,0,0,not_applicable,True,0,0,0,1,0.0,0.0,0.0,1.0,0.0,0.0,0.0,0.0,0.0,0.0
20260713T194229815735Z_C1_NonBlockingScanning_full_beta_docker_misconfiguration_r1,C1_NonBlockingScanning,full_beta_docker_misconfiguration,docker_misconfiguration,1,full_protocol_20260713_rigorous,True,20.019173700013198,19.757480600033887,0,17,17,0,3,0,not_applicable,True,0,1,15,0,0.0625,1.0,0.9375,0.0,1.0,0.0,0.0,0.0,20.016884,0.0
20260713T194249886020Z_C2_AutoScanning_full_beta_docker_misconfiguration_r1,C2_AutoScanning,full_beta_docker_misconfiguration,docker_misconfiguration,1,full_protocol_20260713_rigorous,True,20.09777919994667,19.82119769998826,0,17,17,0,3,0,not_applicable,True,0,1,15,0,0.0625,1.0,0.9375,0.0,1.0,0.0,0.0,0.0,20.095648,0.0
20260713T194310037153Z_C3_PolicyOnly_full_beta_docker_misconfiguration_r1,C3_PolicyOnly,full_beta_docker_misconfiguration,docker_misconfiguration,1,full_protocol_20260713_rigorous,True,20.44536180002615,20.05852100008633,0,17,17,0,3,0,opa,True,0,1,15,0,0.0625,1.0,0.9375,0.0,1.0,0.0,0.0,0.0,20.323147,0.0
20260713T194330537285Z_C4_AgentsOnly_full_beta_docker_misconfiguration_r1,C4_AgentsOnly,full_beta_docker_misconfiguration,docker_misconfiguration,1,full_protocol_20260713_rigorous,True,40.83103420003317,40.240126300021075,0,17,16,0,2,0,not_applicable,True,0,1,15,0,0.0625,1.0,0.9375,0.0,1.0,0.058823529411764705,1.0,1.0,20.263372,0.200562
20260713T194411435527Z_C5_SecFlowOps_full_beta_docker_misconfiguration_r1,C5_SecFlowOps,full_beta_docker_misconfiguration,docker_misconfiguration,1,full_protocol_20260713_rigorous,True,45.44075129996054,44.60880760010332,0,17,16,0,2,0,opa,True,0,1,15,0,0.0625,1.0,0.9375,0.0,1.0,0.058823529411764705,1.0,1.0,25.122447,0.22681
20260713T194456979568Z_C0_BuildOnly_full_beta_k8s_misconfiguration_r1,C0_BuildOnly,full_beta_k8s_misconfiguration,k8s_misconfiguration,1,full_protocol_20260713_rigorous,True,0.20854070002678782,0.0,0,0,0,0,0,0,not_applicable,True,0,0,0,1,0.0,0.0,0.0,1.0,0.0,0.0,0.0,0.0,0.0,0.0
20260713T194457250074Z_C1_NonBlockingScanning_full_beta_k8s_misconfiguration_r1,C1_NonBlockingScanning,full_beta_k8s_misconfiguration,k8s_misconfiguration,1,full_protocol_20260713_rigorous,True,19.55209210002795,19.286569000047166,0,20,20,0,3,0,not_applicable,True,0,1,1,0,0.5,1.0,0.5,0.0,1.0,0.0,0.0,0.0,19.549451,0.0
20260713T194516858178Z_C2_AutoScanning_full_beta_k8s_misconfiguration_r1,C2_AutoScanning,full_beta_k8s_misconfiguration,k8s_misconfiguration,1,full_protocol_20260713_rigorous,True,19.998722399992403,19.728420099942014,0,20,20,0,3,0,not_applicable,True,0,1,1,0,0.5,1.0,0.5,0.0,1.0,0.0,0.0,0.0,19.996546,0.0
20260713T194536907635Z_C3_PolicyOnly_full_beta_k8s_misconfiguration_r1,C3_PolicyOnly,full_beta_k8s_misconfiguration,k8s_misconfiguration,1,full_protocol_20260713_rigorous,True,19.617163299990352,19.252077399985865,0,20,20,0,3,0,opa,True,0,1,1,0,0.5,1.0,0.5,0.0,1.0,0.0,0.0,0.0,19.496259,0.0
20260713T194556578757Z_C4_AgentsOnly_full_beta_k8s_misconfiguration_r1,C4_AgentsOnly,full_beta_k8s_misconfiguration,k8s_misconfiguration,1,full_protocol_20260713_rigorous,True,39.689250399998855,39.11273449996952,0,20,16,0,2,0,not_applicable,True,0,1,1,0,0.5,1.0,0.5,0.0,1.0,0.05,1.0,1.0,19.94802,0.2069
20260713T194636332186Z_C5_SecFlowOps_full_beta_k8s_misconfiguration_r1,C5_SecFlowOps,full_beta_k8s_misconfiguration,k8s_misconfiguration,1,full_protocol_20260713_rigorous,True,39.012767100008205,38.36959869990824,0,20,16,0,2,0,opa,True,0,1,1,0,0.5,1.0,0.5,0.0,1.0,0.05,1.0,1.0,19.513446,0.198608
20260713T194715396152Z_C0_BuildOnly_full_beta_multi_layer_r1,C0_BuildOnly,full_beta_multi_layer,multi_layer,1,full_protocol_20260713_rigorous,True,0.2077417999971658,0.0,0,0,0,0,0,0,not_applicable,True,0,0,0,7,0.0,0.0,0.0,1.0,0.0,0.0,0.0,0.0,0.0,0.0
20260713T194715661945Z_C1_NonBlockingScanning_full_beta_multi_layer_r1,C1_NonBlockingScanning,full_beta_multi_layer,multi_layer,1,full_protocol_20260713_rigorous,True,19.34885030001169,19.095011899946257,0,64,64,7,21,1,not_applicable,True,0,6,39,1,0.13333333333333333,0.8571428571428571,0.8666666666666667,0.14285714285714285,0.8571428571428571,0.0,0.0,0.0,19.34638,0.0
20260713T194735073086Z_C2_AutoScanning_full_beta_multi_layer_r1,C2_AutoScanning,full_beta_multi_layer,multi_layer,1,full_protocol_20260713_rigorous,True,19.50272369995946,19.243266800011043,0,64,64,7,21,1,not_applicable,True,0,6,39,1,0.13333333333333333,0.8571428571428571,0.8666666666666667,0.14285714285714285,0.8571428571428571,0.0,0.0,0.0,19.50016,0.0
20260713T194754627228Z_C3_PolicyOnly_full_beta_multi_layer_r1,C3_PolicyOnly,full_beta_multi_layer,multi_layer,1,full_protocol_20260713_rigorous,False,20.150222300027963,19.780238499923144,0,64,64,7,21,1,opa,False,4,6,39,1,0.13333333333333333,0.8571428571428571,0.8666666666666667,0.14285714285714285,0.8571428571428571,0.0,0.0,0.0,20.034827,0.0
20260713T194814827326Z_C4_AgentsOnly_full_beta_multi_layer_r1,C4_AgentsOnly,full_beta_multi_layer,multi_layer,1,full_protocol_20260713_rigorous,True,39.73132240003906,39.17076219985029,0,64,16,0,2,0,not_applicable,True,0,6,39,1,0.13333333333333333,0.8571428571428571,0.8666666666666667,0.14285714285714285,0.8571428571428571,0.078125,1.0,1.0,19.995244,0.233106
20260713T194854620084Z_C5_SecFlowOps_full_beta_multi_layer_r1,C5_SecFlowOps,full_beta_multi_layer,multi_layer,1,full_protocol_20260713_rigorous,True,39.56304239999736,38.925250600033905,0,64,16,0,2,0,opa,True,0,6,39,1,0.13333333333333333,0.8571428571428571,0.8666666666666667,0.14285714285714285,0.8571428571428571,0.078125,1.0,1.0,19.702594,0.223887
20260713T194934236572Z_C0_BuildOnly_full_gamma_clean_r1,C0_BuildOnly,full_gamma_clean,clean,1,full_protocol_20260713_rigorous,True,0.21305550000397488,0.0,0,0,0,0,0,0,not_applicable,True,0,0,0,0,0.0,0.0,0.0,0.0,0.0,0.0,0.0,0.0,0.0,0.0
20260713T194934513169Z_C1_NonBlockingScanning_full_gamma_clean_r1,C1_NonBlockingScanning,full_gamma_clean,clean,1,full_protocol_20260713_rigorous,True,19.63879990001442,19.37949749996187,0,16,16,0,2,0,not_applicable,True,0,0,16,0,0.0,0.0,1.0,0.0,0.0,0.0,0.0,0.0,19.63695,0.0
20260713T194954207032Z_C2_AutoScanning_full_gamma_clean_r1,C2_AutoScanning,full_gamma_clean,clean,1,full_protocol_20260713_rigorous,True,20.203164700011257,19.93679439998232,0,16,16,0,2,0,not_applicable,True,0,0,16,0,0.0,0.0,1.0,0.0,0.0,0.0,0.0,0.0,20.201547,0.0
20260713T195014459631Z_C3_PolicyOnly_full_gamma_clean_r1,C3_PolicyOnly,full_gamma_clean,clean,1,full_protocol_20260713_rigorous,True,19.850048499996774,19.455162499914877,0,16,16,0,2,0,opa,True,0,0,16,0,0.0,0.0,1.0,0.0,0.0,0.0,0.0,0.0,19.743889,0.0
20260713T195034367036Z_C4_AgentsOnly_full_gamma_clean_r1,C4_AgentsOnly,full_gamma_clean,clean,1,full_protocol_20260713_rigorous,True,43.314568699977826,42.68502390006324,0,16,16,0,2,0,not_applicable,True,0,0,16,0,0.0,0.0,1.0,0.0,0.0,0.0,0.0,0.0,21.474066,0.0
20260713T195117739928Z_C5_SecFlowOps_full_gamma_clean_r1,C5_SecFlowOps,full_gamma_clean,clean,1,full_protocol_20260713_rigorous,True,43.16974159999518,42.480511800036766,0,16,16,0,2,0,opa,True,0,0,16,0,0.0,0.0,1.0,0.0,0.0,0.0,0.0,0.0,21.134023,0.0
20260713T195200965475Z_C0_BuildOnly_full_gamma_vulnerable_dependency_r1,C0_BuildOnly,full_gamma_vulnerable_dependency,vulnerable_dependency,1,full_protocol_20260713_rigorous,True,0.277552499959711,0.0,0,0,0,0,0,0,not_applicable,True,0,0,0,1,0.0,0.0,0.0,1.0,0.0,0.0,0.0,0.0,0.0,0.0
20260713T195201314473Z_C1_NonBlockingScanning_full_gamma_vulnerable_dependency_r1,C1_NonBlockingScanning,full_gamma_vulnerable_dependency,vulnerable_dependency,1,full_protocol_20260713_rigorous,True,22.167033199977595,21.756902799999807,0,56,56,6,18,0,not_applicable,True,0,1,55,0,0.017857142857142856,1.0,0.9821428571428571,0.0,1.0,0.0,0.0,0.0,22.164382,0.0
20260713T195223549605Z_C2_AutoScanning_full_gamma_vulnerable_dependency_r1,C2_AutoScanning,full_gamma_vulnerable_dependency,vulnerable_dependency,1,full_protocol_20260713_rigorous,True,22.742779100022744,22.467313799948897,0,56,56,6,18,0,not_applicable,True,0,1,55,0,0.017857142857142856,1.0,0.9821428571428571,0.0,1.0,0.0,0.0,0.0,22.738485,0.0
20260713T195246348390Z_C3_PolicyOnly_full_gamma_vulnerable_dependency_r1,C3_PolicyOnly,full_gamma_vulnerable_dependency,vulnerable_dependency,1,full_protocol_20260713_rigorous,False,20.636037799995393,20.241054299927782,0,56,56,6,18,0,opa,False,3,1,55,0,0.017857142857142856,1.0,0.9821428571428571,0.0,1.0,0.0,0.0,0.0,20.521716,0.0
20260713T195307041573Z_C4_AgentsOnly_full_gamma_vulnerable_dependency_r1,C4_AgentsOnly,full_gamma_vulnerable_dependency,vulnerable_dependency,1,full_protocol_20260713_rigorous,True,40.46775860001799,39.9395036000642,0,56,16,0,2,0,not_applicable,True,0,1,55,0,0.017857142857142856,1.0,0.9821428571428571,0.0,1.0,0.017857142857142856,1.0,1.0,20.03639,0.209742
20260713T195347560877Z_C5_SecFlowOps_full_gamma_vulnerable_dependency_r1,C5_SecFlowOps,full_gamma_vulnerable_dependency,vulnerable_dependency,1,full_protocol_20260713_rigorous,True,39.53065530001186,38.823266500025056,0,56,16,0,2,0,opa,True,0,1,55,0,0.017857142857142856,1.0,0.9821428571428571,0.0,1.0,0.017857142857142856,1.0,1.0,19.87835,0.233486
20260713T195427148488Z_C0_BuildOnly_full_gamma_fake_secret_r1,C0_BuildOnly,full_gamma_fake_secret,fake_secret,1,full_protocol_20260713_rigorous,True,0.18993749999208376,0.0,0,0,0,0,0,0,not_applicable,True,0,0,0,1,0.0,0.0,0.0,1.0,0.0,0.0,0.0,0.0,0.0,0.0
20260713T195427394258Z_C1_NonBlockingScanning_full_gamma_fake_secret_r1,C1_NonBlockingScanning,full_gamma_fake_secret,fake_secret,1,full_protocol_20260713_rigorous,True,20.214034500007983,19.972539000038523,0,17,17,1,2,1,not_applicable,True,0,1,16,0,0.058823529411764705,1.0,0.9411764705882353,0.0,1.0,0.0,0.0,0.0,20.211898,0.0
20260713T195447659824Z_C2_AutoScanning_full_gamma_fake_secret_r1,C2_AutoScanning,full_gamma_fake_secret,fake_secret,1,full_protocol_20260713_rigorous,True,19.98550810001325,19.732588699960615,0,17,17,1,2,1,not_applicable,True,0,1,16,0,0.058823529411764705,1.0,0.9411764705882353,0.0,1.0,0.0,0.0,0.0,19.983006,0.0
20260713T195507697369Z_C3_PolicyOnly_full_gamma_fake_secret_r1,C3_PolicyOnly,full_gamma_fake_secret,fake_secret,1,full_protocol_20260713_rigorous,False,19.808488100010436,19.454662600008305,0,17,17,1,2,1,opa,False,3,1,16,0,0.058823529411764705,1.0,0.9411764705882353,0.0,1.0,0.0,0.0,0.0,19.70181,0.0
20260713T195527563103Z_C4_AgentsOnly_full_gamma_fake_secret_r1,C4_AgentsOnly,full_gamma_fake_secret,fake_secret,1,full_protocol_20260713_rigorous,True,40.45289789995877,39.87872619990958,0,17,16,0,2,0,not_applicable,True,0,1,16,0,0.058823529411764705,1.0,0.9411764705882353,0.0,1.0,0.058823529411764705,1.0,1.0,20.175934,0.255014
20260713T195608069624Z_C5_SecFlowOps_full_gamma_fake_secret_r1,C5_SecFlowOps,full_gamma_fake_secret,fake_secret,1,full_protocol_20260713_rigorous,True,39.99423429998569,39.39286090002861,0,17,16,0,2,0,opa,True,0,1,16,0,0.058823529411764705,1.0,0.9411764705882353,0.0,1.0,0.058823529411764705,1.0,1.0,20.119015,0.20019
20260713T195648118435Z_C0_BuildOnly_full_gamma_sast_reflected_xss_r1,C0_BuildOnly,full_gamma_sast_reflected_xss,sast_reflected_xss,1,full_protocol_20260713_rigorous,True,0.18750509998062626,0.0,0,0,0,0,0,0,not_applicable,True,0,0,0,2,0.0,0.0,0.0,1.0,0.0,0.0,0.0,0.0,0.0,0.0
20260713T195648360998Z_C1_NonBlockingScanning_full_gamma_sast_reflected_xss_r1,C1_NonBlockingScanning,full_gamma_sast_reflected_xss,sast_reflected_xss,1,full_protocol_20260713_rigorous,True,19.663127499981783,19.430195300024934,0,17,17,0,2,0,not_applicable,True,0,1,16,1,0.058823529411764705,0.5,0.9411764705882353,0.5,0.5,0.0,0.0,0.0,19.660817,0.0
20260713T195708076294Z_C2_AutoScanning_full_gamma_sast_reflected_xss_r1,C2_AutoScanning,full_gamma_sast_reflected_xss,sast_reflected_xss,1,full_protocol_20260713_rigorous,True,19.83551649999572,19.58995039993897,0,17,17,0,2,0,not_applicable,True,0,1,16,1,0.058823529411764705,0.5,0.9411764705882353,0.5,0.5,0.0,0.0,0.0,19.833615,0.0
20260713T195727966264Z_C3_PolicyOnly_full_gamma_sast_reflected_xss_r1,C3_PolicyOnly,full_gamma_sast_reflected_xss,sast_reflected_xss,1,full_protocol_20260713_rigorous,True,20.10609580000164,19.755371800041758,0,17,17,0,2,0,opa,True,0,1,16,1,0.058823529411764705,0.5,0.9411764705882353,0.5,0.5,0.0,0.0,0.0,20.005636,0.0
20260713T195748127277Z_C4_AgentsOnly_full_gamma_sast_reflected_xss_r1,C4_AgentsOnly,full_gamma_sast_reflected_xss,sast_reflected_xss,1,full_protocol_20260713_rigorous,True,39.41988380003022,38.89860940002836,0,17,16,0,2,0,not_applicable,True,0,1,16,1,0.058823529411764705,0.5,0.9411764705882353,0.5,0.5,0.058823529411764705,1.0,1.0,19.914131,0.20135
20260713T195827597152Z_C5_SecFlowOps_full_gamma_sast_reflected_xss_r1,C5_SecFlowOps,full_gamma_sast_reflected_xss,sast_reflected_xss,1,full_protocol_20260713_rigorous,True,40.288333599979524,39.66631920001237,0,17,16,0,2,0,opa,True,0,1,16,1,0.058823529411764705,0.5,0.9411764705882353,0.5,0.5,0.058823529411764705,1.0,1.0,19.936821,0.206089
20260713T195907939663Z_C0_BuildOnly_full_gamma_sast_sql_injection_r1,C0_BuildOnly,full_gamma_sast_sql_injection,sast_sql_injection,1,full_protocol_20260713_rigorous,True,0.20467289997031912,0.0,0,0,0,0,0,0,not_applicable,True,0,0,0,1,0.0,0.0,0.0,1.0,0.0,0.0,0.0,0.0,0.0,0.0
20260713T195908209915Z_C1_NonBlockingScanning_full_gamma_sast_sql_injection_r1,C1_NonBlockingScanning,full_gamma_sast_sql_injection,sast_sql_injection,1,full_protocol_20260713_rigorous,True,20.2400291999802,19.974446599953808,0,17,17,0,3,0,not_applicable,True,0,1,16,0,0.058823529411764705,1.0,0.9411764705882353,0.0,1.0,0.0,0.0,0.0,20.238076,0.0
20260713T195928509356Z_C2_AutoScanning_full_gamma_sast_sql_injection_r1,C2_AutoScanning,full_gamma_sast_sql_injection,sast_sql_injection,1,full_protocol_20260713_rigorous,True,19.98199850000674,19.732702799956314,0,17,17,0,3,0,not_applicable,True,0,1,16,0,0.058823529411764705,1.0,0.9411764705882353,0.0,1.0,0.0,0.0,0.0,19.97979,0.0
20260713T195948542534Z_C3_PolicyOnly_full_gamma_sast_sql_injection_r1,C3_PolicyOnly,full_gamma_sast_sql_injection,sast_sql_injection,1,full_protocol_20260713_rigorous,True,19.937220700026955,19.58013099996606,0,17,17,0,3,0,opa,True,0,1,16,0,0.058823529411764705,1.0,0.9411764705882353,0.0,1.0,0.0,0.0,0.0,19.827974,0.0
20260713T200008530730Z_C4_AgentsOnly_full_gamma_sast_sql_injection_r1,C4_AgentsOnly,full_gamma_sast_sql_injection,sast_sql_injection,1,full_protocol_20260713_rigorous,True,39.54590880003525,38.98306360002607,0,17,16,0,2,0,not_applicable,True,0,1,16,0,0.058823529411764705,1.0,0.9411764705882353,0.0,1.0,0.058823529411764705,1.0,1.0,19.73946,0.197905
20260713T200048142663Z_C5_SecFlowOps_full_gamma_sast_sql_injection_r1,C5_SecFlowOps,full_gamma_sast_sql_injection,sast_sql_injection,1,full_protocol_20260713_rigorous,True,40.24314490001416,39.540842000045814,0,17,16,0,2,0,opa,True,0,1,16,0,0.058823529411764705,1.0,0.9411764705882353,0.0,1.0,0.058823529411764705,1.0,1.0,19.740113,0.263585
20260713T200128440838Z_C0_BuildOnly_full_gamma_docker_misconfiguration_r1,C0_BuildOnly,full_gamma_docker_misconfiguration,docker_misconfiguration,1,full_protocol_20260713_rigorous,True,0.1946100000059232,0.0,0,0,0,0,0,0,not_applicable,True,0,0,0,1,0.0,0.0,0.0,1.0,0.0,0.0,0.0,0.0,0.0,0.0
20260713T200128703503Z_C1_NonBlockingScanning_full_gamma_docker_misconfiguration_r1,C1_NonBlockingScanning,full_gamma_docker_misconfiguration,docker_misconfiguration,1,full_protocol_20260713_rigorous,True,20.687435500032734,20.423939399945084,0,17,17,0,3,0,not_applicable,True,0,1,15,0,0.0625,1.0,0.9375,0.0,1.0,0.0,0.0,0.0,20.685542,0.0
20260713T200149448169Z_C2_AutoScanning_full_gamma_docker_misconfiguration_r1,C2_AutoScanning,full_gamma_docker_misconfiguration,docker_misconfiguration,1,full_protocol_20260713_rigorous,True,20.08399220003048,19.821584400022402,0,17,17,0,3,0,not_applicable,True,0,1,15,0,0.0625,1.0,0.9375,0.0,1.0,0.0,0.0,0.0,20.082245,0.0
20260713T200209585289Z_C3_PolicyOnly_full_gamma_docker_misconfiguration_r1,C3_PolicyOnly,full_gamma_docker_misconfiguration,docker_misconfiguration,1,full_protocol_20260713_rigorous,True,21.212014099990483,20.793245700013358,0,17,17,0,3,0,opa,True,0,1,15,0,0.0625,1.0,0.9375,0.0,1.0,0.0,0.0,0.0,21.088593,0.0
20260713T200230853105Z_C4_AgentsOnly_full_gamma_docker_misconfiguration_r1,C4_AgentsOnly,full_gamma_docker_misconfiguration,docker_misconfiguration,1,full_protocol_20260713_rigorous,True,54.5163025999791,53.68358729995089,0,17,16,0,2,0,not_applicable,True,0,1,15,0,0.0625,1.0,0.9375,0.0,1.0,0.058823529411764705,1.0,1.0,32.231064,0.353591
20260713T200325426478Z_C5_SecFlowOps_full_gamma_docker_misconfiguration_r1,C5_SecFlowOps,full_gamma_docker_misconfiguration,docker_misconfiguration,1,full_protocol_20260713_rigorous,True,40.786316799989436,39.209857199923135,0,17,16,0,2,0,opa,True,0,1,15,0,0.0625,1.0,0.9375,0.0,1.0,0.058823529411764705,1.0,1.0,20.108166,0.201097
20260713T200406270955Z_C0_BuildOnly_full_gamma_k8s_misconfiguration_r1,C0_BuildOnly,full_gamma_k8s_misconfiguration,k8s_misconfiguration,1,full_protocol_20260713_rigorous,True,0.22230889997445047,0.0,0,0,0,0,0,0,not_applicable,True,0,0,0,1,0.0,0.0,0.0,1.0,0.0,0.0,0.0,0.0,0.0,0.0
20260713T200406571798Z_C1_NonBlockingScanning_full_gamma_k8s_misconfiguration_r1,C1_NonBlockingScanning,full_gamma_k8s_misconfiguration,k8s_misconfiguration,1,full_protocol_20260713_rigorous,True,19.6806928999722,19.428595900011715,0,20,20,0,3,0,not_applicable,True,0,1,1,0,0.5,1.0,0.5,0.0,1.0,0.0,0.0,0.0,19.678679,0.0
20260713T200426314959Z_C2_AutoScanning_full_gamma_k8s_misconfiguration_r1,C2_AutoScanning,full_gamma_k8s_misconfiguration,k8s_misconfiguration,1,full_protocol_20260713_rigorous,True,21.14479059999576,20.90845090005314,0,20,20,0,3,0,not_applicable,True,0,1,1,0,0.5,1.0,0.5,0.0,1.0,0.0,0.0,0.0,21.142608,0.0
20260713T200447512419Z_C3_PolicyOnly_full_gamma_k8s_misconfiguration_r1,C3_PolicyOnly,full_gamma_k8s_misconfiguration,k8s_misconfiguration,1,full_protocol_20260713_rigorous,True,20.173091800010297,19.788231099955738,0,20,20,0,3,0,opa,True,0,1,1,0,0.5,1.0,0.5,0.0,1.0,0.0,0.0,0.0,20.063165,0.0
20260713T200507739478Z_C4_AgentsOnly_full_gamma_k8s_misconfiguration_r1,C4_AgentsOnly,full_gamma_k8s_misconfiguration,k8s_misconfiguration,1,full_protocol_20260713_rigorous,True,39.43999250000343,38.9540043999441,0,20,16,0,2,0,not_applicable,True,0,1,1,0,0.5,1.0,0.5,0.0,1.0,0.05,1.0,1.0,19.782003,0.193068
20260713T200547232750Z_C5_SecFlowOps_full_gamma_k8s_misconfiguration_r1,C5_SecFlowOps,full_gamma_k8s_misconfiguration,k8s_misconfiguration,1,full_protocol_20260713_rigorous,True,39.97845910000615,39.329260199912824,0,20,16,0,2,0,opa,True,0,1,1,0,0.5,1.0,0.5,0.0,1.0,0.05,1.0,1.0,19.987842,0.222204
20260713T200627262557Z_C0_BuildOnly_full_gamma_multi_layer_r1,C0_BuildOnly,full_gamma_multi_layer,multi_layer,1,full_protocol_20260713_rigorous,True,0.21735970000736415,0.0,0,0,0,0,0,0,not_applicable,True,0,0,0,7,0.0,0.0,0.0,1.0,0.0,0.0,0.0,0.0,0.0,0.0
20260713T200627543217Z_C1_NonBlockingScanning_full_gamma_multi_layer_r1,C1_NonBlockingScanning,full_gamma_multi_layer,multi_layer,1,full_protocol_20260713_rigorous,True,20.281109800038394,20.03919490001863,0,64,64,7,21,1,not_applicable,True,0,6,39,1,0.13333333333333333,0.8571428571428571,0.8666666666666667,0.14285714285714285,0.8571428571428571,0.0,0.0,0.0,20.278229,0.0
20260713T200647874002Z_C2_AutoScanning_full_gamma_multi_layer_r1,C2_AutoScanning,full_gamma_multi_layer,multi_layer,1,full_protocol_20260713_rigorous,True,20.46388830000069,20.16560899995966,0,64,64,7,21,1,not_applicable,True,0,6,39,1,0.13333333333333333,0.8571428571428571,0.8666666666666667,0.14285714285714285,0.8571428571428571,0.0,0.0,0.0,20.461014,0.0
20260713T200708399219Z_C3_PolicyOnly_full_gamma_multi_layer_r1,C3_PolicyOnly,full_gamma_multi_layer,multi_layer,1,full_protocol_20260713_rigorous,False,20.070789099961985,19.660422199987806,0,64,64,7,21,1,opa,False,4,6,39,1,0.13333333333333333,0.8571428571428571,0.8666666666666667,0.14285714285714285,0.8571428571428571,0.0,0.0,0.0,19.957345,0.0
20260713T200728530149Z_C4_AgentsOnly_full_gamma_multi_layer_r1,C4_AgentsOnly,full_gamma_multi_layer,multi_layer,1,full_protocol_20260713_rigorous,True,40.25987000000896,39.69149719993584,0,64,16,0,2,0,not_applicable,True,0,6,39,1,0.13333333333333333,0.8571428571428571,0.8666666666666667,0.14285714285714285,0.8571428571428571,0.078125,1.0,1.0,20.309116,0.260904
20260713T200808840803Z_C5_SecFlowOps_full_gamma_multi_layer_r1,C5_SecFlowOps,full_gamma_multi_layer,multi_layer,1,full_protocol_20260713_rigorous,True,40.42901319998782,39.78277419996448,0,64,16,0,2,0,opa,True,0,6,39,1,0.13333333333333333,0.8571428571428571,0.8666666666666667,0.14285714285714285,0.8571428571428571,0.078125,1.0,1.0,20.088543,0.207354
20260713T200849327571Z_C0_BuildOnly_full_alpha_clean_r2,C0_BuildOnly,full_alpha_clean,clean,2,full_protocol_20260713_rigorous,True,0.20312229997944087,0.0,0,0,0,0,0,0,not_applicable,True,0,0,0,0,0.0,0.0,0.0,0.0,0.0,0.0,0.0,0.0,0.0,0.0
20260713T200849599434Z_C1_NonBlockingScanning_full_alpha_clean_r2,C1_NonBlockingScanning,full_alpha_clean,clean,2,full_protocol_20260713_rigorous,True,20.017341100028716,19.758771799970418,0,16,16,0,2,0,not_applicable,True,0,0,16,0,0.0,0.0,1.0,0.0,0.0,0.0,0.0,0.0,20.015441,0.0
20260713T200909669702Z_C2_AutoScanning_full_alpha_clean_r2,C2_AutoScanning,full_alpha_clean,clean,2,full_protocol_20260713_rigorous,True,20.34347369999159,20.093147000006866,0,16,16,0,2,0,not_applicable,True,0,0,16,0,0.0,0.0,1.0,0.0,0.0,0.0,0.0,0.0,20.34084,0.0
20260713T200930068128Z_C3_PolicyOnly_full_alpha_clean_r2,C3_PolicyOnly,full_alpha_clean,clean,2,full_protocol_20260713_rigorous,True,19.94392309995601,19.5787475000252,0,16,16,0,2,0,opa,True,0,0,16,0,0.0,0.0,1.0,0.0,0.0,0.0,0.0,0.0,19.82554,0.0
20260713T200950068202Z_C4_AgentsOnly_full_alpha_clean_r2,C4_AgentsOnly,full_alpha_clean,clean,2,full_protocol_20260713_rigorous,True,41.93065759999445,41.35765249998076,0,16,16,0,2,0,not_applicable,True,0,0,16,0,0.0,0.0,1.0,0.0,0.0,0.0,0.0,0.0,21.598636,0.0
20260713T201032057760Z_C5_SecFlowOps_full_alpha_clean_r2,C5_SecFlowOps,full_alpha_clean,clean,2,full_protocol_20260713_rigorous,True,40.16966340004001,39.50533780013211,0,16,16,0,2,0,opa,True,0,0,16,0,0.0,0.0,1.0,0.0,0.0,0.0,0.0,0.0,20.028924,0.0
20260713T201112297985Z_C0_BuildOnly_full_alpha_vulnerable_dependency_r2,C0_BuildOnly,full_alpha_vulnerable_dependency,vulnerable_dependency,2,full_protocol_20260713_rigorous,True,0.3316562999971211,0.0,0,0,0,0,0,0,not_applicable,True,0,0,0,1,0.0,0.0,0.0,1.0,0.0,0.0,0.0,0.0,0.0,0.0
20260713T201112690901Z_C1_NonBlockingScanning_full_alpha_vulnerable_dependency_r2,C1_NonBlockingScanning,full_alpha_vulnerable_dependency,vulnerable_dependency,2,full_protocol_20260713_rigorous,True,19.90216669999063,19.550218699965626,0,56,56,6,18,0,not_applicable,True,0,1,55,0,0.017857142857142856,1.0,0.9821428571428571,0.0,1.0,0.0,0.0,0.0,19.896971,0.0
20260713T201132692149Z_C2_AutoScanning_full_alpha_vulnerable_dependency_r2,C2_AutoScanning,full_alpha_vulnerable_dependency,vulnerable_dependency,2,full_protocol_20260713_rigorous,True,20.28039600001648,19.945296900055837,0,56,56,6,18,0,not_applicable,True,0,1,55,0,0.017857142857142856,1.0,0.9821428571428571,0.0,1.0,0.0,0.0,0.0,20.277433,0.0
20260713T201153058467Z_C3_PolicyOnly_full_alpha_vulnerable_dependency_r2,C3_PolicyOnly,full_alpha_vulnerable_dependency,vulnerable_dependency,2,full_protocol_20260713_rigorous,False,20.51074439997319,20.119275100005325,0,56,56,6,18,0,opa,False,3,1,55,0,0.017857142857142856,1.0,0.9821428571428571,0.0,1.0,0.0,0.0,0.0,20.397609,0.0
20260713T201213623669Z_C4_AgentsOnly_full_alpha_vulnerable_dependency_r2,C4_AgentsOnly,full_alpha_vulnerable_dependency,vulnerable_dependency,2,full_protocol_20260713_rigorous,True,40.03601589996833,39.44128060003277,0,56,16,0,2,0,not_applicable,True,0,1,55,0,0.017857142857142856,1.0,0.9821428571428571,0.0,1.0,0.017857142857142856,1.0,1.0,19.936969,0.26614
20260713T201253732467Z_C5_SecFlowOps_full_alpha_vulnerable_dependency_r2,C5_SecFlowOps,full_alpha_vulnerable_dependency,vulnerable_dependency,2,full_protocol_20260713_rigorous,True,39.674727600009646,38.963121599983424,0,56,16,0,2,0,opa,True,0,1,55,0,0.017857142857142856,1.0,0.9821428571428571,0.0,1.0,0.017857142857142856,1.0,1.0,19.708525,0.241648
20260713T201333468812Z_C0_BuildOnly_full_alpha_fake_secret_r2,C0_BuildOnly,full_alpha_fake_secret,fake_secret,2,full_protocol_20260713_rigorous,True,0.2710691000102088,0.0,0,0,0,0,0,0,not_applicable,True,0,0,0,1,0.0,0.0,0.0,1.0,0.0,0.0,0.0,0.0,0.0,0.0
20260713T201333806305Z_C1_NonBlockingScanning_full_alpha_fake_secret_r2,C1_NonBlockingScanning,full_alpha_fake_secret,fake_secret,2,full_protocol_20260713_rigorous,True,20.047476199979428,19.745510399981868,0,17,17,1,2,1,not_applicable,True,0,1,16,0,0.058823529411764705,1.0,0.9411764705882353,0.0,1.0,0.0,0.0,0.0,20.044811,0.0
20260713T201353916155Z_C2_AutoScanning_full_alpha_fake_secret_r2,C2_AutoScanning,full_alpha_fake_secret,fake_secret,2,full_protocol_20260713_rigorous,True,20.36789980001049,20.114657300058752,0,17,17,1,2,1,not_applicable,True,0,1,16,0,0.058823529411764705,1.0,0.9411764705882353,0.0,1.0,0.0,0.0,0.0,20.36568,0.0
20260713T201414338756Z_C3_PolicyOnly_full_alpha_fake_secret_r2,C3_PolicyOnly,full_alpha_fake_secret,fake_secret,2,full_protocol_20260713_rigorous,False,21.482496200012974,21.10400120000122,0,17,17,1,2,1,opa,False,3,1,16,0,0.058823529411764705,1.0,0.9411764705882353,0.0,1.0,0.0,0.0,0.0,21.362049,0.0
20260713T201435877882Z_C4_AgentsOnly_full_alpha_fake_secret_r2,C4_AgentsOnly,full_alpha_fake_secret,fake_secret,2,full_protocol_20260713_rigorous,True,40.03039520001039,39.44552800001111,0,17,16,0,2,0,not_applicable,True,0,1,16,0,0.058823529411764705,1.0,0.9411764705882353,0.0,1.0,0.058823529411764705,1.0,1.0,20.025329,0.215858
20260713T201515965409Z_C5_SecFlowOps_full_alpha_fake_secret_r2,C5_SecFlowOps,full_alpha_fake_secret,fake_secret,2,full_protocol_20260713_rigorous,True,40.61422309995396,39.99021039996296,0,17,16,0,2,0,opa,True,0,1,16,0,0.058823529411764705,1.0,0.9411764705882353,0.0,1.0,0.058823529411764705,1.0,1.0,19.742853,0.209803
20260713T201556634156Z_C0_BuildOnly_full_alpha_sast_reflected_xss_r2,C0_BuildOnly,full_alpha_sast_reflected_xss,sast_reflected_xss,2,full_protocol_20260713_rigorous,True,0.21852970001054928,0.0,0,0,0,0,0,0,not_applicable,True,0,0,0,2,0.0,0.0,0.0,1.0,0.0,0.0,0.0,0.0,0.0,0.0
20260713T201556909279Z_C1_NonBlockingScanning_full_alpha_sast_reflected_xss_r2,C1_NonBlockingScanning,full_alpha_sast_reflected_xss,sast_reflected_xss,2,full_protocol_20260713_rigorous,True,19.999908500001766,19.760447600041516,0,17,17,0,2,0,not_applicable,True,0,1,16,1,0.058823529411764705,0.5,0.9411764705882353,0.5,0.5,0.0,0.0,0.0,19.998003,0.0
20260713T201616958172Z_C2_AutoScanning_full_alpha_sast_reflected_xss_r2,C2_AutoScanning,full_alpha_sast_reflected_xss,sast_reflected_xss,2,full_protocol_20260713_rigorous,True,19.888056199997663,19.635032399964985,0,17,17,0,2,0,not_applicable,True,0,1,16,1,0.058823529411764705,0.5,0.9411764705882353,0.5,0.5,0.0,0.0,0.0,19.884985,0.0
20260713T201636900835Z_C3_PolicyOnly_full_alpha_sast_reflected_xss_r2,C3_PolicyOnly,full_alpha_sast_reflected_xss,sast_reflected_xss,2,full_protocol_20260713_rigorous,True,20.17264179995982,19.804140400025062,0,17,17,0,2,0,opa,True,0,1,16,1,0.058823529411764705,0.5,0.9411764705882353,0.5,0.5,0.0,0.0,0.0,20.069399,0.0
20260713T201657130120Z_C4_AgentsOnly_full_alpha_sast_reflected_xss_r2,C4_AgentsOnly,full_alpha_sast_reflected_xss,sast_reflected_xss,2,full_protocol_20260713_rigorous,True,39.70259340002667,39.15799370012246,0,17,16,0,2,0,not_applicable,True,0,1,16,1,0.058823529411764705,0.5,0.9411764705882353,0.5,0.5,0.058823529411764705,1.0,1.0,19.959613,0.238305
20260713T201736884480Z_C5_SecFlowOps_full_alpha_sast_reflected_xss_r2,C5_SecFlowOps,full_alpha_sast_reflected_xss,sast_reflected_xss,2,full_protocol_20260713_rigorous,True,39.924190999998245,39.283422900072765,0,17,16,0,2,0,opa,True,0,1,16,1,0.058823529411764705,0.5,0.9411764705882353,0.5,0.5,0.058823529411764705,1.0,1.0,20.069352,0.238159
20260713T201816858264Z_C0_BuildOnly_full_alpha_sast_sql_injection_r2,C0_BuildOnly,full_alpha_sast_sql_injection,sast_sql_injection,2,full_protocol_20260713_rigorous,True,0.21043029997963458,0.0,0,0,0,0,0,0,not_applicable,True,0,0,0,1,0.0,0.0,0.0,1.0,0.0,0.0,0.0,0.0,0.0,0.0
20260713T201817138314Z_C1_NonBlockingScanning_full_alpha_sast_sql_injection_r2,C1_NonBlockingScanning,full_alpha_sast_sql_injection,sast_sql_injection,2,full_protocol_20260713_rigorous,True,19.865720400004648,19.608715799986385,0,17,17,0,3,0,not_applicable,True,0,1,16,0,0.058823529411764705,1.0,0.9411764705882353,0.0,1.0,0.0,0.0,0.0,19.863659,0.0
20260713T201837060863Z_C2_AutoScanning_full_alpha_sast_sql_injection_r2,C2_AutoScanning,full_alpha_sast_sql_injection,sast_sql_injection,2,full_protocol_20260713_rigorous,True,20.14150949998293,19.903786899987608,0,17,17,0,3,0,not_applicable,True,0,1,16,0,0.058823529411764705,1.0,0.9411764705882353,0.0,1.0,0.0,0.0,0.0,20.139389,0.0
20260713T201857253855Z_C3_PolicyOnly_full_alpha_sast_sql_injection_r2,C3_PolicyOnly,full_alpha_sast_sql_injection,sast_sql_injection,2,full_protocol_20260713_rigorous,True,19.955216599977575,19.588145700050518,0,17,17,0,3,0,opa,True,0,1,16,0,0.058823529411764705,1.0,0.9411764705882353,0.0,1.0,0.0,0.0,0.0,19.852,0.0
20260713T201917257917Z_C4_AgentsOnly_full_alpha_sast_sql_injection_r2,C4_AgentsOnly,full_alpha_sast_sql_injection,sast_sql_injection,2,full_protocol_20260713_rigorous,True,40.458695199980866,39.9596347999759,0,17,16,0,2,0,not_applicable,True,0,1,16,0,0.058823529411764705,1.0,0.9411764705882353,0.0,1.0,0.058823529411764705,1.0,1.0,19.911117,0.205864
20260713T201957768792Z_C5_SecFlowOps_full_alpha_sast_sql_injection_r2,C5_SecFlowOps,full_alpha_sast_sql_injection,sast_sql_injection,2,full_protocol_20260713_rigorous,True,40.165612799988594,39.56588379997993,0,17,16,0,2,0,opa,True,0,1,16,0,0.058823529411764705,1.0,0.9411764705882353,0.0,1.0,0.058823529411764705,1.0,1.0,20.177045,0.202342
20260713T202037984044Z_C0_BuildOnly_full_alpha_docker_misconfiguration_r2,C0_BuildOnly,full_alpha_docker_misconfiguration,docker_misconfiguration,2,full_protocol_20260713_rigorous,True,0.19282539997948334,0.0,0,0,0,0,0,0,not_applicable,True,0,0,0,1,0.0,0.0,0.0,1.0,0.0,0.0,0.0,0.0,0.0,0.0
20260713T202038233296Z_C1_NonBlockingScanning_full_alpha_docker_misconfiguration_r2,C1_NonBlockingScanning,full_alpha_docker_misconfiguration,docker_misconfiguration,2,full_protocol_20260713_rigorous,True,20.234449799987487,19.990723900089506,0,17,17,0,3,0,not_applicable,True,0,1,15,0,0.0625,1.0,0.9375,0.0,1.0,0.0,0.0,0.0,20.232673,0.0
20260713T202058517107Z_C2_AutoScanning_full_alpha_docker_misconfiguration_r2,C2_AutoScanning,full_alpha_docker_misconfiguration,docker_misconfiguration,2,full_protocol_20260713_rigorous,True,19.91081520001171,19.643768499954604,0,17,17,0,3,0,not_applicable,True,0,1,15,0,0.0625,1.0,0.9375,0.0,1.0,0.0,0.0,0.0,19.908264,0.0
20260713T202118479750Z_C3_PolicyOnly_full_alpha_docker_misconfiguration_r2,C3_PolicyOnly,full_alpha_docker_misconfiguration,docker_misconfiguration,2,full_protocol_20260713_rigorous,True,20.02631599997403,19.683732999954373,0,17,17,0,3,0,opa,True,0,1,15,0,0.0625,1.0,0.9375,0.0,1.0,0.0,0.0,0.0,19.923953,0.0
20260713T202138557957Z_C4_AgentsOnly_full_alpha_docker_misconfiguration_r2,C4_AgentsOnly,full_alpha_docker_misconfiguration,docker_misconfiguration,2,full_protocol_20260713_rigorous,True,39.81441450002603,39.31808939995244,0,17,16,0,2,0,not_applicable,True,0,1,15,0,0.0625,1.0,0.9375,0.0,1.0,0.058823529411764705,1.0,1.0,20.070085,0.197584
20260713T202218425968Z_C5_SecFlowOps_full_alpha_docker_misconfiguration_r2,C5_SecFlowOps,full_alpha_docker_misconfiguration,docker_misconfiguration,2,full_protocol_20260713_rigorous,True,40.25141750002513,39.61122319998685,0,17,16,0,2,0,opa,True,0,1,15,0,0.0625,1.0,0.9375,0.0,1.0,0.058823529411764705,1.0,1.0,19.915789,0.202304
20260713T202258729278Z_C0_BuildOnly_full_alpha_k8s_misconfiguration_r2,C0_BuildOnly,full_alpha_k8s_misconfiguration,k8s_misconfiguration,2,full_protocol_20260713_rigorous,True,0.29112279997207224,0.0,0,0,0,0,0,0,not_applicable,True,0,0,0,1,0.0,0.0,0.0,1.0,0.0,0.0,0.0,0.0,0.0,0.0
20260713T202259103182Z_C1_NonBlockingScanning_full_alpha_k8s_misconfiguration_r2,C1_NonBlockingScanning,full_alpha_k8s_misconfiguration,k8s_misconfiguration,2,full_protocol_20260713_rigorous,True,20.076783400028944,19.789874200010672,0,20,20,0,3,0,not_applicable,True,0,1,1,0,0.5,1.0,0.5,0.0,1.0,0.0,0.0,0.0,20.074568,0.0
20260713T202319241053Z_C2_AutoScanning_full_alpha_k8s_misconfiguration_r2,C2_AutoScanning,full_alpha_k8s_misconfiguration,k8s_misconfiguration,2,full_protocol_20260713_rigorous,True,19.868831300002057,19.60810329997912,0,20,20,0,3,0,not_applicable,True,0,1,1,0,0.5,1.0,0.5,0.0,1.0,0.0,0.0,0.0,19.866554,0.0
20260713T202339161456Z_C3_PolicyOnly_full_alpha_k8s_misconfiguration_r2,C3_PolicyOnly,full_alpha_k8s_misconfiguration,k8s_misconfiguration,2,full_protocol_20260713_rigorous,True,19.982663100003265,19.61589030001778,0,20,20,0,3,0,opa,True,0,1,1,0,0.5,1.0,0.5,0.0,1.0,0.0,0.0,0.0,19.868331,0.0
20260713T202359198353Z_C4_AgentsOnly_full_alpha_k8s_misconfiguration_r2,C4_AgentsOnly,full_alpha_k8s_misconfiguration,k8s_misconfiguration,2,full_protocol_20260713_rigorous,True,39.54553870001109,39.01008060015738,0,20,16,0,2,0,not_applicable,True,0,1,1,0,0.5,1.0,0.5,0.0,1.0,0.05,1.0,1.0,19.866932,0.21463
20260713T202438806300Z_C5_SecFlowOps_full_alpha_k8s_misconfiguration_r2,C5_SecFlowOps,full_alpha_k8s_misconfiguration,k8s_misconfiguration,2,full_protocol_20260713_rigorous,True,40.8486543999752,40.10866399999941,0,20,16,0,2,0,opa,True,0,1,1,0,0.5,1.0,0.5,0.0,1.0,0.05,1.0,1.0,20.512637,0.240887
20260713T202519714494Z_C0_BuildOnly_full_alpha_multi_layer_r2,C0_BuildOnly,full_alpha_multi_layer,multi_layer,2,full_protocol_20260713_rigorous,True,0.22581410000566393,0.0,0,0,0,0,0,0,not_applicable,True,0,0,0,7,0.0,0.0,0.0,1.0,0.0,0.0,0.0,0.0,0.0,0.0
20260713T202520009869Z_C1_NonBlockingScanning_full_alpha_multi_layer_r2,C1_NonBlockingScanning,full_alpha_multi_layer,multi_layer,2,full_protocol_20260713_rigorous,True,20.14632389997132,19.875788099947385,0,64,64,7,21,1,not_applicable,True,0,6,39,1,0.13333333333333333,0.8571428571428571,0.8666666666666667,0.14285714285714285,0.8571428571428571,0.0,0.0,0.0,20.143168,0.0
20260713T202540212391Z_C2_AutoScanning_full_alpha_multi_layer_r2,C2_AutoScanning,full_alpha_multi_layer,multi_layer,2,full_protocol_20260713_rigorous,True,19.9700324999867,19.706796400016174,0,64,64,7,21,1,not_applicable,True,0,6,39,1,0.13333333333333333,0.8571428571428571,0.8666666666666667,0.14285714285714285,0.8571428571428571,0.0,0.0,0.0,19.967678,0.0
20260713T202600240637Z_C3_PolicyOnly_full_alpha_multi_layer_r2,C3_PolicyOnly,full_alpha_multi_layer,multi_layer,2,full_protocol_20260713_rigorous,False,20.358116500021424,20.00347990001319,0,64,64,7,21,1,opa,False,4,6,39,1,0.13333333333333333,0.8571428571428571,0.8666666666666667,0.14285714285714285,0.8571428571428571,0.0,0.0,0.0,20.249538,0.0
20260713T202620648881Z_C4_AgentsOnly_full_alpha_multi_layer_r2,C4_AgentsOnly,full_alpha_multi_layer,multi_layer,2,full_protocol_20260713_rigorous,True,40.226966799993534,39.6714115999639,0,64,16,0,2,0,not_applicable,True,0,6,39,1,0.13333333333333333,0.8571428571428571,0.8666666666666667,0.14285714285714285,0.8571428571428571,0.078125,1.0,1.0,20.007277,0.249744
20260713T202700926024Z_C5_SecFlowOps_full_alpha_multi_layer_r2,C5_SecFlowOps,full_alpha_multi_layer,multi_layer,2,full_protocol_20260713_rigorous,True,40.58140599995386,39.90196300006937,0,64,16,0,2,0,opa,True,0,6,39,1,0.13333333333333333,0.8571428571428571,0.8666666666666667,0.14285714285714285,0.8571428571428571,0.078125,1.0,1.0,20.290607,0.228366
20260713T202741572619Z_C0_BuildOnly_full_beta_clean_r2,C0_BuildOnly,full_beta_clean,clean,2,full_protocol_20260713_rigorous,True,0.20288469997467473,0.0,0,0,0,0,0,0,not_applicable,True,0,0,0,0,0.0,0.0,0.0,0.0,0.0,0.0,0.0,0.0,0.0,0.0
20260713T202741834595Z_C1_NonBlockingScanning_full_beta_clean_r2,C1_NonBlockingScanning,full_beta_clean,clean,2,full_protocol_20260713_rigorous,True,19.855517100018915,19.607199000020046,0,16,16,0,2,0,not_applicable,True,0,0,16,0,0.0,0.0,1.0,0.0,0.0,0.0,0.0,0.0,19.853448,0.0
20260713T202801740355Z_C2_AutoScanning_full_beta_clean_r2,C2_AutoScanning,full_beta_clean,clean,2,full_protocol_20260713_rigorous,True,20.44430120004108,20.178506700030994,0,16,16,0,2,0,not_applicable,True,0,0,16,0,0.0,0.0,1.0,0.0,0.0,0.0,0.0,0.0,20.442215,0.0
20260713T202822238782Z_C3_PolicyOnly_full_beta_clean_r2,C3_PolicyOnly,full_beta_clean,clean,2,full_protocol_20260713_rigorous,True,21.406445499975234,20.981869400071446,0,16,16,0,2,0,opa,True,0,0,16,0,0.0,0.0,1.0,0.0,0.0,0.0,0.0,0.0,21.252058,0.0
20260713T202843698119Z_C4_AgentsOnly_full_beta_clean_r2,C4_AgentsOnly,full_beta_clean,clean,2,full_protocol_20260713_rigorous,True,41.59796609997284,40.996960400021635,0,16,16,0,2,0,not_applicable,True,0,0,16,0,0.0,0.0,1.0,0.0,0.0,0.0,0.0,0.0,21.188601,0.0
20260713T202925355171Z_C5_SecFlowOps_full_beta_clean_r2,C5_SecFlowOps,full_beta_clean,clean,2,full_protocol_20260713_rigorous,True,40.73766759998398,40.0048814000329,0,16,16,0,2,0,opa,True,0,0,16,0,0.0,0.0,1.0,0.0,0.0,0.0,0.0,0.0,20.337941,0.0
20260713T203006147724Z_C0_BuildOnly_full_beta_vulnerable_dependency_r2,C0_BuildOnly,full_beta_vulnerable_dependency,vulnerable_dependency,2,full_protocol_20260713_rigorous,True,0.23143859999254346,0.0,0,0,0,0,0,0,not_applicable,True,0,0,0,1,0.0,0.0,0.0,1.0,0.0,0.0,0.0,0.0,0.0,0.0
20260713T203006446767Z_C1_NonBlockingScanning_full_beta_vulnerable_dependency_r2,C1_NonBlockingScanning,full_beta_vulnerable_dependency,vulnerable_dependency,2,full_protocol_20260713_rigorous,True,19.901525199995376,19.654211499961093,0,56,56,6,18,0,not_applicable,True,0,1,55,0,0.017857142857142856,1.0,0.9821428571428571,0.0,1.0,0.0,0.0,0.0,19.898852,0.0
20260713T203026400374Z_C2_AutoScanning_full_beta_vulnerable_dependency_r2,C2_AutoScanning,full_beta_vulnerable_dependency,vulnerable_dependency,2,full_protocol_20260713_rigorous,True,20.220665899978485,19.96915449993685,0,56,56,6,18,0,not_applicable,True,0,1,55,0,0.017857142857142856,1.0,0.9821428571428571,0.0,1.0,0.0,0.0,0.0,20.218316,0.0
20260713T203046672902Z_C3_PolicyOnly_full_beta_vulnerable_dependency_r2,C3_PolicyOnly,full_beta_vulnerable_dependency,vulnerable_dependency,2,full_protocol_20260713_rigorous,False,20.520690899982583,19.97836190002272,0,56,56,6,18,0,opa,False,3,1,55,0,0.017857142857142856,1.0,0.9821428571428571,0.0,1.0,0.0,0.0,0.0,20.406526,0.0
20260713T203107252124Z_C4_AgentsOnly_full_beta_vulnerable_dependency_r2,C4_AgentsOnly,full_beta_vulnerable_dependency,vulnerable_dependency,2,full_protocol_20260713_rigorous,True,40.252298399980646,39.72926259995438,0,56,16,0,2,0,not_applicable,True,0,1,55,0,0.017857142857142856,1.0,0.9821428571428571,0.0,1.0,0.017857142857142856,1.0,1.0,20.136816,0.205039
20260713T203147556520Z_C5_SecFlowOps_full_beta_vulnerable_dependency_r2,C5_SecFlowOps,full_beta_vulnerable_dependency,vulnerable_dependency,2,full_protocol_20260713_rigorous,True,40.81663960003061,40.13675139989937,0,56,16,0,2,0,opa,True,0,1,55,0,0.017857142857142856,1.0,0.9821428571428571,0.0,1.0,0.017857142857142856,1.0,1.0,20.162215,0.247123
20260713T203228439734Z_C0_BuildOnly_full_beta_fake_secret_r2,C0_BuildOnly,full_beta_fake_secret,fake_secret,2,full_protocol_20260713_rigorous,True,0.19966139999451116,0.0,0,0,0,0,0,0,not_applicable,True,0,0,0,1,0.0,0.0,0.0,1.0,0.0,0.0,0.0,0.0,0.0,0.0
20260713T203228693987Z_C1_NonBlockingScanning_full_beta_fake_secret_r2,C1_NonBlockingScanning,full_beta_fake_secret,fake_secret,2,full_protocol_20260713_rigorous,True,20.13488739996683,19.880428100063,0,17,17,1,2,1,not_applicable,True,0,1,16,0,0.058823529411764705,1.0,0.9411764705882353,0.0,1.0,0.0,0.0,0.0,20.133187,0.0
20260713T203248878448Z_C2_AutoScanning_full_beta_fake_secret_r2,C2_AutoScanning,full_beta_fake_secret,fake_secret,2,full_protocol_20260713_rigorous,True,19.948979099979624,19.69067099998938,0,17,17,1,2,1,not_applicable,True,0,1,16,0,0.058823529411764705,1.0,0.9411764705882353,0.0,1.0,0.0,0.0,0.0,19.947246,0.0
20260713T203308883778Z_C3_PolicyOnly_full_beta_fake_secret_r2,C3_PolicyOnly,full_beta_fake_secret,fake_secret,2,full_protocol_20260713_rigorous,False,20.590441500011366,20.22762360004708,0,17,17,1,2,1,opa,False,3,1,16,0,0.058823529411764705,1.0,0.9411764705882353,0.0,1.0,0.0,0.0,0.0,20.483888,0.0
20260713T203329528160Z_C4_AgentsOnly_full_beta_fake_secret_r2,C4_AgentsOnly,full_beta_fake_secret,fake_secret,2,full_protocol_20260713_rigorous,True,40.45797930000117,39.93120349996025,0,17,16,0,2,0,not_applicable,True,0,1,16,0,0.058823529411764705,1.0,0.9411764705882353,0.0,1.0,0.058823529411764705,1.0,1.0,20.601934,0.214467
20260713T203410036831Z_C5_SecFlowOps_full_beta_fake_secret_r2,C5_SecFlowOps,full_beta_fake_secret,fake_secret,2,full_protocol_20260713_rigorous,True,40.242627599975094,39.63962349999929,0,17,16,0,2,0,opa,True,0,1,16,0,0.058823529411764705,1.0,0.9411764705882353,0.0,1.0,0.058823529411764705,1.0,1.0,19.957796,0.192135
20260713T203450334241Z_C0_BuildOnly_full_beta_sast_reflected_xss_r2,C0_BuildOnly,full_beta_sast_reflected_xss,sast_reflected_xss,2,full_protocol_20260713_rigorous,True,0.1999019999639131,0.0,0,0,0,0,0,0,not_applicable,True,0,0,0,2,0.0,0.0,0.0,1.0,0.0,0.0,0.0,0.0,0.0,0.0
20260713T203450594211Z_C1_NonBlockingScanning_full_beta_sast_reflected_xss_r2,C1_NonBlockingScanning,full_beta_sast_reflected_xss,sast_reflected_xss,2,full_protocol_20260713_rigorous,True,19.686771200038493,19.431941500050016,0,17,17,0,2,0,not_applicable,True,0,1,16,1,0.058823529411764705,0.5,0.9411764705882353,0.5,0.5,0.0,0.0,0.0,19.684383,0.0
20260713T203510345649Z_C2_AutoScanning_full_beta_sast_reflected_xss_r2,C2_AutoScanning,full_beta_sast_reflected_xss,sast_reflected_xss,2,full_protocol_20260713_rigorous,True,20.358611800009385,20.10824460000731,0,17,17,0,2,0,not_applicable,True,0,1,16,1,0.058823529411764705,0.5,0.9411764705882353,0.5,0.5,0.0,0.0,0.0,20.356843,0.0
20260713T203530758431Z_C3_PolicyOnly_full_beta_sast_reflected_xss_r2,C3_PolicyOnly,full_beta_sast_reflected_xss,sast_reflected_xss,2,full_protocol_20260713_rigorous,True,20.279690900002606,19.93410660000518,0,17,17,0,2,0,opa,True,0,1,16,1,0.058823529411764705,0.5,0.9411764705882353,0.5,0.5,0.0,0.0,0.0,20.18148,0.0
20260713T203551092258Z_C4_AgentsOnly_full_beta_sast_reflected_xss_r2,C4_AgentsOnly,full_beta_sast_reflected_xss,sast_reflected_xss,2,full_protocol_20260713_rigorous,True,40.485968700028025,39.99037810007576,0,17,16,0,2,0,not_applicable,True,0,1,16,1,0.058823529411764705,0.5,0.9411764705882353,0.5,0.5,0.058823529411764705,1.0,1.0,20.558968,0.195219
20260713T203631632000Z_C5_SecFlowOps_full_beta_sast_reflected_xss_r2,C5_SecFlowOps,full_beta_sast_reflected_xss,sast_reflected_xss,2,full_protocol_20260713_rigorous,True,41.72035059996415,41.040547500015236,0,17,16,0,2,0,opa,True,0,1,16,1,0.058823529411764705,0.5,0.9411764705882353,0.5,0.5,0.058823529411764705,1.0,1.0,21.301908,0.202806
20260713T203713413337Z_C0_BuildOnly_full_beta_sast_sql_injection_r2,C0_BuildOnly,full_beta_sast_sql_injection,sast_sql_injection,2,full_protocol_20260713_rigorous,True,0.28021140000782907,0.0,0,0,0,0,0,0,not_applicable,True,0,0,0,1,0.0,0.0,0.0,1.0,0.0,0.0,0.0,0.0,0.0,0.0
20260713T203713761711Z_C1_NonBlockingScanning_full_beta_sast_sql_injection_r2,C1_NonBlockingScanning,full_beta_sast_sql_injection,sast_sql_injection,2,full_protocol_20260713_rigorous,True,20.65296129998751,20.206022099941038,0,17,17,0,3,0,not_applicable,True,0,1,16,0,0.058823529411764705,1.0,0.9411764705882353,0.0,1.0,0.0,0.0,0.0,20.650761,0.0
20260713T203734512473Z_C2_AutoScanning_full_beta_sast_sql_injection_r2,C2_AutoScanning,full_beta_sast_sql_injection,sast_sql_injection,2,full_protocol_20260713_rigorous,True,20.405215699982364,20.152733299997635,0,17,17,0,3,0,not_applicable,True,0,1,16,0,0.058823529411764705,1.0,0.9411764705882353,0.0,1.0,0.0,0.0,0.0,20.40333,0.0
20260713T203754970381Z_C3_PolicyOnly_full_beta_sast_sql_injection_r2,C3_PolicyOnly,full_beta_sast_sql_injection,sast_sql_injection,2,full_protocol_20260713_rigorous,True,20.36437590001151,20.009321800025646,0,17,17,0,3,0,opa,True,0,1,16,0,0.058823529411764705,1.0,0.9411764705882353,0.0,1.0,0.0,0.0,0.0,20.25694,0.0
20260713T203815385345Z_C4_AgentsOnly_full_beta_sast_sql_injection_r2,C4_AgentsOnly,full_beta_sast_sql_injection,sast_sql_injection,2,full_protocol_20260713_rigorous,True,41.343999100034125,40.71971079998184,0,17,16,0,2,0,not_applicable,True,0,1,16,0,0.058823529411764705,1.0,0.9411764705882353,0.0,1.0,0.058823529411764705,1.0,1.0,20.501436,0.30238
20260713T203856783246Z_C5_SecFlowOps_full_beta_sast_sql_injection_r2,C5_SecFlowOps,full_beta_sast_sql_injection,sast_sql_injection,2,full_protocol_20260713_rigorous,True,40.794582600006834,40.174069300002884,0,17,16,0,2,0,opa,True,0,1,16,0,0.058823529411764705,1.0,0.9411764705882353,0.0,1.0,0.058823529411764705,1.0,1.0,20.287304,0.202855
20260713T203937628500Z_C0_BuildOnly_full_beta_docker_misconfiguration_r2,C0_BuildOnly,full_beta_docker_misconfiguration,docker_misconfiguration,2,full_protocol_20260713_rigorous,True,0.20555910002440214,0.0,0,0,0,0,0,0,not_applicable,True,0,0,0,1,0.0,0.0,0.0,1.0,0.0,0.0,0.0,0.0,0.0,0.0
20260713T203937894796Z_C1_NonBlockingScanning_full_beta_docker_misconfiguration_r2,C1_NonBlockingScanning,full_beta_docker_misconfiguration,docker_misconfiguration,2,full_protocol_20260713_rigorous,True,20.261569100024644,20.029817299975548,0,17,17,0,3,0,not_applicable,True,0,1,15,0,0.0625,1.0,0.9375,0.0,1.0,0.0,0.0,0.0,20.259151,0.0
20260713T203958208576Z_C2_AutoScanning_full_beta_docker_misconfiguration_r2,C2_AutoScanning,full_beta_docker_misconfiguration,docker_misconfiguration,2,full_protocol_20260713_rigorous,True,20.378199199971277,20.11363929999061,0,17,17,0,3,0,not_applicable,True,0,1,15,0,0.0625,1.0,0.9375,0.0,1.0,0.0,0.0,0.0,20.375708,0.0
20260713T204018640411Z_C3_PolicyOnly_full_beta_docker_misconfiguration_r2,C3_PolicyOnly,full_beta_docker_misconfiguration,docker_misconfiguration,2,full_protocol_20260713_rigorous,True,20.86446860001888,20.45055480004521,0,17,17,0,3,0,opa,True,0,1,15,0,0.0625,1.0,0.9375,0.0,1.0,0.0,0.0,0.0,20.753977,0.0
20260713T204039570640Z_C4_AgentsOnly_full_beta_docker_misconfiguration_r2,C4_AgentsOnly,full_beta_docker_misconfiguration,docker_misconfiguration,2,full_protocol_20260713_rigorous,True,42.93337749998318,42.35250489995815,0,17,16,0,2,0,not_applicable,True,0,1,15,0,0.0625,1.0,0.9375,0.0,1.0,0.058823529411764705,1.0,1.0,21.44626,0.269316
20260713T204122558377Z_C5_SecFlowOps_full_beta_docker_misconfiguration_r2,C5_SecFlowOps,full_beta_docker_misconfiguration,docker_misconfiguration,2,full_protocol_20260713_rigorous,True,44.04999359999783,43.39408320002258,0,17,16,0,2,0,opa,True,0,1,15,0,0.0625,1.0,0.9375,0.0,1.0,0.058823529411764705,1.0,1.0,20.678982,0.219896
20260713T204206661419Z_C0_BuildOnly_full_beta_k8s_misconfiguration_r2,C0_BuildOnly,full_beta_k8s_misconfiguration,k8s_misconfiguration,2,full_protocol_20260713_rigorous,True,0.20601179997902364,0.0,0,0,0,0,0,0,not_applicable,True,0,0,0,1,0.0,0.0,0.0,1.0,0.0,0.0,0.0,0.0,0.0,0.0
20260713T204206928390Z_C1_NonBlockingScanning_full_beta_k8s_misconfiguration_r2,C1_NonBlockingScanning,full_beta_k8s_misconfiguration,k8s_misconfiguration,2,full_protocol_20260713_rigorous,True,21.718174099980388,21.390731199993752,0,20,20,0,3,0,not_applicable,True,0,1,1,0,0.5,1.0,0.5,0.0,1.0,0.0,0.0,0.0,21.716014,0.0
20260713T204228699273Z_C2_AutoScanning_full_beta_k8s_misconfiguration_r2,C2_AutoScanning,full_beta_k8s_misconfiguration,k8s_misconfiguration,2,full_protocol_20260713_rigorous,True,20.985865800001193,20.707494600035716,0,20,20,0,3,0,not_applicable,True,0,1,1,0,0.5,1.0,0.5,0.0,1.0,0.0,0.0,0.0,20.982606,0.0
20260713T204249737356Z_C3_PolicyOnly_full_beta_k8s_misconfiguration_r2,C3_PolicyOnly,full_beta_k8s_misconfiguration,k8s_misconfiguration,2,full_protocol_20260713_rigorous,True,21.727141099981964,21.345151200075634,0,20,20,0,3,0,opa,True,0,1,1,0,0.5,1.0,0.5,0.0,1.0,0.0,0.0,0.0,21.61623,0.0
20260713T204311519114Z_C4_AgentsOnly_full_beta_k8s_misconfiguration_r2,C4_AgentsOnly,full_beta_k8s_misconfiguration,k8s_misconfiguration,2,full_protocol_20260713_rigorous,True,43.32642250001663,42.79047859995626,0,20,16,0,2,0,not_applicable,True,0,1,1,0,0.5,1.0,0.5,0.0,1.0,0.05,1.0,1.0,21.787952,0.229624
20260713T204354902190Z_C5_SecFlowOps_full_beta_k8s_misconfiguration_r2,C5_SecFlowOps,full_beta_k8s_misconfiguration,k8s_misconfiguration,2,full_protocol_20260713_rigorous,True,43.301512599980924,42.69020050007384,0,20,16,0,2,0,opa,True,0,1,1,0,0.5,1.0,0.5,0.0,1.0,0.05,1.0,1.0,22.379234,0.205297
20260713T204438258045Z_C0_BuildOnly_full_beta_multi_layer_r2,C0_BuildOnly,full_beta_multi_layer,multi_layer,2,full_protocol_20260713_rigorous,True,0.2542968000052497,0.0,0,0,0,0,0,0,not_applicable,True,0,0,0,7,0.0,0.0,0.0,1.0,0.0,0.0,0.0,0.0,0.0,0.0
20260713T204438589252Z_C1_NonBlockingScanning_full_beta_multi_layer_r2,C1_NonBlockingScanning,full_beta_multi_layer,multi_layer,2,full_protocol_20260713_rigorous,True,20.768884199962486,20.514630599995144,0,64,64,7,21,1,not_applicable,True,0,6,39,1,0.13333333333333333,0.8571428571428571,0.8666666666666667,0.14285714285714285,0.8571428571428571,0.0,0.0,0.0,20.766046,0.0
20260713T204459414556Z_C2_AutoScanning_full_beta_multi_layer_r2,C2_AutoScanning,full_beta_multi_layer,multi_layer,2,full_protocol_20260713_rigorous,True,20.35260990000097,20.095369799993932,0,64,64,7,21,1,not_applicable,True,0,6,39,1,0.13333333333333333,0.8571428571428571,0.8666666666666667,0.14285714285714285,0.8571428571428571,0.0,0.0,0.0,20.350111,0.0
20260713T204519818353Z_C3_PolicyOnly_full_beta_multi_layer_r2,C3_PolicyOnly,full_beta_multi_layer,multi_layer,2,full_protocol_20260713_rigorous,False,20.268498199991882,19.91595180000877,0,64,64,7,21,1,opa,False,4,6,39,1,0.13333333333333333,0.8571428571428571,0.8666666666666667,0.14285714285714285,0.8571428571428571,0.0,0.0,0.0,20.164611,0.0
20260713T204540141887Z_C4_AgentsOnly_full_beta_multi_layer_r2,C4_AgentsOnly,full_beta_multi_layer,multi_layer,2,full_protocol_20260713_rigorous,True,43.570724299992435,43.019814800005406,0,64,16,0,2,0,not_applicable,True,0,6,39,1,0.13333333333333333,0.8571428571428571,0.8666666666666667,0.14285714285714285,0.8571428571428571,0.078125,1.0,1.0,20.64158,0.21576
20260713T204623768880Z_C5_SecFlowOps_full_beta_multi_layer_r2,C5_SecFlowOps,full_beta_multi_layer,multi_layer,2,full_protocol_20260713_rigorous,True,42.46394990000408,41.73673750006128,0,64,16,0,2,0,opa,True,0,6,39,1,0.13333333333333333,0.8571428571428571,0.8666666666666667,0.14285714285714285,0.8571428571428571,0.078125,1.0,1.0,21.641235,0.287774
20260713T204706284105Z_C0_BuildOnly_full_gamma_clean_r2,C0_BuildOnly,full_gamma_clean,clean,2,full_protocol_20260713_rigorous,True,0.311942599946633,0.0,0,0,0,0,0,0,not_applicable,True,0,0,0,0,0.0,0.0,0.0,0.0,0.0,0.0,0.0,0.0,0.0,0.0
20260713T204706655517Z_C1_NonBlockingScanning_full_gamma_clean_r2,C1_NonBlockingScanning,full_gamma_clean,clean,2,full_protocol_20260713_rigorous,True,20.472925999958534,20.20285880001029,0,16,16,0,2,0,not_applicable,True,0,0,16,0,0.0,0.0,1.0,0.0,0.0,0.0,0.0,0.0,20.470671,0.0
20260713T204727187159Z_C2_AutoScanning_full_gamma_clean_r2,C2_AutoScanning,full_gamma_clean,clean,2,full_protocol_20260713_rigorous,True,20.081594599992968,19.834928199939895,0,16,16,0,2,0,not_applicable,True,0,0,16,0,0.0,0.0,1.0,0.0,0.0,0.0,0.0,0.0,20.079648,0.0
20260713T204747323562Z_C3_PolicyOnly_full_gamma_clean_r2,C3_PolicyOnly,full_gamma_clean,clean,2,full_protocol_20260713_rigorous,True,20.413086500018835,20.054221600003075,0,16,16,0,2,0,opa,True,0,0,16,0,0.0,0.0,1.0,0.0,0.0,0.0,0.0,0.0,20.304816,0.0
20260713T204807789163Z_C4_AgentsOnly_full_gamma_clean_r2,C4_AgentsOnly,full_gamma_clean,clean,2,full_protocol_20260713_rigorous,True,40.81488350004656,40.317228099971544,0,16,16,0,2,0,not_applicable,True,0,0,16,0,0.0,0.0,1.0,0.0,0.0,0.0,0.0,0.0,20.501131,0.0
20260713T204848662860Z_C5_SecFlowOps_full_gamma_clean_r2,C5_SecFlowOps,full_gamma_clean,clean,2,full_protocol_20260713_rigorous,True,41.468627399997786,40.83738589996938,0,16,16,0,2,0,opa,True,0,0,16,0,0.0,0.0,1.0,0.0,0.0,0.0,0.0,0.0,20.991224,0.0
20260713T204930186373Z_C0_BuildOnly_full_gamma_vulnerable_dependency_r2,C0_BuildOnly,full_gamma_vulnerable_dependency,vulnerable_dependency,2,full_protocol_20260713_rigorous,True,0.207218199968338,0.0,0,0,0,0,0,0,not_applicable,True,0,0,0,1,0.0,0.0,0.0,1.0,0.0,0.0,0.0,0.0,0.0,0.0
20260713T204930457273Z_C1_NonBlockingScanning_full_gamma_vulnerable_dependency_r2,C1_NonBlockingScanning,full_gamma_vulnerable_dependency,vulnerable_dependency,2,full_protocol_20260713_rigorous,True,21.60104780003894,21.343137799936812,0,56,56,6,18,0,not_applicable,True,0,1,55,0,0.017857142857142856,1.0,0.9821428571428571,0.0,1.0,0.0,0.0,0.0,21.59812,0.0
20260713T204952117684Z_C2_AutoScanning_full_gamma_vulnerable_dependency_r2,C2_AutoScanning,full_gamma_vulnerable_dependency,vulnerable_dependency,2,full_protocol_20260713_rigorous,True,23.498745499993674,23.213442300038878,0,56,56,6,18,0,not_applicable,True,0,1,55,0,0.017857142857142856,1.0,0.9821428571428571,0.0,1.0,0.0,0.0,0.0,23.496351,0.0
20260713T205015677651Z_C3_PolicyOnly_full_gamma_vulnerable_dependency_r2,C3_PolicyOnly,full_gamma_vulnerable_dependency,vulnerable_dependency,2,full_protocol_20260713_rigorous,False,21.46859480004059,20.990174199978355,0,56,56,6,18,0,opa,False,3,1,55,0,0.017857142857142856,1.0,0.9821428571428571,0.0,1.0,0.0,0.0,0.0,21.347967,0.0
20260713T205037204436Z_C4_AgentsOnly_full_gamma_vulnerable_dependency_r2,C4_AgentsOnly,full_gamma_vulnerable_dependency,vulnerable_dependency,2,full_protocol_20260713_rigorous,True,41.34731559996726,40.811777600087225,0,56,16,0,2,0,not_applicable,True,0,1,55,0,0.017857142857142856,1.0,0.9821428571428571,0.0,1.0,0.017857142857142856,1.0,1.0,20.614168,0.218992
20260713T205118612257Z_C5_SecFlowOps_full_gamma_vulnerable_dependency_r2,C5_SecFlowOps,full_gamma_vulnerable_dependency,vulnerable_dependency,2,full_protocol_20260713_rigorous,True,41.83482499996899,41.21306340006413,0,56,16,0,2,0,opa,True,0,1,55,0,0.017857142857142856,1.0,0.9821428571428571,0.0,1.0,0.017857142857142856,1.0,1.0,20.583946,0.215287
20260713T205200497737Z_C0_BuildOnly_full_gamma_fake_secret_r2,C0_BuildOnly,full_gamma_fake_secret,fake_secret,2,full_protocol_20260713_rigorous,True,0.2295149000128731,0.0,0,0,0,0,0,0,not_applicable,True,0,0,0,1,0.0,0.0,0.0,1.0,0.0,0.0,0.0,0.0,0.0,0.0
20260713T205200787840Z_C1_NonBlockingScanning_full_gamma_fake_secret_r2,C1_NonBlockingScanning,full_gamma_fake_secret,fake_secret,2,full_protocol_20260713_rigorous,True,20.36356829997385,20.069840800075326,0,17,17,1,2,1,not_applicable,True,0,1,16,0,0.058823529411764705,1.0,0.9411764705882353,0.0,1.0,0.0,0.0,0.0,20.361245,0.0
20260713T205221211931Z_C2_AutoScanning_full_gamma_fake_secret_r2,C2_AutoScanning,full_gamma_fake_secret,fake_secret,2,full_protocol_20260713_rigorous,True,20.469472900032997,20.21416729997145,0,17,17,1,2,1,not_applicable,True,0,1,16,0,0.058823529411764705,1.0,0.9411764705882353,0.0,1.0,0.0,0.0,0.0,20.467477,0.0
20260713T205241732522Z_C3_PolicyOnly_full_gamma_fake_secret_r2,C3_PolicyOnly,full_gamma_fake_secret,fake_secret,2,full_protocol_20260713_rigorous,False,20.53751380002359,20.073694700025953,0,17,17,1,2,1,opa,False,3,1,16,0,0.058823529411764705,1.0,0.9411764705882353,0.0,1.0,0.0,0.0,0.0,20.423445,0.0
20260713T205302322149Z_C4_AgentsOnly_full_gamma_fake_secret_r2,C4_AgentsOnly,full_gamma_fake_secret,fake_secret,2,full_protocol_20260713_rigorous,True,41.785046500037424,41.18393899995135,0,17,16,0,2,0,not_applicable,True,0,1,16,0,0.058823529411764705,1.0,0.9411764705882353,0.0,1.0,0.058823529411764705,1.0,1.0,20.965601,0.25372
20260713T205344171736Z_C5_SecFlowOps_full_gamma_fake_secret_r2,C5_SecFlowOps,full_gamma_fake_secret,fake_secret,2,full_protocol_20260713_rigorous,True,40.58056450000731,39.71661920007318,0,17,16,0,2,0,opa,True,0,1,16,0,0.058823529411764705,1.0,0.9411764705882353,0.0,1.0,0.058823529411764705,1.0,1.0,20.37677,0.334908
20260713T205424805643Z_C0_BuildOnly_full_gamma_sast_reflected_xss_r2,C0_BuildOnly,full_gamma_sast_reflected_xss,sast_reflected_xss,2,full_protocol_20260713_rigorous,True,0.21948400000110269,0.0,0,0,0,0,0,0,not_applicable,True,0,0,0,2,0.0,0.0,0.0,1.0,0.0,0.0,0.0,0.0,0.0,0.0
20260713T205425106613Z_C1_NonBlockingScanning_full_gamma_sast_reflected_xss_r2,C1_NonBlockingScanning,full_gamma_sast_reflected_xss,sast_reflected_xss,2,full_protocol_20260713_rigorous,True,20.271126099978574,20.007316200062633,0,17,17,0,2,0,not_applicable,True,0,1,16,1,0.058823529411764705,0.5,0.9411764705882353,0.5,0.5,0.0,0.0,0.0,20.268965,0.0
20260713T205445428447Z_C2_AutoScanning_full_gamma_sast_reflected_xss_r2,C2_AutoScanning,full_gamma_sast_reflected_xss,sast_reflected_xss,2,full_protocol_20260713_rigorous,True,20.337607800029218,20.057470900006592,0,17,17,0,2,0,not_applicable,True,0,1,16,1,0.058823529411764705,0.5,0.9411764705882353,0.5,0.5,0.0,0.0,0.0,20.335477,0.0
20260713T205505819883Z_C3_PolicyOnly_full_gamma_sast_reflected_xss_r2,C3_PolicyOnly,full_gamma_sast_reflected_xss,sast_reflected_xss,2,full_protocol_20260713_rigorous,True,21.64402790000895,21.196753300027922,0,17,17,0,2,0,opa,True,0,1,16,1,0.058823529411764705,0.5,0.9411764705882353,0.5,0.5,0.0,0.0,0.0,21.512631,0.0
20260713T205527529010Z_C4_AgentsOnly_full_gamma_sast_reflected_xss_r2,C4_AgentsOnly,full_gamma_sast_reflected_xss,sast_reflected_xss,2,full_protocol_20260713_rigorous,True,42.50463649997255,41.92948910006089,0,17,16,0,2,0,not_applicable,True,0,1,16,1,0.058823529411764705,0.5,0.9411764705882353,0.5,0.5,0.058823529411764705,1.0,1.0,20.912122,0.23847
20260713T205610097823Z_C5_SecFlowOps_full_gamma_sast_reflected_xss_r2,C5_SecFlowOps,full_gamma_sast_reflected_xss,sast_reflected_xss,2,full_protocol_20260713_rigorous,True,48.93900929996744,48.25658830004977,0,17,16,0,2,0,opa,True,0,1,16,1,0.058823529411764705,0.5,0.9411764705882353,0.5,0.5,0.058823529411764705,1.0,1.0,21.460028,0.233703
20260713T205659092525Z_C0_BuildOnly_full_gamma_sast_sql_injection_r2,C0_BuildOnly,full_gamma_sast_sql_injection,sast_sql_injection,2,full_protocol_20260713_rigorous,True,0.3503615999943577,0.0,0,0,0,0,0,0,not_applicable,True,0,0,0,1,0.0,0.0,0.0,1.0,0.0,0.0,0.0,0.0,0.0,0.0
20260713T205659515274Z_C1_NonBlockingScanning_full_gamma_sast_sql_injection_r2,C1_NonBlockingScanning,full_gamma_sast_sql_injection,sast_sql_injection,2,full_protocol_20260713_rigorous,True,22.93895350000821,22.664662800030783,0,17,17,0,3,0,not_applicable,True,0,1,16,0,0.058823529411764705,1.0,0.9411764705882353,0.0,1.0,0.0,0.0,0.0,22.936968,0.0
20260713T205722520073Z_C2_AutoScanning_full_gamma_sast_sql_injection_r2,C2_AutoScanning,full_gamma_sast_sql_injection,sast_sql_injection,2,full_protocol_20260713_rigorous,True,22.99268419999862,22.653741199988872,0,17,17,0,3,0,not_applicable,True,0,1,16,0,0.058823529411764705,1.0,0.9411764705882353,0.0,1.0,0.0,0.0,0.0,22.98754,0.0
20260713T205745568481Z_C3_PolicyOnly_full_gamma_sast_sql_injection_r2,C3_PolicyOnly,full_gamma_sast_sql_injection,sast_sql_injection,2,full_protocol_20260713_rigorous,True,26.62278559996048,26.055341199971735,0,17,17,0,3,0,opa,True,0,1,16,0,0.058823529411764705,1.0,0.9411764705882353,0.0,1.0,0.0,0.0,0.0,26.499042,0.0
20260713T205812273749Z_C4_AgentsOnly_full_gamma_sast_sql_injection_r2,C4_AgentsOnly,full_gamma_sast_sql_injection,sast_sql_injection,2,full_protocol_20260713_rigorous,True,43.5042814000044,42.95130789995892,0,17,16,0,2,0,not_applicable,True,0,1,16,0,0.058823529411764705,1.0,0.9411764705882353,0.0,1.0,0.058823529411764705,1.0,1.0,20.863092,0.22312
20260713T205855847188Z_C5_SecFlowOps_full_gamma_sast_sql_injection_r2,C5_SecFlowOps,full_gamma_sast_sql_injection,sast_sql_injection,2,full_protocol_20260713_rigorous,True,42.11704820004525,41.38183690002188,0,17,16,0,2,0,opa,True,0,1,16,0,0.058823529411764705,1.0,0.9411764705882353,0.0,1.0,0.058823529411764705,1.0,1.0,21.153812,0.237443
20260713T205938024758Z_C0_BuildOnly_full_gamma_docker_misconfiguration_r2,C0_BuildOnly,full_gamma_docker_misconfiguration,docker_misconfiguration,2,full_protocol_20260713_rigorous,True,0.230091999983415,0.0,0,0,0,0,0,0,not_applicable,True,0,0,0,1,0.0,0.0,0.0,1.0,0.0,0.0,0.0,0.0,0.0,0.0
20260713T205938307168Z_C1_NonBlockingScanning_full_gamma_docker_misconfiguration_r2,C1_NonBlockingScanning,full_gamma_docker_misconfiguration,docker_misconfiguration,2,full_protocol_20260713_rigorous,True,21.03683729999466,20.779585300013423,0,17,17,0,3,0,not_applicable,True,0,1,15,0,0.0625,1.0,0.9375,0.0,1.0,0.0,0.0,0.0,21.03484,0.0
20260713T205959402894Z_C2_AutoScanning_full_gamma_docker_misconfiguration_r2,C2_AutoScanning,full_gamma_docker_misconfiguration,docker_misconfiguration,2,full_protocol_20260713_rigorous,True,23.913372500042897,23.64820120006334,0,17,17,0,3,0,not_applicable,True,0,1,15,0,0.0625,1.0,0.9375,0.0,1.0,0.0,0.0,0.0,23.909561,0.0
20260713T210023367925Z_C3_PolicyOnly_full_gamma_docker_misconfiguration_r2,C3_PolicyOnly,full_gamma_docker_misconfiguration,docker_misconfiguration,2,full_protocol_20260713_rigorous,True,23.592314000008628,23.112074300006498,0,17,17,0,3,0,opa,True,0,1,15,0,0.0625,1.0,0.9375,0.0,1.0,0.0,0.0,0.0,23.481983,0.0
20260713T210047021592Z_C4_AgentsOnly_full_gamma_docker_misconfiguration_r2,C4_AgentsOnly,full_gamma_docker_misconfiguration,docker_misconfiguration,2,full_protocol_20260713_rigorous,True,44.478486600040924,43.71427850006148,0,17,16,0,2,0,not_applicable,True,0,1,15,0,0.0625,1.0,0.9375,0.0,1.0,0.058823529411764705,1.0,1.0,22.668763,0.290589
20260713T210131556062Z_C5_SecFlowOps_full_gamma_docker_misconfiguration_r2,C5_SecFlowOps,full_gamma_docker_misconfiguration,docker_misconfiguration,2,full_protocol_20260713_rigorous,True,42.843071100011,42.19227369991131,0,17,16,0,2,0,opa,True,0,1,15,0,0.0625,1.0,0.9375,0.0,1.0,0.058823529411764705,1.0,1.0,22.109704,0.219596
20260713T210214452486Z_C0_BuildOnly_full_gamma_k8s_misconfiguration_r2,C0_BuildOnly,full_gamma_k8s_misconfiguration,k8s_misconfiguration,2,full_protocol_20260713_rigorous,True,0.20418770000105724,0.0,0,0,0,0,0,0,not_applicable,True,0,0,0,1,0.0,0.0,0.0,1.0,0.0,0.0,0.0,0.0,0.0,0.0
20260713T210214717245Z_C1_NonBlockingScanning_full_gamma_k8s_misconfiguration_r2,C1_NonBlockingScanning,full_gamma_k8s_misconfiguration,k8s_misconfiguration,2,full_protocol_20260713_rigorous,True,20.60360169998603,20.197779899986926,0,20,20,0,3,0,not_applicable,True,0,1,1,0,0.5,1.0,0.5,0.0,1.0,0.0,0.0,0.0,20.601684,0.0
20260713T210235382527Z_C2_AutoScanning_full_gamma_k8s_misconfiguration_r2,C2_AutoScanning,full_gamma_k8s_misconfiguration,k8s_misconfiguration,2,full_protocol_20260713_rigorous,True,20.248421100026462,19.957743099948857,0,20,20,0,3,0,not_applicable,True,0,1,1,0,0.5,1.0,0.5,0.0,1.0,0.0,0.0,0.0,20.246317,0.0
20260713T210255683521Z_C3_PolicyOnly_full_gamma_k8s_misconfiguration_r2,C3_PolicyOnly,full_gamma_k8s_misconfiguration,k8s_misconfiguration,2,full_protocol_20260713_rigorous,True,20.4990100999712,20.155252000084147,0,20,20,0,3,0,opa,True,0,1,1,0,0.5,1.0,0.5,0.0,1.0,0.0,0.0,0.0,20.394535,0.0
20260713T210316234591Z_C4_AgentsOnly_full_gamma_k8s_misconfiguration_r2,C4_AgentsOnly,full_gamma_k8s_misconfiguration,k8s_misconfiguration,2,full_protocol_20260713_rigorous,True,42.19452939997427,41.60060250002425,0,20,16,0,2,0,not_applicable,True,0,1,1,0,0.5,1.0,0.5,0.0,1.0,0.05,1.0,1.0,20.766483,0.279422
20260713T210358482066Z_C5_SecFlowOps_full_gamma_k8s_misconfiguration_r2,C5_SecFlowOps,full_gamma_k8s_misconfiguration,k8s_misconfiguration,2,full_protocol_20260713_rigorous,True,42.3968219999806,41.75078390009003,0,20,16,0,2,0,opa,True,0,1,1,0,0.5,1.0,0.5,0.0,1.0,0.05,1.0,1.0,20.69661,0.21765
20260713T210440930295Z_C0_BuildOnly_full_gamma_multi_layer_r2,C0_BuildOnly,full_gamma_multi_layer,multi_layer,2,full_protocol_20260713_rigorous,True,0.21406969998497516,0.0,0,0,0,0,0,0,not_applicable,True,0,0,0,7,0.0,0.0,0.0,1.0,0.0,0.0,0.0,0.0,0.0,0.0
20260713T210441195594Z_C1_NonBlockingScanning_full_gamma_multi_layer_r2,C1_NonBlockingScanning,full_gamma_multi_layer,multi_layer,2,full_protocol_20260713_rigorous,True,20.695127499988303,20.416400599991903,0,64,64,7,21,1,not_applicable,True,0,6,39,1,0.13333333333333333,0.8571428571428571,0.8666666666666667,0.14285714285714285,0.8571428571428571,0.0,0.0,0.0,20.690314,0.0
20260713T210501956021Z_C2_AutoScanning_full_gamma_multi_layer_r2,C2_AutoScanning,full_gamma_multi_layer,multi_layer,2,full_protocol_20260713_rigorous,True,20.705835100030527,20.381389899994247,0,64,64,7,21,1,not_applicable,True,0,6,39,1,0.13333333333333333,0.8571428571428571,0.8666666666666667,0.14285714285714285,0.8571428571428571,0.0,0.0,0.0,20.702681,0.0
20260713T210522736200Z_C3_PolicyOnly_full_gamma_multi_layer_r2,C3_PolicyOnly,full_gamma_multi_layer,multi_layer,2,full_protocol_20260713_rigorous,False,20.04423429997405,19.667148300039116,0,64,64,7,21,1,opa,False,4,6,39,1,0.13333333333333333,0.8571428571428571,0.8666666666666667,0.14285714285714285,0.8571428571428571,0.0,0.0,0.0,19.941739,0.0
20260713T210542832405Z_C4_AgentsOnly_full_gamma_multi_layer_r2,C4_AgentsOnly,full_gamma_multi_layer,multi_layer,2,full_protocol_20260713_rigorous,True,40.16292879998218,39.61288049991708,0,64,16,0,2,0,not_applicable,True,0,6,39,1,0.13333333333333333,0.8571428571428571,0.8666666666666667,0.14285714285714285,0.8571428571428571,0.078125,1.0,1.0,20.155518,0.233609
20260713T210623043190Z_C5_SecFlowOps_full_gamma_multi_layer_r2,C5_SecFlowOps,full_gamma_multi_layer,multi_layer,2,full_protocol_20260713_rigorous,True,40.87916050001513,40.22865699999966,0,64,16,0,2,0,opa,True,0,6,39,1,0.13333333333333333,0.8571428571428571,0.8666666666666667,0.14285714285714285,0.8571428571428571,0.078125,1.0,1.0,20.181321,0.217102
20260713T210703991186Z_C0_BuildOnly_full_alpha_clean_r3,C0_BuildOnly,full_alpha_clean,clean,3,full_protocol_20260713_rigorous,True,0.22519450000254437,0.0,0,0,0,0,0,0,not_applicable,True,0,0,0,0,0.0,0.0,0.0,0.0,0.0,0.0,0.0,0.0,0.0,0.0
20260713T210704277588Z_C1_NonBlockingScanning_full_alpha_clean_r3,C1_NonBlockingScanning,full_alpha_clean,clean,3,full_protocol_20260713_rigorous,True,20.373417299997527,20.14144659996964,0,16,16,0,2,0,not_applicable,True,0,0,16,0,0.0,0.0,1.0,0.0,0.0,0.0,0.0,0.0,20.371323,0.0
20260713T210724703880Z_C2_AutoScanning_full_alpha_clean_r3,C2_AutoScanning,full_alpha_clean,clean,3,full_protocol_20260713_rigorous,True,20.736962100025266,20.47679089999292,0,16,16,0,2,0,not_applicable,True,0,0,16,0,0.0,0.0,1.0,0.0,0.0,0.0,0.0,0.0,20.734594,0.0
20260713T210745499323Z_C3_PolicyOnly_full_alpha_clean_r3,C3_PolicyOnly,full_alpha_clean,clean,3,full_protocol_20260713_rigorous,True,20.96113269997295,20.595661900064442,0,16,16,0,2,0,opa,True,0,0,16,0,0.0,0.0,1.0,0.0,0.0,0.0,0.0,0.0,20.854256,0.0
20260713T210806510712Z_C4_AgentsOnly_full_alpha_clean_r3,C4_AgentsOnly,full_alpha_clean,clean,3,full_protocol_20260713_rigorous,True,42.99921780003933,42.405576200049836,0,16,16,0,2,0,not_applicable,True,0,0,16,0,0.0,0.0,1.0,0.0,0.0,0.0,0.0,0.0,20.775761,0.0
20260713T210849563110Z_C5_SecFlowOps_full_alpha_clean_r3,C5_SecFlowOps,full_alpha_clean,clean,3,full_protocol_20260713_rigorous,True,42.19608959998004,41.55287010001484,0,16,16,0,2,0,opa,True,0,0,16,0,0.0,0.0,1.0,0.0,0.0,0.0,0.0,0.0,20.539328,0.0
20260713T210931809822Z_C0_BuildOnly_full_alpha_vulnerable_dependency_r3,C0_BuildOnly,full_alpha_vulnerable_dependency,vulnerable_dependency,3,full_protocol_20260713_rigorous,True,0.20373120001750067,0.0,0,0,0,0,0,0,not_applicable,True,0,0,0,1,0.0,0.0,0.0,1.0,0.0,0.0,0.0,0.0,0.0,0.0
20260713T210932063225Z_C1_NonBlockingScanning_full_alpha_vulnerable_dependency_r3,C1_NonBlockingScanning,full_alpha_vulnerable_dependency,vulnerable_dependency,3,full_protocol_20260713_rigorous,True,22.079989799996838,21.809548099990934,0,56,56,6,18,0,not_applicable,True,0,1,55,0,0.017857142857142856,1.0,0.9821428571428571,0.0,1.0,0.0,0.0,0.0,22.076937,0.0
20260713T210954193978Z_C2_AutoScanning_full_alpha_vulnerable_dependency_r3,C2_AutoScanning,full_alpha_vulnerable_dependency,vulnerable_dependency,3,full_protocol_20260713_rigorous,True,22.8876432000543,22.611745900008827,0,56,56,6,18,0,not_applicable,True,0,1,55,0,0.017857142857142856,1.0,0.9821428571428571,0.0,1.0,0.0,0.0,0.0,22.884371,0.0
20260713T211017142549Z_C3_PolicyOnly_full_alpha_vulnerable_dependency_r3,C3_PolicyOnly,full_alpha_vulnerable_dependency,vulnerable_dependency,3,full_protocol_20260713_rigorous,False,21.95647299999837,21.502978999982588,0,56,56,6,18,0,opa,False,3,1,55,0,0.017857142857142856,1.0,0.9821428571428571,0.0,1.0,0.0,0.0,0.0,21.825351,0.0
20260713T211039155962Z_C4_AgentsOnly_full_alpha_vulnerable_dependency_r3,C4_AgentsOnly,full_alpha_vulnerable_dependency,vulnerable_dependency,3,full_protocol_20260713_rigorous,True,44.34859429998323,43.775558000139426,0,56,16,0,2,0,not_applicable,True,0,1,55,0,0.017857142857142856,1.0,0.9821428571428571,0.0,1.0,0.017857142857142856,1.0,1.0,20.928777,0.231632
20260713T211123569242Z_C5_SecFlowOps_full_alpha_vulnerable_dependency_r3,C5_SecFlowOps,full_alpha_vulnerable_dependency,vulnerable_dependency,3,full_protocol_20260713_rigorous,True,43.157476100022905,42.241958300059196,0,56,16,0,2,0,opa,True,0,1,55,0,0.017857142857142856,1.0,0.9821428571428571,0.0,1.0,0.017857142857142856,1.0,1.0,21.425454,0.40211
20260713T211206792647Z_C0_BuildOnly_full_alpha_fake_secret_r3,C0_BuildOnly,full_alpha_fake_secret,fake_secret,3,full_protocol_20260713_rigorous,True,0.20560240000486374,0.0,0,0,0,0,0,0,not_applicable,True,0,0,0,1,0.0,0.0,0.0,1.0,0.0,0.0,0.0,0.0,0.0,0.0
20260713T211207052530Z_C1_NonBlockingScanning_full_alpha_fake_secret_r3,C1_NonBlockingScanning,full_alpha_fake_secret,fake_secret,3,full_protocol_20260713_rigorous,True,21.224158800032455,20.919163300015498,0,17,17,1,2,1,not_applicable,True,0,1,16,0,0.058823529411764705,1.0,0.9411764705882353,0.0,1.0,0.0,0.0,0.0,21.222227,0.0
20260713T211228331813Z_C2_AutoScanning_full_alpha_fake_secret_r3,C2_AutoScanning,full_alpha_fake_secret,fake_secret,3,full_protocol_20260713_rigorous,True,21.240816799981985,20.985676100011915,0,17,17,1,2,1,not_applicable,True,0,1,16,0,0.058823529411764705,1.0,0.9411764705882353,0.0,1.0,0.0,0.0,0.0,21.238595,0.0
20260713T211249624478Z_C3_PolicyOnly_full_alpha_fake_secret_r3,C3_PolicyOnly,full_alpha_fake_secret,fake_secret,3,full_protocol_20260713_rigorous,False,24.90897779999068,24.50879440002609,0,17,17,1,2,1,opa,False,3,1,16,0,0.058823529411764705,1.0,0.9411764705882353,0.0,1.0,0.0,0.0,0.0,24.767128,0.0
20260713T211314593607Z_C4_AgentsOnly_full_alpha_fake_secret_r3,C4_AgentsOnly,full_alpha_fake_secret,fake_secret,3,full_protocol_20260713_rigorous,True,44.221491800039075,43.538881400018,0,17,16,0,2,0,not_applicable,True,0,1,16,0,0.058823529411764705,1.0,0.9411764705882353,0.0,1.0,0.058823529411764705,1.0,1.0,21.93991,0.260163
20260713T211358884354Z_C5_SecFlowOps_full_alpha_fake_secret_r3,C5_SecFlowOps,full_alpha_fake_secret,fake_secret,3,full_protocol_20260713_rigorous,True,45.0247526000021,44.34894600010011,0,17,16,0,2,0,opa,True,0,1,16,0,0.058823529411764705,1.0,0.9411764705882353,0.0,1.0,0.058823529411764705,1.0,1.0,21.88249,0.240501
20260713T211443961316Z_C0_BuildOnly_full_alpha_sast_reflected_xss_r3,C0_BuildOnly,full_alpha_sast_reflected_xss,sast_reflected_xss,3,full_protocol_20260713_rigorous,True,0.2762238000286743,0.0,0,0,0,0,0,0,not_applicable,True,0,0,0,2,0.0,0.0,0.0,1.0,0.0,0.0,0.0,0.0,0.0,0.0
20260713T211444303820Z_C1_NonBlockingScanning_full_alpha_sast_reflected_xss_r3,C1_NonBlockingScanning,full_alpha_sast_reflected_xss,sast_reflected_xss,3,full_protocol_20260713_rigorous,True,24.206622400030028,23.942268300044816,0,17,17,0,2,0,not_applicable,True,0,1,16,1,0.058823529411764705,0.5,0.9411764705882353,0.5,0.5,0.0,0.0,0.0,24.204077,0.0
20260713T211508574718Z_C2_AutoScanning_full_alpha_sast_reflected_xss_r3,C2_AutoScanning,full_alpha_sast_reflected_xss,sast_reflected_xss,3,full_protocol_20260713_rigorous,True,22.34888730000239,22.00979460007511,1,1,1,0,0,0,not_applicable,True,0,1,0,1,1.0,0.5,0.0,0.5,0.5,0.0,0.0,0.0,22.346936,0.0
20260713T211530979171Z_C3_PolicyOnly_full_alpha_sast_reflected_xss_r3,C3_PolicyOnly,full_alpha_sast_reflected_xss,sast_reflected_xss,3,full_protocol_20260713_rigorous,True,22.637976800033357,22.27433480002219,0,17,17,0,2,0,opa,True,0,1,16,1,0.058823529411764705,0.5,0.9411764705882353,0.5,0.5,0.0,0.0,0.0,22.526097,0.0
20260713T211553671724Z_C4_AgentsOnly_full_alpha_sast_reflected_xss_r3,C4_AgentsOnly,full_alpha_sast_reflected_xss,sast_reflected_xss,3,full_protocol_20260713_rigorous,True,43.679765499953646,43.02584919997025,0,17,16,0,2,0,not_applicable,True,0,1,16,1,0.058823529411764705,0.5,0.9411764705882353,0.5,0.5,0.058823529411764705,1.0,1.0,22.103252,0.280777
20260713T211637411499Z_C5_SecFlowOps_full_alpha_sast_reflected_xss_r3,C5_SecFlowOps,full_alpha_sast_reflected_xss,sast_reflected_xss,3,full_protocol_20260713_rigorous,True,46.120109700015746,45.40865569998277,0,17,16,0,2,0,opa,True,0,1,16,1,0.058823529411764705,0.5,0.9411764705882353,0.5,0.5,0.058823529411764705,1.0,1.0,21.979975,0.230483
20260713T211723589221Z_C0_BuildOnly_full_alpha_sast_sql_injection_r3,C0_BuildOnly,full_alpha_sast_sql_injection,sast_sql_injection,3,full_protocol_20260713_rigorous,True,0.23767220001900569,0.0,0,0,0,0,0,0,not_applicable,True,0,0,0,1,0.0,0.0,0.0,1.0,0.0,0.0,0.0,0.0,0.0,0.0
20260713T211723888448Z_C1_NonBlockingScanning_full_alpha_sast_sql_injection_r3,C1_NonBlockingScanning,full_alpha_sast_sql_injection,sast_sql_injection,3,full_protocol_20260713_rigorous,True,27.855044200026896,27.566083600046113,0,17,17,0,3,0,not_applicable,True,0,1,16,0,0.058823529411764705,1.0,0.9411764705882353,0.0,1.0,0.0,0.0,0.0,27.852156,0.0
20260713T211751814831Z_C2_AutoScanning_full_alpha_sast_sql_injection_r3,C2_AutoScanning,full_alpha_sast_sql_injection,sast_sql_injection,3,full_protocol_20260713_rigorous,True,23.274468199990224,22.969658500049263,0,17,17,0,3,0,not_applicable,True,0,1,16,0,0.058823529411764705,1.0,0.9411764705882353,0.0,1.0,0.0,0.0,0.0,23.271784,0.0
20260713T211815147460Z_C3_PolicyOnly_full_alpha_sast_sql_injection_r3,C3_PolicyOnly,full_alpha_sast_sql_injection,sast_sql_injection,3,full_protocol_20260713_rigorous,True,22.954257800010964,22.561961799976416,0,17,17,0,3,0,opa,True,0,1,16,0,0.058823529411764705,1.0,0.9411764705882353,0.0,1.0,0.0,0.0,0.0,22.838679,0.0
20260713T211838162642Z_C4_AgentsOnly_full_alpha_sast_sql_injection_r3,C4_AgentsOnly,full_alpha_sast_sql_injection,sast_sql_injection,3,full_protocol_20260713_rigorous,True,44.98774630000116,44.310189000098035,0,17,16,0,2,0,not_applicable,True,0,1,16,0,0.058823529411764705,1.0,0.9411764705882353,0.0,1.0,0.058823529411764705,1.0,1.0,23.337934,0.320916
20260713T211923206545Z_C5_SecFlowOps_full_alpha_sast_sql_injection_r3,C5_SecFlowOps,full_alpha_sast_sql_injection,sast_sql_injection,3,full_protocol_20260713_rigorous,True,45.20423099998152,44.50766039994778,0,17,16,0,2,0,opa,True,0,1,16,0,0.058823529411764705,1.0,0.9411764705882353,0.0,1.0,0.058823529411764705,1.0,1.0,23.406507,0.281498
20260713T212008466874Z_C0_BuildOnly_full_alpha_docker_misconfiguration_r3,C0_BuildOnly,full_alpha_docker_misconfiguration,docker_misconfiguration,3,full_protocol_20260713_rigorous,True,0.19533150002826005,0.0,0,0,0,0,0,0,not_applicable,True,0,0,0,1,0.0,0.0,0.0,1.0,0.0,0.0,0.0,0.0,0.0,0.0
20260713T212008721020Z_C1_NonBlockingScanning_full_alpha_docker_misconfiguration_r3,C1_NonBlockingScanning,full_alpha_docker_misconfiguration,docker_misconfiguration,3,full_protocol_20260713_rigorous,True,23.874617299996316,23.588662300026044,0,17,17,0,3,0,not_applicable,True,0,1,15,0,0.0625,1.0,0.9375,0.0,1.0,0.0,0.0,0.0,23.872168,0.0
20260713T212032648030Z_C2_AutoScanning_full_alpha_docker_misconfiguration_r3,C2_AutoScanning,full_alpha_docker_misconfiguration,docker_misconfiguration,3,full_protocol_20260713_rigorous,True,23.859311799984425,23.553889400034677,0,17,17,0,3,0,not_applicable,True,0,1,15,0,0.0625,1.0,0.9375,0.0,1.0,0.0,0.0,0.0,23.856943,0.0
20260713T212056577225Z_C3_PolicyOnly_full_alpha_docker_misconfiguration_r3,C3_PolicyOnly,full_alpha_docker_misconfiguration,docker_misconfiguration,3,full_protocol_20260713_rigorous,True,21.622570600011386,21.175528099993244,0,17,17,0,3,0,opa,True,0,1,15,0,0.0625,1.0,0.9375,0.0,1.0,0.0,0.0,0.0,21.458677,0.0
20260713T212118252765Z_C4_AgentsOnly_full_alpha_docker_misconfiguration_r3,C4_AgentsOnly,full_alpha_docker_misconfiguration,docker_misconfiguration,3,full_protocol_20260713_rigorous,True,48.564592999988236,47.96923029999016,0,17,16,0,2,0,not_applicable,True,0,1,15,0,0.0625,1.0,0.9375,0.0,1.0,0.058823529411764705,1.0,1.0,20.919961,0.257787
20260713T212206897004Z_C5_SecFlowOps_full_alpha_docker_misconfiguration_r3,C5_SecFlowOps,full_alpha_docker_misconfiguration,docker_misconfiguration,3,full_protocol_20260713_rigorous,True,42.796196100011,42.10372670000652,0,17,16,0,2,0,opa,True,0,1,15,0,0.0625,1.0,0.9375,0.0,1.0,0.058823529411764705,1.0,1.0,22.070077,0.200572
20260713T212249750120Z_C0_BuildOnly_full_alpha_k8s_misconfiguration_r3,C0_BuildOnly,full_alpha_k8s_misconfiguration,k8s_misconfiguration,3,full_protocol_20260713_rigorous,True,0.1894804000039585,0.0,0,0,0,0,0,0,not_applicable,True,0,0,0,1,0.0,0.0,0.0,1.0,0.0,0.0,0.0,0.0,0.0,0.0
20260713T212250006270Z_C1_NonBlockingScanning_full_alpha_k8s_misconfiguration_r3,C1_NonBlockingScanning,full_alpha_k8s_misconfiguration,k8s_misconfiguration,3,full_protocol_20260713_rigorous,True,25.10349770000903,24.78435949992854,0,20,20,0,3,0,not_applicable,True,0,1,1,0,0.5,1.0,0.5,0.0,1.0,0.0,0.0,0.0,25.100989,0.0
20260713T212315170700Z_C2_AutoScanning_full_alpha_k8s_misconfiguration_r3,C2_AutoScanning,full_alpha_k8s_misconfiguration,k8s_misconfiguration,3,full_protocol_20260713_rigorous,True,22.306212500028778,22.06144089990994,0,20,20,0,3,0,not_applicable,True,0,1,1,0,0.5,1.0,0.5,0.0,1.0,0.0,0.0,0.0,22.303853,0.0
20260713T212337532598Z_C3_PolicyOnly_full_alpha_k8s_misconfiguration_r3,C3_PolicyOnly,full_alpha_k8s_misconfiguration,k8s_misconfiguration,3,full_protocol_20260713_rigorous,True,24.292324000038207,23.915701800026,0,20,20,0,3,0,opa,True,0,1,1,0,0.5,1.0,0.5,0.0,1.0,0.0,0.0,0.0,24.179671,0.0
20260713T212401890397Z_C4_AgentsOnly_full_alpha_k8s_misconfiguration_r3,C4_AgentsOnly,full_alpha_k8s_misconfiguration,k8s_misconfiguration,3,full_protocol_20260713_rigorous,True,45.80281959997956,45.26205649989424,0,20,16,0,2,0,not_applicable,True,0,1,1,0,0.5,1.0,0.5,0.0,1.0,0.05,1.0,1.0,22.325517,0.209763
20260713T212447744911Z_C5_SecFlowOps_full_alpha_k8s_misconfiguration_r3,C5_SecFlowOps,full_alpha_k8s_misconfiguration,k8s_misconfiguration,3,full_protocol_20260713_rigorous,True,49.213064400013536,48.57424250000622,0,20,16,0,2,0,opa,True,0,1,1,0,0.5,1.0,0.5,0.0,1.0,0.05,1.0,1.0,21.198405,0.200719
20260713T212537008680Z_C0_BuildOnly_full_alpha_multi_layer_r3,C0_BuildOnly,full_alpha_multi_layer,multi_layer,3,full_protocol_20260713_rigorous,True,0.2265449999831617,0.0,0,0,0,0,0,0,not_applicable,True,0,0,0,7,0.0,0.0,0.0,1.0,0.0,0.0,0.0,0.0,0.0,0.0
20260713T212537290488Z_C1_NonBlockingScanning_full_alpha_multi_layer_r3,C1_NonBlockingScanning,full_alpha_multi_layer,multi_layer,3,full_protocol_20260713_rigorous,True,21.304835300019477,21.031933500024024,0,64,64,7,21,1,not_applicable,True,0,6,39,1,0.13333333333333333,0.8571428571428571,0.8666666666666667,0.14285714285714285,0.8571428571428571,0.0,0.0,0.0,21.301704,0.0
20260713T212558646040Z_C2_AutoScanning_full_alpha_multi_layer_r3,C2_AutoScanning,full_alpha_multi_layer,multi_layer,3,full_protocol_20260713_rigorous,True,22.541522399988025,22.23786230001133,0,64,64,7,21,1,not_applicable,True,0,6,39,1,0.13333333333333333,0.8571428571428571,0.8666666666666667,0.14285714285714285,0.8571428571428571,0.0,0.0,0.0,22.537247,0.0
20260713T212621244922Z_C3_PolicyOnly_full_alpha_multi_layer_r3,C3_PolicyOnly,full_alpha_multi_layer,multi_layer,3,full_protocol_20260713_rigorous,False,23.125396099989302,22.774208799935877,0,64,64,7,21,1,opa,False,4,6,39,1,0.13333333333333333,0.8571428571428571,0.8666666666666667,0.14285714285714285,0.8571428571428571,0.0,0.0,0.0,23.018484,0.0
20260713T212644428146Z_C4_AgentsOnly_full_alpha_multi_layer_r3,C4_AgentsOnly,full_alpha_multi_layer,multi_layer,3,full_protocol_20260713_rigorous,True,44.63141140004154,44.04988180001965,0,64,16,0,2,0,not_applicable,True,0,6,39,1,0.13333333333333333,0.8571428571428571,0.8666666666666667,0.14285714285714285,0.8571428571428571,0.078125,1.0,1.0,23.414317,0.267319
20260713T212729116853Z_C5_SecFlowOps_full_alpha_multi_layer_r3,C5_SecFlowOps,full_alpha_multi_layer,multi_layer,3,full_protocol_20260713_rigorous,True,46.90364460001001,46.139096400060225,0,64,16,0,2,0,opa,True,0,6,39,1,0.13333333333333333,0.8571428571428571,0.8666666666666667,0.14285714285714285,0.8571428571428571,0.078125,1.0,1.0,24.983172,0.263869
20260713T212816079141Z_C0_BuildOnly_full_beta_clean_r3,C0_BuildOnly,full_beta_clean,clean,3,full_protocol_20260713_rigorous,True,0.3933423000271432,0.0,0,0,0,0,0,0,not_applicable,True,0,0,0,0,0.0,0.0,0.0,0.0,0.0,0.0,0.0,0.0,0.0,0.0
20260713T212816588799Z_C1_NonBlockingScanning_full_beta_clean_r3,C1_NonBlockingScanning,full_beta_clean,clean,3,full_protocol_20260713_rigorous,True,22.544817799993325,22.271885900001507,0,16,16,0,2,0,not_applicable,True,0,0,16,0,0.0,0.0,1.0,0.0,0.0,0.0,0.0,0.0,22.541269,0.0
20260713T212839202153Z_C2_AutoScanning_full_beta_clean_r3,C2_AutoScanning,full_beta_clean,clean,3,full_protocol_20260713_rigorous,True,24.257050499960314,23.9947361999657,0,16,16,0,2,0,not_applicable,True,0,0,16,0,0.0,0.0,1.0,0.0,0.0,0.0,0.0,0.0,24.254639,0.0
20260713T212903513191Z_C3_PolicyOnly_full_beta_clean_r3,C3_PolicyOnly,full_beta_clean,clean,3,full_protocol_20260713_rigorous,True,22.84401209995849,22.324842100031674,0,16,16,0,2,0,opa,True,0,0,16,0,0.0,0.0,1.0,0.0,0.0,0.0,0.0,0.0,22.644519,0.0
20260713T212926425449Z_C4_AgentsOnly_full_beta_clean_r3,C4_AgentsOnly,full_beta_clean,clean,3,full_protocol_20260713_rigorous,True,49.058792700001504,48.49182120006299,0,16,16,0,2,0,not_applicable,True,0,0,16,0,0.0,0.0,1.0,0.0,0.0,0.0,0.0,0.0,23.005143,0.0
20260713T213015554286Z_C5_SecFlowOps_full_beta_clean_r3,C5_SecFlowOps,full_beta_clean,clean,3,full_protocol_20260713_rigorous,True,44.05206159997033,42.28633020009147,0,16,16,0,2,0,opa,True,0,0,16,0,0.0,0.0,1.0,0.0,0.0,0.0,0.0,0.0,22.372643,0.0
20260713T213059666064Z_C0_BuildOnly_full_beta_vulnerable_dependency_r3,C0_BuildOnly,full_beta_vulnerable_dependency,vulnerable_dependency,3,full_protocol_20260713_rigorous,True,0.2063966999994591,0.0,0,0,0,0,0,0,not_applicable,True,0,0,0,1,0.0,0.0,0.0,1.0,0.0,0.0,0.0,0.0,0.0,0.0
20260713T213059934053Z_C1_NonBlockingScanning_full_beta_vulnerable_dependency_r3,C1_NonBlockingScanning,full_beta_vulnerable_dependency,vulnerable_dependency,3,full_protocol_20260713_rigorous,True,20.879880300024524,20.60273139999481,0,56,56,6,18,0,not_applicable,True,0,1,55,0,0.017857142857142856,1.0,0.9821428571428571,0.0,1.0,0.0,0.0,0.0,20.876859,0.0
20260713T213120875096Z_C2_AutoScanning_full_beta_vulnerable_dependency_r3,C2_AutoScanning,full_beta_vulnerable_dependency,vulnerable_dependency,3,full_protocol_20260713_rigorous,True,21.844997800013516,21.58933149999939,0,56,56,6,18,0,not_applicable,True,0,1,55,0,0.017857142857142856,1.0,0.9821428571428571,0.0,1.0,0.0,0.0,0.0,21.842116,0.0
20260713T213142778057Z_C3_PolicyOnly_full_beta_vulnerable_dependency_r3,C3_PolicyOnly,full_beta_vulnerable_dependency,vulnerable_dependency,3,full_protocol_20260713_rigorous,False,22.43420379998861,22.04204969998682,0,56,56,6,18,0,opa,False,3,1,55,0,0.017857142857142856,1.0,0.9821428571428571,0.0,1.0,0.0,0.0,0.0,22.323909,0.0
20260713T213205275103Z_C4_AgentsOnly_full_beta_vulnerable_dependency_r3,C4_AgentsOnly,full_beta_vulnerable_dependency,vulnerable_dependency,3,full_protocol_20260713_rigorous,True,48.39644099998986,47.78872929990757,0,56,16,0,2,0,not_applicable,True,0,1,55,0,0.017857142857142856,1.0,0.9821428571428571,0.0,1.0,0.017857142857142856,1.0,1.0,23.3329,0.268296
20260713T213253723560Z_C5_SecFlowOps_full_beta_vulnerable_dependency_r3,C5_SecFlowOps,full_beta_vulnerable_dependency,vulnerable_dependency,3,full_protocol_20260713_rigorous,True,43.11351240001386,42.4559639999643,0,56,16,0,2,0,opa,True,0,1,55,0,0.017857142857142856,1.0,0.9821428571428571,0.0,1.0,0.017857142857142856,1.0,1.0,22.169635,0.206371
20260713T213336891961Z_C0_BuildOnly_full_beta_fake_secret_r3,C0_BuildOnly,full_beta_fake_secret,fake_secret,3,full_protocol_20260713_rigorous,True,0.20717969996621832,0.0,0,0,0,0,0,0,not_applicable,True,0,0,0,1,0.0,0.0,0.0,1.0,0.0,0.0,0.0,0.0,0.0,0.0
20260713T213337157147Z_C1_NonBlockingScanning_full_beta_fake_secret_r3,C1_NonBlockingScanning,full_beta_fake_secret,fake_secret,3,full_protocol_20260713_rigorous,True,22.105789499997627,21.81469199998537,0,17,17,1,2,1,not_applicable,True,0,1,16,0,0.058823529411764705,1.0,0.9411764705882353,0.0,1.0,0.0,0.0,0.0,22.103243,0.0
20260713T213359326026Z_C2_AutoScanning_full_beta_fake_secret_r3,C2_AutoScanning,full_beta_fake_secret,fake_secret,3,full_protocol_20260713_rigorous,True,21.51203009998426,21.218363900028635,0,17,17,1,2,1,not_applicable,True,0,1,16,0,0.058823529411764705,1.0,0.9411764705882353,0.0,1.0,0.0,0.0,0.0,21.510203,0.0
20260713T213420896757Z_C3_PolicyOnly_full_beta_fake_secret_r3,C3_PolicyOnly,full_beta_fake_secret,fake_secret,3,full_protocol_20260713_rigorous,False,21.949584499991033,21.573470899893437,0,17,17,1,2,1,opa,False,3,1,16,0,0.058823529411764705,1.0,0.9411764705882353,0.0,1.0,0.0,0.0,0.0,21.82838,0.0
20260713T213442905373Z_C4_AgentsOnly_full_beta_fake_secret_r3,C4_AgentsOnly,full_beta_fake_secret,fake_secret,3,full_protocol_20260713_rigorous,True,54.39316050003981,53.50917240005219,0,17,16,0,2,0,not_applicable,True,0,1,16,0,0.058823529411764705,1.0,0.9411764705882353,0.0,1.0,0.058823529411764705,1.0,1.0,30.032063,0.537833
20260713T213537357053Z_C5_SecFlowOps_full_beta_fake_secret_r3,C5_SecFlowOps,full_beta_fake_secret,fake_secret,3,full_protocol_20260713_rigorous,True,56.65733800001908,55.650238900096156,0,17,16,0,2,0,opa,True,0,1,16,0,0.058823529411764705,1.0,0.9411764705882353,0.0,1.0,0.058823529411764705,1.0,1.0,23.133401,0.199384
20260713T213634078469Z_C0_BuildOnly_full_beta_sast_reflected_xss_r3,C0_BuildOnly,full_beta_sast_reflected_xss,sast_reflected_xss,3,full_protocol_20260713_rigorous,True,0.7856882999767549,0.0,0,0,0,0,0,0,not_applicable,True,0,0,0,2,0.0,0.0,0.0,1.0,0.0,0.0,0.0,0.0,0.0,0.0
20260713T213635107984Z_C1_NonBlockingScanning_full_beta_sast_reflected_xss_r3,C1_NonBlockingScanning,full_beta_sast_reflected_xss,sast_reflected_xss,3,full_protocol_20260713_rigorous,True,54.25360840000212,53.58204269997077,0,17,17,0,2,0,not_applicable,True,0,1,16,1,0.058823529411764705,0.5,0.9411764705882353,0.5,0.5,0.0,0.0,0.0,54.247625,0.0
20260713T213729469345Z_C2_AutoScanning_full_beta_sast_reflected_xss_r3,C2_AutoScanning,full_beta_sast_reflected_xss,sast_reflected_xss,3,full_protocol_20260713_rigorous,True,3953.1895761999767,3952.1861649000202,1,17,17,0,2,0,not_applicable,True,0,1,16,1,0.058823529411764705,0.5,0.9411764705882353,0.5,0.5,0.0,0.0,0.0,3947.883888,0.0
20260713T224317523291Z_C3_PolicyOnly_full_beta_sast_reflected_xss_r3,C3_PolicyOnly,full_beta_sast_reflected_xss,sast_reflected_xss,3,full_protocol_20260713_rigorous,True,64.94380710000405,61.74316920002457,0,17,17,0,2,0,opa,True,0,1,16,1,0.058823529411764705,0.5,0.9411764705882353,0.5,0.5,0.0,0.0,0.0,62.676252,0.0
20260713T224422663838Z_C4_AgentsOnly_full_beta_sast_reflected_xss_r3,C4_AgentsOnly,full_beta_sast_reflected_xss,sast_reflected_xss,3,full_protocol_20260713_rigorous,True,84.65303709998261,83.6054469999508,0,17,16,0,2,0,not_applicable,True,0,1,16,1,0.058823529411764705,0.5,0.9411764705882353,0.5,0.5,0.058823529411764705,1.0,1.0,33.688976,0.361285
20260713T224547435805Z_C5_SecFlowOps_full_beta_sast_reflected_xss_r3,C5_SecFlowOps,full_beta_sast_reflected_xss,sast_reflected_xss,3,full_protocol_20260713_rigorous,True,62.43971489998512,60.489175399939995,0,17,16,0,2,0,opa,True,0,1,16,1,0.058823529411764705,0.5,0.9411764705882353,0.5,0.5,0.058823529411764705,1.0,1.0,38.573266,0.212594
20260713T224649985868Z_C0_BuildOnly_full_beta_sast_sql_injection_r3,C0_BuildOnly,full_beta_sast_sql_injection,sast_sql_injection,3,full_protocol_20260713_rigorous,True,0.22232080000685528,0.0,0,0,0,0,0,0,not_applicable,True,0,0,0,1,0.0,0.0,0.0,1.0,0.0,0.0,0.0,0.0,0.0,0.0
20260713T224650266196Z_C1_NonBlockingScanning_full_beta_sast_sql_injection_r3,C1_NonBlockingScanning,full_beta_sast_sql_injection,sast_sql_injection,3,full_protocol_20260713_rigorous,True,25.75067839998519,25.249227500054985,0,17,17,0,3,0,not_applicable,True,0,1,16,0,0.058823529411764705,1.0,0.9411764705882353,0.0,1.0,0.0,0.0,0.0,25.744731,0.0
20260713T224716123610Z_C2_AutoScanning_full_beta_sast_sql_injection_r3,C2_AutoScanning,full_beta_sast_sql_injection,sast_sql_injection,3,full_protocol_20260713_rigorous,True,33.75788589997683,33.434881400025915,0,17,17,0,3,0,not_applicable,True,0,1,16,0,0.058823529411764705,1.0,0.9411764705882353,0.0,1.0,0.0,0.0,0.0,33.74933,0.0
20260713T224749983861Z_C3_PolicyOnly_full_beta_sast_sql_injection_r3,C3_PolicyOnly,full_beta_sast_sql_injection,sast_sql_injection,3,full_protocol_20260713_rigorous,True,41.79916150000645,40.933290800021496,0,17,17,0,3,0,opa,True,0,1,16,0,0.058823529411764705,1.0,0.9411764705882353,0.0,1.0,0.0,0.0,0.0,41.537306,0.0
20260713T224831902189Z_C4_AgentsOnly_full_beta_sast_sql_injection_r3,C4_AgentsOnly,full_beta_sast_sql_injection,sast_sql_injection,3,full_protocol_20260713_rigorous,True,56.26528099999996,55.15153619996272,0,17,16,0,2,0,not_applicable,True,0,1,16,0,0.058823529411764705,1.0,0.9411764705882353,0.0,1.0,0.058823529411764705,1.0,1.0,27.807122,0.450768
20260713T224928275402Z_C5_SecFlowOps_full_beta_sast_sql_injection_r3,C5_SecFlowOps,full_beta_sast_sql_injection,sast_sql_injection,3,full_protocol_20260713_rigorous,True,41.28206009999849,40.65311989997281,0,17,16,0,2,0,opa,True,0,1,16,0,0.058823529411764705,1.0,0.9411764705882353,0.0,1.0,0.058823529411764705,1.0,1.0,20.513335,0.212776
20260713T225009609763Z_C0_BuildOnly_full_beta_docker_misconfiguration_r3,C0_BuildOnly,full_beta_docker_misconfiguration,docker_misconfiguration,3,full_protocol_20260713_rigorous,True,0.20949159999145195,0.0,0,0,0,0,0,0,not_applicable,True,0,0,0,1,0.0,0.0,0.0,1.0,0.0,0.0,0.0,0.0,0.0,0.0
20260713T225009884253Z_C1_NonBlockingScanning_full_beta_docker_misconfiguration_r3,C1_NonBlockingScanning,full_beta_docker_misconfiguration,docker_misconfiguration,3,full_protocol_20260713_rigorous,True,21.170795700047165,20.89867399999639,0,17,17,0,3,0,not_applicable,True,0,1,15,0,0.0625,1.0,0.9375,0.0,1.0,0.0,0.0,0.0,21.168496,0.0
20260713T225031110672Z_C2_AutoScanning_full_beta_docker_misconfiguration_r3,C2_AutoScanning,full_beta_docker_misconfiguration,docker_misconfiguration,3,full_protocol_20260713_rigorous,True,20.981770999962464,20.73050790000707,0,17,17,0,3,0,not_applicable,True,0,1,15,0,0.0625,1.0,0.9375,0.0,1.0,0.0,0.0,0.0,20.97983,0.0
20260713T225052147379Z_C3_PolicyOnly_full_beta_docker_misconfiguration_r3,C3_PolicyOnly,full_beta_docker_misconfiguration,docker_misconfiguration,3,full_protocol_20260713_rigorous,True,21.226992299954873,20.87386560003506,0,17,17,0,3,0,opa,True,0,1,15,0,0.0625,1.0,0.9375,0.0,1.0,0.0,0.0,0.0,21.124152,0.0
20260713T225113424552Z_C4_AgentsOnly_full_beta_docker_misconfiguration_r3,C4_AgentsOnly,full_beta_docker_misconfiguration,docker_misconfiguration,3,full_protocol_20260713_rigorous,True,42.48130129999481,41.92451949999668,0,17,16,0,2,0,not_applicable,True,0,1,15,0,0.0625,1.0,0.9375,0.0,1.0,0.058823529411764705,1.0,1.0,21.360973,0.232034
20260713T225155957135Z_C5_SecFlowOps_full_beta_docker_misconfiguration_r3,C5_SecFlowOps,full_beta_docker_misconfiguration,docker_misconfiguration,3,full_protocol_20260713_rigorous,True,42.966646400047466,42.10746870003641,0,17,16,0,2,0,opa,True,0,1,15,0,0.0625,1.0,0.9375,0.0,1.0,0.058823529411764705,1.0,1.0,21.450154,0.230615
20260713T225238991282Z_C0_BuildOnly_full_beta_k8s_misconfiguration_r3,C0_BuildOnly,full_beta_k8s_misconfiguration,k8s_misconfiguration,3,full_protocol_20260713_rigorous,True,0.2245952000375837,0.0,0,0,0,0,0,0,not_applicable,True,0,0,0,1,0.0,0.0,0.0,1.0,0.0,0.0,0.0,0.0,0.0,0.0
20260713T225239276697Z_C1_NonBlockingScanning_full_beta_k8s_misconfiguration_r3,C1_NonBlockingScanning,full_beta_k8s_misconfiguration,k8s_misconfiguration,3,full_protocol_20260713_rigorous,True,21.883093999989796,21.635626199946273,0,20,20,0,3,0,not_applicable,True,0,1,1,0,0.5,1.0,0.5,0.0,1.0,0.0,0.0,0.0,21.879662,0.0
20260713T225301215816Z_C2_AutoScanning_full_beta_k8s_misconfiguration_r3,C2_AutoScanning,full_beta_k8s_misconfiguration,k8s_misconfiguration,3,full_protocol_20260713_rigorous,True,26.639846199948806,26.25358540005982,0,20,20,0,3,0,not_applicable,True,0,1,1,0,0.5,1.0,0.5,0.0,1.0,0.0,0.0,0.0,26.632615,0.0
20260713T225327925813Z_C3_PolicyOnly_full_beta_k8s_misconfiguration_r3,C3_PolicyOnly,full_beta_k8s_misconfiguration,k8s_misconfiguration,3,full_protocol_20260713_rigorous,True,42.377551699988544,39.40073739999207,0,20,20,0,3,0,opa,True,0,1,1,0,0.5,1.0,0.5,0.0,1.0,0.0,0.0,0.0,39.976818,0.0
20260713T225410423849Z_C4_AgentsOnly_full_beta_k8s_misconfiguration_r3,C4_AgentsOnly,full_beta_k8s_misconfiguration,k8s_misconfiguration,3,full_protocol_20260713_rigorous,True,57.41056960000424,56.6335407999577,0,20,16,0,2,0,not_applicable,True,0,1,1,0,0.5,1.0,0.5,0.0,1.0,0.05,1.0,1.0,33.594427,0.219612
20260713T225507932827Z_C5_SecFlowOps_full_beta_k8s_misconfiguration_r3,C5_SecFlowOps,full_beta_k8s_misconfiguration,k8s_misconfiguration,3,full_protocol_20260713_rigorous,True,42.58999170002062,41.966520700079855,0,20,16,0,2,0,opa,True,0,1,1,0,0.5,1.0,0.5,0.0,1.0,0.05,1.0,1.0,21.366105,0.197986
20260713T225550574581Z_C0_BuildOnly_full_beta_multi_layer_r3,C0_BuildOnly,full_beta_multi_layer,multi_layer,3,full_protocol_20260713_rigorous,True,0.20929130003787577,0.0,0,0,0,0,0,0,not_applicable,True,0,0,0,7,0.0,0.0,0.0,1.0,0.0,0.0,0.0,0.0,0.0,0.0
20260713T225550834456Z_C1_NonBlockingScanning_full_beta_multi_layer_r3,C1_NonBlockingScanning,full_beta_multi_layer,multi_layer,3,full_protocol_20260713_rigorous,True,24.58099940000102,24.24435390002327,0,64,64,7,21,1,not_applicable,True,0,6,39,1,0.13333333333333333,0.8571428571428571,0.8666666666666667,0.14285714285714285,0.8571428571428571,0.0,0.0,0.0,24.571654,0.0
20260713T225615482416Z_C2_AutoScanning_full_beta_multi_layer_r3,C2_AutoScanning,full_beta_multi_layer,multi_layer,3,full_protocol_20260713_rigorous,True,40.35585680004442,39.76775349996751,0,64,64,7,21,1,not_applicable,True,0,6,39,1,0.13333333333333333,0.8571428571428571,0.8666666666666667,0.14285714285714285,0.8571428571428571,0.0,0.0,0.0,40.349467,0.0
20260713T225655949941Z_C3_PolicyOnly_full_beta_multi_layer_r3,C3_PolicyOnly,full_beta_multi_layer,multi_layer,3,full_protocol_20260713_rigorous,False,37.33118929999182,36.591780800023116,0,64,64,7,21,1,opa,False,4,6,39,1,0.13333333333333333,0.8571428571428571,0.8666666666666667,0.14285714285714285,0.8571428571428571,0.0,0.0,0.0,37.208363,0.0
20260713T225733363297Z_C4_AgentsOnly_full_beta_multi_layer_r3,C4_AgentsOnly,full_beta_multi_layer,multi_layer,3,full_protocol_20260713_rigorous,True,46.83509009995032,46.11963860003743,0,64,16,0,2,0,not_applicable,True,0,6,39,1,0.13333333333333333,0.8571428571428571,0.8666666666666667,0.14285714285714285,0.8571428571428571,0.078125,1.0,1.0,22.599996,0.382011
20260713T225820261830Z_C5_SecFlowOps_full_beta_multi_layer_r3,C5_SecFlowOps,full_beta_multi_layer,multi_layer,3,full_protocol_20260713_rigorous,True,43.0298106999835,42.37309899996035,0,64,16,0,2,0,opa,True,0,6,39,1,0.13333333333333333,0.8571428571428571,0.8666666666666667,0.14285714285714285,0.8571428571428571,0.078125,1.0,1.0,21.363201,0.237916
20260713T225903342398Z_C0_BuildOnly_full_gamma_clean_r3,C0_BuildOnly,full_gamma_clean,clean,3,full_protocol_20260713_rigorous,True,0.21428590000141412,0.0,0,0,0,0,0,0,not_applicable,True,0,0,0,0,0.0,0.0,0.0,0.0,0.0,0.0,0.0,0.0,0.0,0.0
20260713T225903617248Z_C1_NonBlockingScanning_full_gamma_clean_r3,C1_NonBlockingScanning,full_gamma_clean,clean,3,full_protocol_20260713_rigorous,True,21.58353000000352,21.317828100000042,0,16,16,0,2,0,not_applicable,True,0,0,16,0,0.0,0.0,1.0,0.0,0.0,0.0,0.0,0.0,21.581511,0.0
20260713T225925250914Z_C2_AutoScanning_full_gamma_clean_r3,C2_AutoScanning,full_gamma_clean,clean,3,full_protocol_20260713_rigorous,True,21.10419759998331,20.851836500049103,0,16,16,0,2,0,not_applicable,True,0,0,16,0,0.0,0.0,1.0,0.0,0.0,0.0,0.0,0.0,21.101679,0.0
20260713T225946405778Z_C3_PolicyOnly_full_gamma_clean_r3,C3_PolicyOnly,full_gamma_clean,clean,3,full_protocol_20260713_rigorous,True,20.471363299991935,20.012504300044384,0,16,16,0,2,0,opa,True,0,0,16,0,0.0,0.0,1.0,0.0,0.0,0.0,0.0,0.0,20.365176,0.0
20260713T230006933847Z_C4_AgentsOnly_full_gamma_clean_r3,C4_AgentsOnly,full_gamma_clean,clean,3,full_protocol_20260713_rigorous,True,54.860583500005305,54.29416649992345,0,16,16,0,2,0,not_applicable,True,0,0,16,0,0.0,0.0,1.0,0.0,0.0,0.0,0.0,0.0,21.966297,0.0
20260713T230101848441Z_C5_SecFlowOps_full_gamma_clean_r3,C5_SecFlowOps,full_gamma_clean,clean,3,full_protocol_20260713_rigorous,True,79.83458510000492,78.51784269994823,0,16,16,0,2,0,opa,True,0,0,16,0,0.0,0.0,1.0,0.0,0.0,0.0,0.0,0.0,39.54405,0.0
20260713T230221802413Z_C0_BuildOnly_full_gamma_vulnerable_dependency_r3,C0_BuildOnly,full_gamma_vulnerable_dependency,vulnerable_dependency,3,full_protocol_20260713_rigorous,True,0.4540049000061117,0.0,0,0,0,0,0,0,not_applicable,True,0,0,0,1,0.0,0.0,0.0,1.0,0.0,0.0,0.0,0.0,0.0,0.0
20260713T230222346540Z_C1_NonBlockingScanning_full_gamma_vulnerable_dependency_r3,C1_NonBlockingScanning,full_gamma_vulnerable_dependency,vulnerable_dependency,3,full_protocol_20260713_rigorous,True,27.054598499962594,26.54475130001083,0,56,56,6,18,0,not_applicable,True,0,1,55,0,0.017857142857142856,1.0,0.9821428571428571,0.0,1.0,0.0,0.0,0.0,27.050861,0.0
20260713T230249506999Z_C2_AutoScanning_full_gamma_vulnerable_dependency_r3,C2_AutoScanning,full_gamma_vulnerable_dependency,vulnerable_dependency,3,full_protocol_20260713_rigorous,True,26.732101100031286,26.462320799939334,0,56,56,6,18,0,not_applicable,True,0,1,55,0,0.017857142857142856,1.0,0.9821428571428571,0.0,1.0,0.0,0.0,0.0,26.72943,0.0
20260713T230316294543Z_C3_PolicyOnly_full_gamma_vulnerable_dependency_r3,C3_PolicyOnly,full_gamma_vulnerable_dependency,vulnerable_dependency,3,full_protocol_20260713_rigorous,False,27.582909499993548,27.096587000007275,0,56,56,6,18,0,opa,False,3,1,55,0,0.017857142857142856,1.0,0.9821428571428571,0.0,1.0,0.0,0.0,0.0,27.477312,0.0
20260713T230343934862Z_C4_AgentsOnly_full_gamma_vulnerable_dependency_r3,C4_AgentsOnly,full_gamma_vulnerable_dependency,vulnerable_dependency,3,full_protocol_20260713_rigorous,True,43.325013099994976,42.73366900003748,0,56,16,0,2,0,not_applicable,True,0,1,55,0,0.017857142857142856,1.0,0.9821428571428571,0.0,1.0,0.017857142857142856,1.0,1.0,21.214104,0.247357
20260713T230427309327Z_C5_SecFlowOps_full_gamma_vulnerable_dependency_r3,C5_SecFlowOps,full_gamma_vulnerable_dependency,vulnerable_dependency,3,full_protocol_20260713_rigorous,True,71.6082071000128,70.46477089996915,0,56,16,0,2,0,opa,True,0,1,55,0,0.017857142857142856,1.0,0.9821428571428571,0.0,1.0,0.017857142857142856,1.0,1.0,31.791515,0.516691
20260713T230538981598Z_C0_BuildOnly_full_gamma_fake_secret_r3,C0_BuildOnly,full_gamma_fake_secret,fake_secret,3,full_protocol_20260713_rigorous,True,0.4480733000091277,0.0,0,0,0,0,0,0,not_applicable,True,0,0,0,1,0.0,0.0,0.0,1.0,0.0,0.0,0.0,0.0,0.0,0.0
20260713T230539561584Z_C1_NonBlockingScanning_full_gamma_fake_secret_r3,C1_NonBlockingScanning,full_gamma_fake_secret,fake_secret,3,full_protocol_20260713_rigorous,True,39.416805499990005,38.8536842999747,0,17,17,1,2,1,not_applicable,True,0,1,16,0,0.058823529411764705,1.0,0.9411764705882353,0.0,1.0,0.0,0.0,0.0,39.413166,0.0
20260713T230619082429Z_C2_AutoScanning_full_gamma_fake_secret_r3,C2_AutoScanning,full_gamma_fake_secret,fake_secret,3,full_protocol_20260713_rigorous,True,39.565505300008226,38.997431500058156,0,17,17,1,2,1,not_applicable,True,0,1,16,0,0.058823529411764705,1.0,0.9411764705882353,0.0,1.0,0.0,0.0,0.0,39.561012,0.0
20260713T230658751512Z_C3_PolicyOnly_full_gamma_fake_secret_r3,C3_PolicyOnly,full_gamma_fake_secret,fake_secret,3,full_protocol_20260713_rigorous,False,40.81355430005351,39.987392999988515,0,17,17,1,2,1,opa,False,3,1,16,0,0.058823529411764705,1.0,0.9411764705882353,0.0,1.0,0.0,0.0,0.0,40.605865,0.0
20260713T230739653981Z_C4_AgentsOnly_full_gamma_fake_secret_r3,C4_AgentsOnly,full_gamma_fake_secret,fake_secret,3,full_protocol_20260713_rigorous,True,69.72714809997706,68.53068719996372,0,17,16,0,2,0,not_applicable,True,0,1,16,0,0.058823529411764705,1.0,0.9411764705882353,0.0,1.0,0.058823529411764705,1.0,1.0,41.15968,0.553379
20260713T230849492091Z_C5_SecFlowOps_full_gamma_fake_secret_r3,C5_SecFlowOps,full_gamma_fake_secret,fake_secret,3,full_protocol_20260713_rigorous,True,56.540941999992356,55.49472539999988,0,17,16,0,2,0,opa,True,0,1,16,0,0.058823529411764705,1.0,0.9411764705882353,0.0,1.0,0.058823529411764705,1.0,1.0,30.574514,0.417951
20260713T230946089876Z_C0_BuildOnly_full_gamma_sast_reflected_xss_r3,C0_BuildOnly,full_gamma_sast_reflected_xss,sast_reflected_xss,3,full_protocol_20260713_rigorous,True,0.37197889998788014,0.0,0,0,0,0,0,0,not_applicable,True,0,0,0,2,0.0,0.0,0.0,1.0,0.0,0.0,0.0,0.0,0.0,0.0
20260713T230946559971Z_C1_NonBlockingScanning_full_gamma_sast_reflected_xss_r3,C1_NonBlockingScanning,full_gamma_sast_reflected_xss,sast_reflected_xss,3,full_protocol_20260713_rigorous,True,29.48562029999448,28.886606300016865,0,17,17,0,2,0,not_applicable,True,0,1,16,1,0.058823529411764705,0.5,0.9411764705882353,0.5,0.5,0.0,0.0,0.0,29.48339,0.0
20260713T231016140852Z_C2_AutoScanning_full_gamma_sast_reflected_xss_r3,C2_AutoScanning,full_gamma_sast_reflected_xss,sast_reflected_xss,3,full_protocol_20260713_rigorous,True,21.374924700008705,21.120300199952908,0,17,17,0,2,0,not_applicable,True,0,1,16,1,0.058823529411764705,0.5,0.9411764705882353,0.5,0.5,0.0,0.0,0.0,21.372632,0.0
20260713T231037573738Z_C3_PolicyOnly_full_gamma_sast_reflected_xss_r3,C3_PolicyOnly,full_gamma_sast_reflected_xss,sast_reflected_xss,3,full_protocol_20260713_rigorous,True,21.679668799974024,21.31496689998312,0,17,17,0,2,0,opa,True,0,1,16,1,0.058823529411764705,0.5,0.9411764705882353,0.5,0.5,0.0,0.0,0.0,21.574215,0.0
20260713T231059304503Z_C4_AgentsOnly_full_gamma_sast_reflected_xss_r3,C4_AgentsOnly,full_gamma_sast_reflected_xss,sast_reflected_xss,3,full_protocol_20260713_rigorous,True,44.62046110001393,44.11101629998302,0,17,16,0,2,0,not_applicable,True,0,1,16,1,0.058823529411764705,0.5,0.9411764705882353,0.5,0.5,0.058823529411764705,1.0,1.0,22.827313,0.206776
20260713T231143975724Z_C5_SecFlowOps_full_gamma_sast_reflected_xss_r3,C5_SecFlowOps,full_gamma_sast_reflected_xss,sast_reflected_xss,3,full_protocol_20260713_rigorous,True,41.27994870004477,40.65166339999996,0,17,16,0,2,0,opa,True,0,1,16,1,0.058823529411764705,0.5,0.9411764705882353,0.5,0.5,0.058823529411764705,1.0,1.0,21.243093,0.200245
20260713T231225308955Z_C0_BuildOnly_full_gamma_sast_sql_injection_r3,C0_BuildOnly,full_gamma_sast_sql_injection,sast_sql_injection,3,full_protocol_20260713_rigorous,True,0.246866500005126,0.0,0,0,0,0,0,0,not_applicable,True,0,0,0,1,0.0,0.0,0.0,1.0,0.0,0.0,0.0,0.0,0.0,0.0
20260713T231225627918Z_C1_NonBlockingScanning_full_gamma_sast_sql_injection_r3,C1_NonBlockingScanning,full_gamma_sast_sql_injection,sast_sql_injection,3,full_protocol_20260713_rigorous,True,21.60412269999506,21.296685000008438,0,17,17,0,3,0,not_applicable,True,0,1,16,0,0.058823529411764705,1.0,0.9411764705882353,0.0,1.0,0.0,0.0,0.0,21.600449,0.0
20260713T231247294889Z_C2_AutoScanning_full_gamma_sast_sql_injection_r3,C2_AutoScanning,full_gamma_sast_sql_injection,sast_sql_injection,3,full_protocol_20260713_rigorous,True,21.499437299964484,21.20100719993934,0,17,17,0,3,0,not_applicable,True,0,1,16,0,0.058823529411764705,1.0,0.9411764705882353,0.0,1.0,0.0,0.0,0.0,21.495429,0.0
20260713T231308857466Z_C3_PolicyOnly_full_gamma_sast_sql_injection_r3,C3_PolicyOnly,full_gamma_sast_sql_injection,sast_sql_injection,3,full_protocol_20260713_rigorous,True,32.19624750001822,31.547306600026786,0,17,17,0,3,0,opa,True,0,1,16,0,0.058823529411764705,1.0,0.9411764705882353,0.0,1.0,0.0,0.0,0.0,32.047004,0.0
20260713T231341130489Z_C4_AgentsOnly_full_gamma_sast_sql_injection_r3,C4_AgentsOnly,full_gamma_sast_sql_injection,sast_sql_injection,3,full_protocol_20260713_rigorous,True,61.455801900010556,60.54785179992905,0,17,16,0,2,0,not_applicable,True,0,1,16,0,0.058823529411764705,1.0,0.9411764705882353,0.0,1.0,0.058823529411764705,1.0,1.0,30.306517,0.381081
20260713T231442669001Z_C5_SecFlowOps_full_gamma_sast_sql_injection_r3,C5_SecFlowOps,full_gamma_sast_sql_injection,sast_sql_injection,3,full_protocol_20260713_rigorous,True,64.67353540001204,63.59563450003043,0,17,16,0,2,0,opa,True,0,1,16,0,0.058823529411764705,1.0,0.9411764705882353,0.0,1.0,0.058823529411764705,1.0,1.0,32.586316,0.393159
20260713T231547424315Z_C0_BuildOnly_full_gamma_docker_misconfiguration_r3,C0_BuildOnly,full_gamma_docker_misconfiguration,docker_misconfiguration,3,full_protocol_20260713_rigorous,True,0.3996787000214681,0.0,0,0,0,0,0,0,not_applicable,True,0,0,0,1,0.0,0.0,0.0,1.0,0.0,0.0,0.0,0.0,0.0,0.0
20260713T231547928613Z_C1_NonBlockingScanning_full_gamma_docker_misconfiguration_r3,C1_NonBlockingScanning,full_gamma_docker_misconfiguration,docker_misconfiguration,3,full_protocol_20260713_rigorous,True,30.080783100042026,29.688419700076338,0,17,17,0,3,0,not_applicable,True,0,1,15,0,0.0625,1.0,0.9375,0.0,1.0,0.0,0.0,0.0,30.07871,0.0
20260713T231618094192Z_C2_AutoScanning_full_gamma_docker_misconfiguration_r3,C2_AutoScanning,full_gamma_docker_misconfiguration,docker_misconfiguration,3,full_protocol_20260713_rigorous,True,21.713638100016396,21.384406100027263,0,17,17,0,3,0,not_applicable,True,0,1,15,0,0.0625,1.0,0.9375,0.0,1.0,0.0,0.0,0.0,21.711563,0.0
20260713T231639863197Z_C3_PolicyOnly_full_gamma_docker_misconfiguration_r3,C3_PolicyOnly,full_gamma_docker_misconfiguration,docker_misconfiguration,3,full_protocol_20260713_rigorous,True,18.93470589997014,18.582082099979743,0,17,17,0,3,0,opa,True,0,1,15,0,0.0625,1.0,0.9375,0.0,1.0,0.0,0.0,0.0,18.826089,0.0
20260713T231658850711Z_C4_AgentsOnly_full_gamma_docker_misconfiguration_r3,C4_AgentsOnly,full_gamma_docker_misconfiguration,docker_misconfiguration,3,full_protocol_20260713_rigorous,True,40.45292779995361,39.76791050005704,0,17,16,0,2,0,not_applicable,True,0,1,15,0,0.0625,1.0,0.9375,0.0,1.0,0.058823529411764705,1.0,1.0,19.566342,0.210978
20260713T231739352281Z_C5_SecFlowOps_full_gamma_docker_misconfiguration_r3,C5_SecFlowOps,full_gamma_docker_misconfiguration,docker_misconfiguration,3,full_protocol_20260713_rigorous,True,39.609504299995024,37.89530760003254,0,17,16,0,2,0,opa,True,0,1,15,0,0.0625,1.0,0.9375,0.0,1.0,0.058823529411764705,1.0,1.0,19.236097,0.191732
20260713T231819014261Z_C0_BuildOnly_full_gamma_k8s_misconfiguration_r3,C0_BuildOnly,full_gamma_k8s_misconfiguration,k8s_misconfiguration,3,full_protocol_20260713_rigorous,True,0.18538109998917207,0.0,0,0,0,0,0,0,not_applicable,True,0,0,0,1,0.0,0.0,0.0,1.0,0.0,0.0,0.0,0.0,0.0,0.0
20260713T231819257038Z_C1_NonBlockingScanning_full_gamma_k8s_misconfiguration_r3,C1_NonBlockingScanning,full_gamma_k8s_misconfiguration,k8s_misconfiguration,3,full_protocol_20260713_rigorous,True,19.20134919998236,18.95349600003101,0,20,20,0,3,0,not_applicable,True,0,1,1,0,0.5,1.0,0.5,0.0,1.0,0.0,0.0,0.0,19.197851,0.0
20260713T231838510758Z_C2_AutoScanning_full_gamma_k8s_misconfiguration_r3,C2_AutoScanning,full_gamma_k8s_misconfiguration,k8s_misconfiguration,3,full_protocol_20260713_rigorous,True,19.142447499965783,18.90046730003087,0,20,20,0,3,0,not_applicable,True,0,1,1,0,0.5,1.0,0.5,0.0,1.0,0.0,0.0,0.0,19.140596,0.0
20260713T231857705262Z_C3_PolicyOnly_full_gamma_k8s_misconfiguration_r3,C3_PolicyOnly,full_gamma_k8s_misconfiguration,k8s_misconfiguration,3,full_protocol_20260713_rigorous,True,19.32472240005154,18.961661800043657,0,20,20,0,3,0,opa,True,0,1,1,0,0.5,1.0,0.5,0.0,1.0,0.0,0.0,0.0,19.219301,0.0
20260713T231917079761Z_C4_AgentsOnly_full_gamma_k8s_misconfiguration_r3,C4_AgentsOnly,full_gamma_k8s_misconfiguration,k8s_misconfiguration,3,full_protocol_20260713_rigorous,True,39.764717099955305,39.26843999995617,0,20,16,0,2,0,not_applicable,True,0,1,1,0,0.5,1.0,0.5,0.0,1.0,0.05,1.0,1.0,20.816208,0.195303
20260713T231956896138Z_C5_SecFlowOps_full_gamma_k8s_misconfiguration_r3,C5_SecFlowOps,full_gamma_k8s_misconfiguration,k8s_misconfiguration,3,full_protocol_20260713_rigorous,True,38.01801569998497,37.42133159999503,0,20,16,0,2,0,opa,True,0,1,1,0,0.5,1.0,0.5,0.0,1.0,0.05,1.0,1.0,18.871516,0.205025
20260713T232034966406Z_C0_BuildOnly_full_gamma_multi_layer_r3,C0_BuildOnly,full_gamma_multi_layer,multi_layer,3,full_protocol_20260713_rigorous,True,0.18898520001675934,0.0,0,0,0,0,0,0,not_applicable,True,0,0,0,7,0.0,0.0,0.0,1.0,0.0,0.0,0.0,0.0,0.0,0.0
20260713T232035212356Z_C1_NonBlockingScanning_full_gamma_multi_layer_r3,C1_NonBlockingScanning,full_gamma_multi_layer,multi_layer,3,full_protocol_20260713_rigorous,True,19.994961099990178,19.739743199956138,0,64,64,7,21,1,not_applicable,True,0,6,39,1,0.13333333333333333,0.8571428571428571,0.8666666666666667,0.14285714285714285,0.8571428571428571,0.0,0.0,0.0,19.990953,0.0
20260713T232055259146Z_C2_AutoScanning_full_gamma_multi_layer_r3,C2_AutoScanning,full_gamma_multi_layer,multi_layer,3,full_protocol_20260713_rigorous,True,20.126511899987236,19.872930500016082,0,64,64,7,21,1,not_applicable,True,0,6,39,1,0.13333333333333333,0.8571428571428571,0.8666666666666667,0.14285714285714285,0.8571428571428571,0.0,0.0,0.0,20.12417,0.0
20260713T232115438086Z_C3_PolicyOnly_full_gamma_multi_layer_r3,C3_PolicyOnly,full_gamma_multi_layer,multi_layer,3,full_protocol_20260713_rigorous,False,18.728411000047345,18.387443299987353,0,64,64,7,21,1,opa,False,4,6,39,1,0.13333333333333333,0.8571428571428571,0.8666666666666667,0.14285714285714285,0.8571428571428571,0.0,0.0,0.0,18.62479,0.0
20260713T232134217936Z_C4_AgentsOnly_full_gamma_multi_layer_r3,C4_AgentsOnly,full_gamma_multi_layer,multi_layer,3,full_protocol_20260713_rigorous,True,38.3384116999805,37.84007000003476,0,64,16,0,2,0,not_applicable,True,0,6,39,1,0.13333333333333333,0.8571428571428571,0.8666666666666667,0.14285714285714285,0.8571428571428571,0.078125,1.0,1.0,19.314071,0.210379
20260713T232212605152Z_C5_SecFlowOps_full_gamma_multi_layer_r3,C5_SecFlowOps,full_gamma_multi_layer,multi_layer,3,full_protocol_20260713_rigorous,True,39.06613990000915,38.42248600005405,0,64,16,0,2,0,opa,True,0,6,39,1,0.13333333333333333,0.8571428571428571,0.8666666666666667,0.14285714285714285,0.8571428571428571,0.078125,1.0,1.0,19.091216,0.236898
