run_id,configuration,repo,scenario,repetition,status,metadata_path,notes
20260712T105005764705Z_C0_BuildOnly_sample_api_r1,C0_BuildOnly,sample_api,controlled_multi_layer,1,success,C:\Users\User\Downloads\Compressed\DevSecOps8Abdoul\SecFlowOps\data\raw\20260712T105005764705Z_C0_BuildOnly_sample_api_r1\metadata.json,local
20260712T105006098641Z_C5_SecFlowOps_sample_api_r1,C5_SecFlowOps,sample_api,controlled_multi_layer,1,failed,C:\Users\User\Downloads\Compressed\DevSecOps8Abdoul\SecFlowOps\data\raw\20260712T105006098641Z_C5_SecFlowOps_sample_api_r1\metadata.json,local
20260712T105140353090Z_C5_SecFlowOps_sample_api_r1,C5_SecFlowOps,sample_api,controlled_multi_layer,1,failed,C:\Users\User\Downloads\Compressed\DevSecOps8Abdoul\SecFlowOps\data\raw\20260712T105140353090Z_C5_SecFlowOps_sample_api_r1\metadata.json,local
20260712T105608616367Z_C5_SecFlowOps_sample_api_r1,C5_SecFlowOps,sample_api,controlled_multi_layer,1,success,C:\Users\User\Downloads\Compressed\DevSecOps8Abdoul\SecFlowOps\data\raw\20260712T105608616367Z_C5_SecFlowOps_sample_api_r1\metadata.json,local
20260712T105736678831Z_C5_SecFlowOps_sample_api_r1,C5_SecFlowOps,sample_api,controlled_multi_layer,1,success,C:\Users\User\Downloads\Compressed\DevSecOps8Abdoul\SecFlowOps\data\raw\20260712T105736678831Z_C5_SecFlowOps_sample_api_r1\metadata.json,local
20260712T105822696702Z_C0_BuildOnly_sample_api_r1,C0_BuildOnly,sample_api,controlled_multi_layer,1,success,C:\Users\User\Downloads\Compressed\DevSecOps8Abdoul\SecFlowOps\data\raw\20260712T105822696702Z_C0_BuildOnly_sample_api_r1\metadata.json,local
20260712T105823009061Z_C1_NonBlockingScanning_sample_api_r1,C1_NonBlockingScanning,sample_api,controlled_multi_layer,1,success,C:\Users\User\Downloads\Compressed\DevSecOps8Abdoul\SecFlowOps\data\raw\20260712T105823009061Z_C1_NonBlockingScanning_sample_api_r1\metadata.json,local
20260712T105830533215Z_C2_AutoScanning_sample_api_r1,C2_AutoScanning,sample_api,controlled_multi_layer,1,success,C:\Users\User\Downloads\Compressed\DevSecOps8Abdoul\SecFlowOps\data\raw\20260712T105830533215Z_C2_AutoScanning_sample_api_r1\metadata.json,local
20260712T105837975118Z_C3_PolicyOnly_sample_api_r1,C3_PolicyOnly,sample_api,controlled_multi_layer,1,failed,C:\Users\User\Downloads\Compressed\DevSecOps8Abdoul\SecFlowOps\data\raw\20260712T105837975118Z_C3_PolicyOnly_sample_api_r1\metadata.json,local
20260712T105845702159Z_C4_AgentsOnly_sample_api_r1,C4_AgentsOnly,sample_api,controlled_multi_layer,1,success,C:\Users\User\Downloads\Compressed\DevSecOps8Abdoul\SecFlowOps\data\raw\20260712T105845702159Z_C4_AgentsOnly_sample_api_r1\metadata.json,local
20260712T105901209480Z_C5_SecFlowOps_sample_api_r1,C5_SecFlowOps,sample_api,controlled_multi_layer,1,success,C:\Users\User\Downloads\Compressed\DevSecOps8Abdoul\SecFlowOps\data\raw\20260712T105901209480Z_C5_SecFlowOps_sample_api_r1\metadata.json,local
20260712T110434042575Z_C0_BuildOnly_sample_api_r1,C0_BuildOnly,sample_api,controlled_multi_layer,1,success,C:\Users\User\Downloads\Compressed\DevSecOps8Abdoul\SecFlowOps\data\raw\20260712T110434042575Z_C0_BuildOnly_sample_api_r1\metadata.json,local
20260712T110434295031Z_C1_NonBlockingScanning_sample_api_r1,C1_NonBlockingScanning,sample_api,controlled_multi_layer,1,success,C:\Users\User\Downloads\Compressed\DevSecOps8Abdoul\SecFlowOps\data\raw\20260712T110434295031Z_C1_NonBlockingScanning_sample_api_r1\metadata.json,local
20260712T110442254478Z_C2_AutoScanning_sample_api_r1,C2_AutoScanning,sample_api,controlled_multi_layer,1,success,C:\Users\User\Downloads\Compressed\DevSecOps8Abdoul\SecFlowOps\data\raw\20260712T110442254478Z_C2_AutoScanning_sample_api_r1\metadata.json,local
20260712T110450151373Z_C3_PolicyOnly_sample_api_r1,C3_PolicyOnly,sample_api,controlled_multi_layer,1,failed,C:\Users\User\Downloads\Compressed\DevSecOps8Abdoul\SecFlowOps\data\raw\20260712T110450151373Z_C3_PolicyOnly_sample_api_r1\metadata.json,local
20260712T110457660830Z_C4_AgentsOnly_sample_api_r1,C4_AgentsOnly,sample_api,controlled_multi_layer,1,success,C:\Users\User\Downloads\Compressed\DevSecOps8Abdoul\SecFlowOps\data\raw\20260712T110457660830Z_C4_AgentsOnly_sample_api_r1\metadata.json,local
20260712T110512688557Z_C5_SecFlowOps_sample_api_r1,C5_SecFlowOps,sample_api,controlled_multi_layer,1,success,C:\Users\User\Downloads\Compressed\DevSecOps8Abdoul\SecFlowOps\data\raw\20260712T110512688557Z_C5_SecFlowOps_sample_api_r1\metadata.json,local
20260713T132025493520Z_C5_SecFlowOps_controlled_api_s_r1,C5_SecFlowOps,controlled_api_s,controlled_multi_layer,1,success,C:\Users\User\Downloads\Compressed\DevSecOps8Abdoul\SecFlowOps\data\raw\20260713T132025493520Z_C5_SecFlowOps_controlled_api_s_r1\metadata.json,local
20260713T133214380335Z_C5_SecFlowOps_controlled_api_s_r1,C5_SecFlowOps,controlled_api_s,controlled_multi_layer,1,success,C:\Users\User\Downloads\Compressed\DevSecOps8Abdoul\SecFlowOps\data\raw\20260713T133214380335Z_C5_SecFlowOps_controlled_api_s_r1\metadata.json,local
20260713T133321231664Z_C0_BuildOnly_controlled_api_s_r1,C0_BuildOnly,controlled_api_s,controlled_multi_layer,1,success,C:\Users\User\Downloads\Compressed\DevSecOps8Abdoul\SecFlowOps\data\raw\20260713T133321231664Z_C0_BuildOnly_controlled_api_s_r1\metadata.json,local
20260713T133321489630Z_C1_NonBlockingScanning_controlled_api_s_r1,C1_NonBlockingScanning,controlled_api_s,controlled_multi_layer,1,success,C:\Users\User\Downloads\Compressed\DevSecOps8Abdoul\SecFlowOps\data\raw\20260713T133321489630Z_C1_NonBlockingScanning_controlled_api_s_r1\metadata.json,local
20260713T133329523052Z_C2_AutoScanning_controlled_api_s_r1,C2_AutoScanning,controlled_api_s,controlled_multi_layer,1,success,C:\Users\User\Downloads\Compressed\DevSecOps8Abdoul\SecFlowOps\data\raw\20260713T133329523052Z_C2_AutoScanning_controlled_api_s_r1\metadata.json,local
20260713T133337566384Z_C3_PolicyOnly_controlled_api_s_r1,C3_PolicyOnly,controlled_api_s,controlled_multi_layer,1,failed,C:\Users\User\Downloads\Compressed\DevSecOps8Abdoul\SecFlowOps\data\raw\20260713T133337566384Z_C3_PolicyOnly_controlled_api_s_r1\metadata.json,local
20260713T133346179524Z_C4_AgentsOnly_controlled_api_s_r1,C4_AgentsOnly,controlled_api_s,controlled_multi_layer,1,success,C:\Users\User\Downloads\Compressed\DevSecOps8Abdoul\SecFlowOps\data\raw\20260713T133346179524Z_C4_AgentsOnly_controlled_api_s_r1\metadata.json,local
20260713T133402638074Z_C5_SecFlowOps_controlled_api_s_r1,C5_SecFlowOps,controlled_api_s,controlled_multi_layer,1,success,C:\Users\User\Downloads\Compressed\DevSecOps8Abdoul\SecFlowOps\data\raw\20260713T133402638074Z_C5_SecFlowOps_controlled_api_s_r1\metadata.json,local
20260713T133419737122Z_C0_BuildOnly_controlled_api_m_r1,C0_BuildOnly,controlled_api_m,controlled_multi_layer,1,success,C:\Users\User\Downloads\Compressed\DevSecOps8Abdoul\SecFlowOps\data\raw\20260713T133419737122Z_C0_BuildOnly_controlled_api_m_r1\metadata.json,local
20260713T133419998634Z_C1_NonBlockingScanning_controlled_api_m_r1,C1_NonBlockingScanning,controlled_api_m,controlled_multi_layer,1,success,C:\Users\User\Downloads\Compressed\DevSecOps8Abdoul\SecFlowOps\data\raw\20260713T133419998634Z_C1_NonBlockingScanning_controlled_api_m_r1\metadata.json,local
20260713T133428050965Z_C2_AutoScanning_controlled_api_m_r1,C2_AutoScanning,controlled_api_m,controlled_multi_layer,1,success,C:\Users\User\Downloads\Compressed\DevSecOps8Abdoul\SecFlowOps\data\raw\20260713T133428050965Z_C2_AutoScanning_controlled_api_m_r1\metadata.json,local
20260713T133437027699Z_C3_PolicyOnly_controlled_api_m_r1,C3_PolicyOnly,controlled_api_m,controlled_multi_layer,1,failed,C:\Users\User\Downloads\Compressed\DevSecOps8Abdoul\SecFlowOps\data\raw\20260713T133437027699Z_C3_PolicyOnly_controlled_api_m_r1\metadata.json,local
20260713T133445529145Z_C4_AgentsOnly_controlled_api_m_r1,C4_AgentsOnly,controlled_api_m,controlled_multi_layer,1,success,C:\Users\User\Downloads\Compressed\DevSecOps8Abdoul\SecFlowOps\data\raw\20260713T133445529145Z_C4_AgentsOnly_controlled_api_m_r1\metadata.json,local
20260713T133501674249Z_C5_SecFlowOps_controlled_api_m_r1,C5_SecFlowOps,controlled_api_m,controlled_multi_layer,1,success,C:\Users\User\Downloads\Compressed\DevSecOps8Abdoul\SecFlowOps\data\raw\20260713T133501674249Z_C5_SecFlowOps_controlled_api_m_r1\metadata.json,local
20260713T133517746470Z_C0_BuildOnly_controlled_api_l_r1,C0_BuildOnly,controlled_api_l,controlled_multi_layer,1,success,C:\Users\User\Downloads\Compressed\DevSecOps8Abdoul\SecFlowOps\data\raw\20260713T133517746470Z_C0_BuildOnly_controlled_api_l_r1\metadata.json,local
20260713T133518024218Z_C1_NonBlockingScanning_controlled_api_l_r1,C1_NonBlockingScanning,controlled_api_l,controlled_multi_layer,1,success,C:\Users\User\Downloads\Compressed\DevSecOps8Abdoul\SecFlowOps\data\raw\20260713T133518024218Z_C1_NonBlockingScanning_controlled_api_l_r1\metadata.json,local
20260713T133526230355Z_C2_AutoScanning_controlled_api_l_r1,C2_AutoScanning,controlled_api_l,controlled_multi_layer,1,success,C:\Users\User\Downloads\Compressed\DevSecOps8Abdoul\SecFlowOps\data\raw\20260713T133526230355Z_C2_AutoScanning_controlled_api_l_r1\metadata.json,local
20260713T133534001029Z_C3_PolicyOnly_controlled_api_l_r1,C3_PolicyOnly,controlled_api_l,controlled_multi_layer,1,failed,C:\Users\User\Downloads\Compressed\DevSecOps8Abdoul\SecFlowOps\data\raw\20260713T133534001029Z_C3_PolicyOnly_controlled_api_l_r1\metadata.json,local
20260713T133541861664Z_C4_AgentsOnly_controlled_api_l_r1,C4_AgentsOnly,controlled_api_l,controlled_multi_layer,1,success,C:\Users\User\Downloads\Compressed\DevSecOps8Abdoul\SecFlowOps\data\raw\20260713T133541861664Z_C4_AgentsOnly_controlled_api_l_r1\metadata.json,local
20260713T133558266819Z_C5_SecFlowOps_controlled_api_l_r1,C5_SecFlowOps,controlled_api_l,controlled_multi_layer,1,success,C:\Users\User\Downloads\Compressed\DevSecOps8Abdoul\SecFlowOps\data\raw\20260713T133558266819Z_C5_SecFlowOps_controlled_api_l_r1\metadata.json,local
20260713T133615164830Z_C0_BuildOnly_controlled_api_xl_r1,C0_BuildOnly,controlled_api_xl,controlled_multi_layer,1,success,C:\Users\User\Downloads\Compressed\DevSecOps8Abdoul\SecFlowOps\data\raw\20260713T133615164830Z_C0_BuildOnly_controlled_api_xl_r1\metadata.json,local
20260713T133615571679Z_C1_NonBlockingScanning_controlled_api_xl_r1,C1_NonBlockingScanning,controlled_api_xl,controlled_multi_layer,1,success,C:\Users\User\Downloads\Compressed\DevSecOps8Abdoul\SecFlowOps\data\raw\20260713T133615571679Z_C1_NonBlockingScanning_controlled_api_xl_r1\metadata.json,local
20260713T133624245877Z_C2_AutoScanning_controlled_api_xl_r1,C2_AutoScanning,controlled_api_xl,controlled_multi_layer,1,success,C:\Users\User\Downloads\Compressed\DevSecOps8Abdoul\SecFlowOps\data\raw\20260713T133624245877Z_C2_AutoScanning_controlled_api_xl_r1\metadata.json,local
20260713T133633115190Z_C3_PolicyOnly_controlled_api_xl_r1,C3_PolicyOnly,controlled_api_xl,controlled_multi_layer,1,failed,C:\Users\User\Downloads\Compressed\DevSecOps8Abdoul\SecFlowOps\data\raw\20260713T133633115190Z_C3_PolicyOnly_controlled_api_xl_r1\metadata.json,local
20260713T133642472192Z_C4_AgentsOnly_controlled_api_xl_r1,C4_AgentsOnly,controlled_api_xl,controlled_multi_layer,1,success,C:\Users\User\Downloads\Compressed\DevSecOps8Abdoul\SecFlowOps\data\raw\20260713T133642472192Z_C4_AgentsOnly_controlled_api_xl_r1\metadata.json,local
20260713T133700361886Z_C5_SecFlowOps_controlled_api_xl_r1,C5_SecFlowOps,controlled_api_xl,controlled_multi_layer,1,success,C:\Users\User\Downloads\Compressed\DevSecOps8Abdoul\SecFlowOps\data\raw\20260713T133700361886Z_C5_SecFlowOps_controlled_api_xl_r1\metadata.json,local
20260713T133717958608Z_C0_BuildOnly_controlled_api_xxl_r1,C0_BuildOnly,controlled_api_xxl,controlled_multi_layer,1,success,C:\Users\User\Downloads\Compressed\DevSecOps8Abdoul\SecFlowOps\data\raw\20260713T133717958608Z_C0_BuildOnly_controlled_api_xxl_r1\metadata.json,local
20260713T133718425769Z_C1_NonBlockingScanning_controlled_api_xxl_r1,C1_NonBlockingScanning,controlled_api_xxl,controlled_multi_layer,1,success,C:\Users\User\Downloads\Compressed\DevSecOps8Abdoul\SecFlowOps\data\raw\20260713T133718425769Z_C1_NonBlockingScanning_controlled_api_xxl_r1\metadata.json,local
20260713T133728119601Z_C2_AutoScanning_controlled_api_xxl_r1,C2_AutoScanning,controlled_api_xxl,controlled_multi_layer,1,success,C:\Users\User\Downloads\Compressed\DevSecOps8Abdoul\SecFlowOps\data\raw\20260713T133728119601Z_C2_AutoScanning_controlled_api_xxl_r1\metadata.json,local
20260713T133737774193Z_C3_PolicyOnly_controlled_api_xxl_r1,C3_PolicyOnly,controlled_api_xxl,controlled_multi_layer,1,failed,C:\Users\User\Downloads\Compressed\DevSecOps8Abdoul\SecFlowOps\data\raw\20260713T133737774193Z_C3_PolicyOnly_controlled_api_xxl_r1\metadata.json,local
20260713T133747553266Z_C4_AgentsOnly_controlled_api_xxl_r1,C4_AgentsOnly,controlled_api_xxl,controlled_multi_layer,1,success,C:\Users\User\Downloads\Compressed\DevSecOps8Abdoul\SecFlowOps\data\raw\20260713T133747553266Z_C4_AgentsOnly_controlled_api_xxl_r1\metadata.json,local
20260713T133804616237Z_C5_SecFlowOps_controlled_api_xxl_r1,C5_SecFlowOps,controlled_api_xxl,controlled_multi_layer,1,success,C:\Users\User\Downloads\Compressed\DevSecOps8Abdoul\SecFlowOps\data\raw\20260713T133804616237Z_C5_SecFlowOps_controlled_api_xxl_r1\metadata.json,local
20260713T133821354815Z_C0_BuildOnly_controlled_api_s_r2,C0_BuildOnly,controlled_api_s,controlled_multi_layer,2,success,C:\Users\User\Downloads\Compressed\DevSecOps8Abdoul\SecFlowOps\data\raw\20260713T133821354815Z_C0_BuildOnly_controlled_api_s_r2\metadata.json,local
20260713T133821621692Z_C1_NonBlockingScanning_controlled_api_s_r2,C1_NonBlockingScanning,controlled_api_s,controlled_multi_layer,2,success,C:\Users\User\Downloads\Compressed\DevSecOps8Abdoul\SecFlowOps\data\raw\20260713T133821621692Z_C1_NonBlockingScanning_controlled_api_s_r2\metadata.json,local
20260713T133830169700Z_C2_AutoScanning_controlled_api_s_r2,C2_AutoScanning,controlled_api_s,controlled_multi_layer,2,success,C:\Users\User\Downloads\Compressed\DevSecOps8Abdoul\SecFlowOps\data\raw\20260713T133830169700Z_C2_AutoScanning_controlled_api_s_r2\metadata.json,local
20260713T133839254398Z_C3_PolicyOnly_controlled_api_s_r2,C3_PolicyOnly,controlled_api_s,controlled_multi_layer,2,failed,C:\Users\User\Downloads\Compressed\DevSecOps8Abdoul\SecFlowOps\data\raw\20260713T133839254398Z_C3_PolicyOnly_controlled_api_s_r2\metadata.json,local
20260713T133849107760Z_C4_AgentsOnly_controlled_api_s_r2,C4_AgentsOnly,controlled_api_s,controlled_multi_layer,2,success,C:\Users\User\Downloads\Compressed\DevSecOps8Abdoul\SecFlowOps\data\raw\20260713T133849107760Z_C4_AgentsOnly_controlled_api_s_r2\metadata.json,local
20260713T133906146517Z_C5_SecFlowOps_controlled_api_s_r2,C5_SecFlowOps,controlled_api_s,controlled_multi_layer,2,success,C:\Users\User\Downloads\Compressed\DevSecOps8Abdoul\SecFlowOps\data\raw\20260713T133906146517Z_C5_SecFlowOps_controlled_api_s_r2\metadata.json,local
20260713T133924225381Z_C0_BuildOnly_controlled_api_m_r2,C0_BuildOnly,controlled_api_m,controlled_multi_layer,2,success,C:\Users\User\Downloads\Compressed\DevSecOps8Abdoul\SecFlowOps\data\raw\20260713T133924225381Z_C0_BuildOnly_controlled_api_m_r2\metadata.json,local
20260713T133924633012Z_C1_NonBlockingScanning_controlled_api_m_r2,C1_NonBlockingScanning,controlled_api_m,controlled_multi_layer,2,success,C:\Users\User\Downloads\Compressed\DevSecOps8Abdoul\SecFlowOps\data\raw\20260713T133924633012Z_C1_NonBlockingScanning_controlled_api_m_r2\metadata.json,local
20260713T133933194659Z_C2_AutoScanning_controlled_api_m_r2,C2_AutoScanning,controlled_api_m,controlled_multi_layer,2,success,C:\Users\User\Downloads\Compressed\DevSecOps8Abdoul\SecFlowOps\data\raw\20260713T133933194659Z_C2_AutoScanning_controlled_api_m_r2\metadata.json,local
20260713T133945407132Z_C3_PolicyOnly_controlled_api_m_r2,C3_PolicyOnly,controlled_api_m,controlled_multi_layer,2,failed,C:\Users\User\Downloads\Compressed\DevSecOps8Abdoul\SecFlowOps\data\raw\20260713T133945407132Z_C3_PolicyOnly_controlled_api_m_r2\metadata.json,local
20260713T133956694924Z_C4_AgentsOnly_controlled_api_m_r2,C4_AgentsOnly,controlled_api_m,controlled_multi_layer,2,success,C:\Users\User\Downloads\Compressed\DevSecOps8Abdoul\SecFlowOps\data\raw\20260713T133956694924Z_C4_AgentsOnly_controlled_api_m_r2\metadata.json,local
20260713T134016143036Z_C5_SecFlowOps_controlled_api_m_r2,C5_SecFlowOps,controlled_api_m,controlled_multi_layer,2,success,C:\Users\User\Downloads\Compressed\DevSecOps8Abdoul\SecFlowOps\data\raw\20260713T134016143036Z_C5_SecFlowOps_controlled_api_m_r2\metadata.json,local
20260713T134032145774Z_C0_BuildOnly_controlled_api_l_r2,C0_BuildOnly,controlled_api_l,controlled_multi_layer,2,success,C:\Users\User\Downloads\Compressed\DevSecOps8Abdoul\SecFlowOps\data\raw\20260713T134032145774Z_C0_BuildOnly_controlled_api_l_r2\metadata.json,local
20260713T134032424737Z_C1_NonBlockingScanning_controlled_api_l_r2,C1_NonBlockingScanning,controlled_api_l,controlled_multi_layer,2,success,C:\Users\User\Downloads\Compressed\DevSecOps8Abdoul\SecFlowOps\data\raw\20260713T134032424737Z_C1_NonBlockingScanning_controlled_api_l_r2\metadata.json,local
20260713T134040575095Z_C2_AutoScanning_controlled_api_l_r2,C2_AutoScanning,controlled_api_l,controlled_multi_layer,2,success,C:\Users\User\Downloads\Compressed\DevSecOps8Abdoul\SecFlowOps\data\raw\20260713T134040575095Z_C2_AutoScanning_controlled_api_l_r2\metadata.json,local
20260713T134048826343Z_C3_PolicyOnly_controlled_api_l_r2,C3_PolicyOnly,controlled_api_l,controlled_multi_layer,2,failed,C:\Users\User\Downloads\Compressed\DevSecOps8Abdoul\SecFlowOps\data\raw\20260713T134048826343Z_C3_PolicyOnly_controlled_api_l_r2\metadata.json,local
20260713T134057238968Z_C4_AgentsOnly_controlled_api_l_r2,C4_AgentsOnly,controlled_api_l,controlled_multi_layer,2,success,C:\Users\User\Downloads\Compressed\DevSecOps8Abdoul\SecFlowOps\data\raw\20260713T134057238968Z_C4_AgentsOnly_controlled_api_l_r2\metadata.json,local
20260713T134113318349Z_C5_SecFlowOps_controlled_api_l_r2,C5_SecFlowOps,controlled_api_l,controlled_multi_layer,2,success,C:\Users\User\Downloads\Compressed\DevSecOps8Abdoul\SecFlowOps\data\raw\20260713T134113318349Z_C5_SecFlowOps_controlled_api_l_r2\metadata.json,local
20260713T134131457833Z_C0_BuildOnly_controlled_api_xl_r2,C0_BuildOnly,controlled_api_xl,controlled_multi_layer,2,success,C:\Users\User\Downloads\Compressed\DevSecOps8Abdoul\SecFlowOps\data\raw\20260713T134131457833Z_C0_BuildOnly_controlled_api_xl_r2\metadata.json,local
20260713T134131987605Z_C1_NonBlockingScanning_controlled_api_xl_r2,C1_NonBlockingScanning,controlled_api_xl,controlled_multi_layer,2,success,C:\Users\User\Downloads\Compressed\DevSecOps8Abdoul\SecFlowOps\data\raw\20260713T134131987605Z_C1_NonBlockingScanning_controlled_api_xl_r2\metadata.json,local
20260713T134141962021Z_C2_AutoScanning_controlled_api_xl_r2,C2_AutoScanning,controlled_api_xl,controlled_multi_layer,2,success,C:\Users\User\Downloads\Compressed\DevSecOps8Abdoul\SecFlowOps\data\raw\20260713T134141962021Z_C2_AutoScanning_controlled_api_xl_r2\metadata.json,local
20260713T134151199984Z_C3_PolicyOnly_controlled_api_xl_r2,C3_PolicyOnly,controlled_api_xl,controlled_multi_layer,2,failed,C:\Users\User\Downloads\Compressed\DevSecOps8Abdoul\SecFlowOps\data\raw\20260713T134151199984Z_C3_PolicyOnly_controlled_api_xl_r2\metadata.json,local
20260713T134200641258Z_C4_AgentsOnly_controlled_api_xl_r2,C4_AgentsOnly,controlled_api_xl,controlled_multi_layer,2,success,C:\Users\User\Downloads\Compressed\DevSecOps8Abdoul\SecFlowOps\data\raw\20260713T134200641258Z_C4_AgentsOnly_controlled_api_xl_r2\metadata.json,local
20260713T134218306444Z_C5_SecFlowOps_controlled_api_xl_r2,C5_SecFlowOps,controlled_api_xl,controlled_multi_layer,2,success,C:\Users\User\Downloads\Compressed\DevSecOps8Abdoul\SecFlowOps\data\raw\20260713T134218306444Z_C5_SecFlowOps_controlled_api_xl_r2\metadata.json,local
20260713T134236796608Z_C0_BuildOnly_controlled_api_xxl_r2,C0_BuildOnly,controlled_api_xxl,controlled_multi_layer,2,success,C:\Users\User\Downloads\Compressed\DevSecOps8Abdoul\SecFlowOps\data\raw\20260713T134236796608Z_C0_BuildOnly_controlled_api_xxl_r2\metadata.json,local
20260713T134237268901Z_C1_NonBlockingScanning_controlled_api_xxl_r2,C1_NonBlockingScanning,controlled_api_xxl,controlled_multi_layer,2,success,C:\Users\User\Downloads\Compressed\DevSecOps8Abdoul\SecFlowOps\data\raw\20260713T134237268901Z_C1_NonBlockingScanning_controlled_api_xxl_r2\metadata.json,local
20260713T134246632585Z_C2_AutoScanning_controlled_api_xxl_r2,C2_AutoScanning,controlled_api_xxl,controlled_multi_layer,2,success,C:\Users\User\Downloads\Compressed\DevSecOps8Abdoul\SecFlowOps\data\raw\20260713T134246632585Z_C2_AutoScanning_controlled_api_xxl_r2\metadata.json,local
20260713T134255415636Z_C3_PolicyOnly_controlled_api_xxl_r2,C3_PolicyOnly,controlled_api_xxl,controlled_multi_layer,2,failed,C:\Users\User\Downloads\Compressed\DevSecOps8Abdoul\SecFlowOps\data\raw\20260713T134255415636Z_C3_PolicyOnly_controlled_api_xxl_r2\metadata.json,local
20260713T134304948408Z_C4_AgentsOnly_controlled_api_xxl_r2,C4_AgentsOnly,controlled_api_xxl,controlled_multi_layer,2,success,C:\Users\User\Downloads\Compressed\DevSecOps8Abdoul\SecFlowOps\data\raw\20260713T134304948408Z_C4_AgentsOnly_controlled_api_xxl_r2\metadata.json,local
20260713T134322202126Z_C5_SecFlowOps_controlled_api_xxl_r2,C5_SecFlowOps,controlled_api_xxl,controlled_multi_layer,2,success,C:\Users\User\Downloads\Compressed\DevSecOps8Abdoul\SecFlowOps\data\raw\20260713T134322202126Z_C5_SecFlowOps_controlled_api_xxl_r2\metadata.json,local
20260713T134339825182Z_C0_BuildOnly_controlled_api_s_r3,C0_BuildOnly,controlled_api_s,controlled_multi_layer,3,success,C:\Users\User\Downloads\Compressed\DevSecOps8Abdoul\SecFlowOps\data\raw\20260713T134339825182Z_C0_BuildOnly_controlled_api_s_r3\metadata.json,local
20260713T134340053610Z_C1_NonBlockingScanning_controlled_api_s_r3,C1_NonBlockingScanning,controlled_api_s,controlled_multi_layer,3,success,C:\Users\User\Downloads\Compressed\DevSecOps8Abdoul\SecFlowOps\data\raw\20260713T134340053610Z_C1_NonBlockingScanning_controlled_api_s_r3\metadata.json,local
20260713T134348470898Z_C2_AutoScanning_controlled_api_s_r3,C2_AutoScanning,controlled_api_s,controlled_multi_layer,3,success,C:\Users\User\Downloads\Compressed\DevSecOps8Abdoul\SecFlowOps\data\raw\20260713T134348470898Z_C2_AutoScanning_controlled_api_s_r3\metadata.json,local
20260713T134356564142Z_C3_PolicyOnly_controlled_api_s_r3,C3_PolicyOnly,controlled_api_s,controlled_multi_layer,3,failed,C:\Users\User\Downloads\Compressed\DevSecOps8Abdoul\SecFlowOps\data\raw\20260713T134356564142Z_C3_PolicyOnly_controlled_api_s_r3\metadata.json,local
20260713T134405288139Z_C4_AgentsOnly_controlled_api_s_r3,C4_AgentsOnly,controlled_api_s,controlled_multi_layer,3,success,C:\Users\User\Downloads\Compressed\DevSecOps8Abdoul\SecFlowOps\data\raw\20260713T134405288139Z_C4_AgentsOnly_controlled_api_s_r3\metadata.json,local
20260713T134422518861Z_C5_SecFlowOps_controlled_api_s_r3,C5_SecFlowOps,controlled_api_s,controlled_multi_layer,3,success,C:\Users\User\Downloads\Compressed\DevSecOps8Abdoul\SecFlowOps\data\raw\20260713T134422518861Z_C5_SecFlowOps_controlled_api_s_r3\metadata.json,local
20260713T134439361443Z_C0_BuildOnly_controlled_api_m_r3,C0_BuildOnly,controlled_api_m,controlled_multi_layer,3,success,C:\Users\User\Downloads\Compressed\DevSecOps8Abdoul\SecFlowOps\data\raw\20260713T134439361443Z_C0_BuildOnly_controlled_api_m_r3\metadata.json,local
20260713T134439610492Z_C1_NonBlockingScanning_controlled_api_m_r3,C1_NonBlockingScanning,controlled_api_m,controlled_multi_layer,3,success,C:\Users\User\Downloads\Compressed\DevSecOps8Abdoul\SecFlowOps\data\raw\20260713T134439610492Z_C1_NonBlockingScanning_controlled_api_m_r3\metadata.json,local
20260713T134448554128Z_C2_AutoScanning_controlled_api_m_r3,C2_AutoScanning,controlled_api_m,controlled_multi_layer,3,success,C:\Users\User\Downloads\Compressed\DevSecOps8Abdoul\SecFlowOps\data\raw\20260713T134448554128Z_C2_AutoScanning_controlled_api_m_r3\metadata.json,local
20260713T134456862755Z_C3_PolicyOnly_controlled_api_m_r3,C3_PolicyOnly,controlled_api_m,controlled_multi_layer,3,failed,C:\Users\User\Downloads\Compressed\DevSecOps8Abdoul\SecFlowOps\data\raw\20260713T134456862755Z_C3_PolicyOnly_controlled_api_m_r3\metadata.json,local
20260713T134505829480Z_C4_AgentsOnly_controlled_api_m_r3,C4_AgentsOnly,controlled_api_m,controlled_multi_layer,3,success,C:\Users\User\Downloads\Compressed\DevSecOps8Abdoul\SecFlowOps\data\raw\20260713T134505829480Z_C4_AgentsOnly_controlled_api_m_r3\metadata.json,local
20260713T134522792023Z_C5_SecFlowOps_controlled_api_m_r3,C5_SecFlowOps,controlled_api_m,controlled_multi_layer,3,success,C:\Users\User\Downloads\Compressed\DevSecOps8Abdoul\SecFlowOps\data\raw\20260713T134522792023Z_C5_SecFlowOps_controlled_api_m_r3\metadata.json,local
20260713T134542909205Z_C0_BuildOnly_controlled_api_l_r3,C0_BuildOnly,controlled_api_l,controlled_multi_layer,3,success,C:\Users\User\Downloads\Compressed\DevSecOps8Abdoul\SecFlowOps\data\raw\20260713T134542909205Z_C0_BuildOnly_controlled_api_l_r3\metadata.json,local
20260713T134543541478Z_C1_NonBlockingScanning_controlled_api_l_r3,C1_NonBlockingScanning,controlled_api_l,controlled_multi_layer,3,success,C:\Users\User\Downloads\Compressed\DevSecOps8Abdoul\SecFlowOps\data\raw\20260713T134543541478Z_C1_NonBlockingScanning_controlled_api_l_r3\metadata.json,local
20260713T134553262480Z_C2_AutoScanning_controlled_api_l_r3,C2_AutoScanning,controlled_api_l,controlled_multi_layer,3,success,C:\Users\User\Downloads\Compressed\DevSecOps8Abdoul\SecFlowOps\data\raw\20260713T134553262480Z_C2_AutoScanning_controlled_api_l_r3\metadata.json,local
20260713T134603703636Z_C3_PolicyOnly_controlled_api_l_r3,C3_PolicyOnly,controlled_api_l,controlled_multi_layer,3,failed,C:\Users\User\Downloads\Compressed\DevSecOps8Abdoul\SecFlowOps\data\raw\20260713T134603703636Z_C3_PolicyOnly_controlled_api_l_r3\metadata.json,local
20260713T134613737030Z_C4_AgentsOnly_controlled_api_l_r3,C4_AgentsOnly,controlled_api_l,controlled_multi_layer,3,success,C:\Users\User\Downloads\Compressed\DevSecOps8Abdoul\SecFlowOps\data\raw\20260713T134613737030Z_C4_AgentsOnly_controlled_api_l_r3\metadata.json,local
20260713T134633990569Z_C5_SecFlowOps_controlled_api_l_r3,C5_SecFlowOps,controlled_api_l,controlled_multi_layer,3,success,C:\Users\User\Downloads\Compressed\DevSecOps8Abdoul\SecFlowOps\data\raw\20260713T134633990569Z_C5_SecFlowOps_controlled_api_l_r3\metadata.json,local
20260713T134654556273Z_C0_BuildOnly_controlled_api_xl_r3,C0_BuildOnly,controlled_api_xl,controlled_multi_layer,3,success,C:\Users\User\Downloads\Compressed\DevSecOps8Abdoul\SecFlowOps\data\raw\20260713T134654556273Z_C0_BuildOnly_controlled_api_xl_r3\metadata.json,local
20260713T134655121129Z_C1_NonBlockingScanning_controlled_api_xl_r3,C1_NonBlockingScanning,controlled_api_xl,controlled_multi_layer,3,success,C:\Users\User\Downloads\Compressed\DevSecOps8Abdoul\SecFlowOps\data\raw\20260713T134655121129Z_C1_NonBlockingScanning_controlled_api_xl_r3\metadata.json,local
20260713T134705788219Z_C2_AutoScanning_controlled_api_xl_r3,C2_AutoScanning,controlled_api_xl,controlled_multi_layer,3,success,C:\Users\User\Downloads\Compressed\DevSecOps8Abdoul\SecFlowOps\data\raw\20260713T134705788219Z_C2_AutoScanning_controlled_api_xl_r3\metadata.json,local
20260713T134716584305Z_C3_PolicyOnly_controlled_api_xl_r3,C3_PolicyOnly,controlled_api_xl,controlled_multi_layer,3,failed,C:\Users\User\Downloads\Compressed\DevSecOps8Abdoul\SecFlowOps\data\raw\20260713T134716584305Z_C3_PolicyOnly_controlled_api_xl_r3\metadata.json,local
20260713T134727936832Z_C4_AgentsOnly_controlled_api_xl_r3,C4_AgentsOnly,controlled_api_xl,controlled_multi_layer,3,success,C:\Users\User\Downloads\Compressed\DevSecOps8Abdoul\SecFlowOps\data\raw\20260713T134727936832Z_C4_AgentsOnly_controlled_api_xl_r3\metadata.json,local
20260713T134749942175Z_C5_SecFlowOps_controlled_api_xl_r3,C5_SecFlowOps,controlled_api_xl,controlled_multi_layer,3,success,C:\Users\User\Downloads\Compressed\DevSecOps8Abdoul\SecFlowOps\data\raw\20260713T134749942175Z_C5_SecFlowOps_controlled_api_xl_r3\metadata.json,local
20260713T134812900893Z_C0_BuildOnly_controlled_api_xxl_r3,C0_BuildOnly,controlled_api_xxl,controlled_multi_layer,3,success,C:\Users\User\Downloads\Compressed\DevSecOps8Abdoul\SecFlowOps\data\raw\20260713T134812900893Z_C0_BuildOnly_controlled_api_xxl_r3\metadata.json,local
20260713T134814054763Z_C1_NonBlockingScanning_controlled_api_xxl_r3,C1_NonBlockingScanning,controlled_api_xxl,controlled_multi_layer,3,success,C:\Users\User\Downloads\Compressed\DevSecOps8Abdoul\SecFlowOps\data\raw\20260713T134814054763Z_C1_NonBlockingScanning_controlled_api_xxl_r3\metadata.json,local
20260713T134829070112Z_C2_AutoScanning_controlled_api_xxl_r3,C2_AutoScanning,controlled_api_xxl,controlled_multi_layer,3,success,C:\Users\User\Downloads\Compressed\DevSecOps8Abdoul\SecFlowOps\data\raw\20260713T134829070112Z_C2_AutoScanning_controlled_api_xxl_r3\metadata.json,local
20260713T134842890801Z_C3_PolicyOnly_controlled_api_xxl_r3,C3_PolicyOnly,controlled_api_xxl,controlled_multi_layer,3,failed,C:\Users\User\Downloads\Compressed\DevSecOps8Abdoul\SecFlowOps\data\raw\20260713T134842890801Z_C3_PolicyOnly_controlled_api_xxl_r3\metadata.json,local
20260713T134853722832Z_C4_AgentsOnly_controlled_api_xxl_r3,C4_AgentsOnly,controlled_api_xxl,controlled_multi_layer,3,success,C:\Users\User\Downloads\Compressed\DevSecOps8Abdoul\SecFlowOps\data\raw\20260713T134853722832Z_C4_AgentsOnly_controlled_api_xxl_r3\metadata.json,local
20260713T134914650651Z_C5_SecFlowOps_controlled_api_xxl_r3,C5_SecFlowOps,controlled_api_xxl,controlled_multi_layer,3,success,C:\Users\User\Downloads\Compressed\DevSecOps8Abdoul\SecFlowOps\data\raw\20260713T134914650651Z_C5_SecFlowOps_controlled_api_xxl_r3\metadata.json,local
20260713T150501943603Z_C1_NonBlockingScanning_external_requests_r1,C1_NonBlockingScanning,external_requests,external_open_source,1,failed,C:\Users\User\Downloads\Compressed\DevSecOps8Abdoul\SecFlowOps\data\raw\20260713T150501943603Z_C1_NonBlockingScanning_external_requests_r1\metadata.json,local
20260713T150519585805Z_C3_PolicyOnly_external_requests_r1,C3_PolicyOnly,external_requests,external_open_source,1,failed,C:\Users\User\Downloads\Compressed\DevSecOps8Abdoul\SecFlowOps\data\raw\20260713T150519585805Z_C3_PolicyOnly_external_requests_r1\metadata.json,local
20260713T150531525127Z_C5_SecFlowOps_external_requests_r1,C5_SecFlowOps,external_requests,external_open_source,1,failed,C:\Users\User\Downloads\Compressed\DevSecOps8Abdoul\SecFlowOps\data\raw\20260713T150531525127Z_C5_SecFlowOps_external_requests_r1\metadata.json,local
20260713T150552506580Z_C1_NonBlockingScanning_external_flask_r1,C1_NonBlockingScanning,external_flask,external_open_source,1,failed,C:\Users\User\Downloads\Compressed\DevSecOps8Abdoul\SecFlowOps\data\raw\20260713T150552506580Z_C1_NonBlockingScanning_external_flask_r1\metadata.json,local
20260713T150604364882Z_C3_PolicyOnly_external_flask_r1,C3_PolicyOnly,external_flask,external_open_source,1,failed,C:\Users\User\Downloads\Compressed\DevSecOps8Abdoul\SecFlowOps\data\raw\20260713T150604364882Z_C3_PolicyOnly_external_flask_r1\metadata.json,local
20260713T150615742215Z_C5_SecFlowOps_external_flask_r1,C5_SecFlowOps,external_flask,external_open_source,1,failed,C:\Users\User\Downloads\Compressed\DevSecOps8Abdoul\SecFlowOps\data\raw\20260713T150615742215Z_C5_SecFlowOps_external_flask_r1\metadata.json,local
20260713T150637037050Z_C1_NonBlockingScanning_external_express_r1,C1_NonBlockingScanning,external_express,external_open_source,1,success,C:\Users\User\Downloads\Compressed\DevSecOps8Abdoul\SecFlowOps\data\raw\20260713T150637037050Z_C1_NonBlockingScanning_external_express_r1\metadata.json,local
20260713T150647865593Z_C3_PolicyOnly_external_express_r1,C3_PolicyOnly,external_express,external_open_source,1,success,C:\Users\User\Downloads\Compressed\DevSecOps8Abdoul\SecFlowOps\data\raw\20260713T150647865593Z_C3_PolicyOnly_external_express_r1\metadata.json,local
20260713T150659526790Z_C5_SecFlowOps_external_express_r1,C5_SecFlowOps,external_express,external_open_source,1,success,C:\Users\User\Downloads\Compressed\DevSecOps8Abdoul\SecFlowOps\data\raw\20260713T150659526790Z_C5_SecFlowOps_external_express_r1\metadata.json,local
20260713T150720137220Z_C1_NonBlockingScanning_external_nodegoat_r1,C1_NonBlockingScanning,external_nodegoat,external_open_source,1,success,C:\Users\User\Downloads\Compressed\DevSecOps8Abdoul\SecFlowOps\data\raw\20260713T150720137220Z_C1_NonBlockingScanning_external_nodegoat_r1\metadata.json,local
20260713T150732005265Z_C3_PolicyOnly_external_nodegoat_r1,C3_PolicyOnly,external_nodegoat,external_open_source,1,failed,C:\Users\User\Downloads\Compressed\DevSecOps8Abdoul\SecFlowOps\data\raw\20260713T150732005265Z_C3_PolicyOnly_external_nodegoat_r1\metadata.json,local
20260713T150742478305Z_C5_SecFlowOps_external_nodegoat_r1,C5_SecFlowOps,external_nodegoat,external_open_source,1,failed,C:\Users\User\Downloads\Compressed\DevSecOps8Abdoul\SecFlowOps\data\raw\20260713T150742478305Z_C5_SecFlowOps_external_nodegoat_r1\metadata.json,local
20260713T150801968434Z_C1_NonBlockingScanning_external_dvna_r1,C1_NonBlockingScanning,external_dvna,external_open_source,1,success,C:\Users\User\Downloads\Compressed\DevSecOps8Abdoul\SecFlowOps\data\raw\20260713T150801968434Z_C1_NonBlockingScanning_external_dvna_r1\metadata.json,local
20260713T150812581798Z_C3_PolicyOnly_external_dvna_r1,C3_PolicyOnly,external_dvna,external_open_source,1,success,C:\Users\User\Downloads\Compressed\DevSecOps8Abdoul\SecFlowOps\data\raw\20260713T150812581798Z_C3_PolicyOnly_external_dvna_r1\metadata.json,local
20260713T150822778750Z_C5_SecFlowOps_external_dvna_r1,C5_SecFlowOps,external_dvna,external_open_source,1,success,C:\Users\User\Downloads\Compressed\DevSecOps8Abdoul\SecFlowOps\data\raw\20260713T150822778750Z_C5_SecFlowOps_external_dvna_r1\metadata.json,local
20260713T150842934902Z_C1_NonBlockingScanning_external_requests_r2,C1_NonBlockingScanning,external_requests,external_open_source,2,failed,C:\Users\User\Downloads\Compressed\DevSecOps8Abdoul\SecFlowOps\data\raw\20260713T150842934902Z_C1_NonBlockingScanning_external_requests_r2\metadata.json,local
20260713T150854589141Z_C3_PolicyOnly_external_requests_r2,C3_PolicyOnly,external_requests,external_open_source,2,failed,C:\Users\User\Downloads\Compressed\DevSecOps8Abdoul\SecFlowOps\data\raw\20260713T150854589141Z_C3_PolicyOnly_external_requests_r2\metadata.json,local
20260713T150906773903Z_C5_SecFlowOps_external_requests_r2,C5_SecFlowOps,external_requests,external_open_source,2,failed,C:\Users\User\Downloads\Compressed\DevSecOps8Abdoul\SecFlowOps\data\raw\20260713T150906773903Z_C5_SecFlowOps_external_requests_r2\metadata.json,local
20260713T150929724911Z_C1_NonBlockingScanning_external_flask_r2,C1_NonBlockingScanning,external_flask,external_open_source,2,failed,C:\Users\User\Downloads\Compressed\DevSecOps8Abdoul\SecFlowOps\data\raw\20260713T150929724911Z_C1_NonBlockingScanning_external_flask_r2\metadata.json,local
20260713T150941765831Z_C3_PolicyOnly_external_flask_r2,C3_PolicyOnly,external_flask,external_open_source,2,failed,C:\Users\User\Downloads\Compressed\DevSecOps8Abdoul\SecFlowOps\data\raw\20260713T150941765831Z_C3_PolicyOnly_external_flask_r2\metadata.json,local
20260713T150954353293Z_C5_SecFlowOps_external_flask_r2,C5_SecFlowOps,external_flask,external_open_source,2,failed,C:\Users\User\Downloads\Compressed\DevSecOps8Abdoul\SecFlowOps\data\raw\20260713T150954353293Z_C5_SecFlowOps_external_flask_r2\metadata.json,local
20260713T151017160477Z_C1_NonBlockingScanning_external_express_r2,C1_NonBlockingScanning,external_express,external_open_source,2,success,C:\Users\User\Downloads\Compressed\DevSecOps8Abdoul\SecFlowOps\data\raw\20260713T151017160477Z_C1_NonBlockingScanning_external_express_r2\metadata.json,local
20260713T151028140285Z_C3_PolicyOnly_external_express_r2,C3_PolicyOnly,external_express,external_open_source,2,success,C:\Users\User\Downloads\Compressed\DevSecOps8Abdoul\SecFlowOps\data\raw\20260713T151028140285Z_C3_PolicyOnly_external_express_r2\metadata.json,local
20260713T151038509189Z_C5_SecFlowOps_external_express_r2,C5_SecFlowOps,external_express,external_open_source,2,success,C:\Users\User\Downloads\Compressed\DevSecOps8Abdoul\SecFlowOps\data\raw\20260713T151038509189Z_C5_SecFlowOps_external_express_r2\metadata.json,local
20260713T151058789088Z_C1_NonBlockingScanning_external_nodegoat_r2,C1_NonBlockingScanning,external_nodegoat,external_open_source,2,success,C:\Users\User\Downloads\Compressed\DevSecOps8Abdoul\SecFlowOps\data\raw\20260713T151058789088Z_C1_NonBlockingScanning_external_nodegoat_r2\metadata.json,local
20260713T151109644279Z_C3_PolicyOnly_external_nodegoat_r2,C3_PolicyOnly,external_nodegoat,external_open_source,2,failed,C:\Users\User\Downloads\Compressed\DevSecOps8Abdoul\SecFlowOps\data\raw\20260713T151109644279Z_C3_PolicyOnly_external_nodegoat_r2\metadata.json,local
20260713T151119938182Z_C5_SecFlowOps_external_nodegoat_r2,C5_SecFlowOps,external_nodegoat,external_open_source,2,failed,C:\Users\User\Downloads\Compressed\DevSecOps8Abdoul\SecFlowOps\data\raw\20260713T151119938182Z_C5_SecFlowOps_external_nodegoat_r2\metadata.json,local
20260713T151139630730Z_C1_NonBlockingScanning_external_dvna_r2,C1_NonBlockingScanning,external_dvna,external_open_source,2,success,C:\Users\User\Downloads\Compressed\DevSecOps8Abdoul\SecFlowOps\data\raw\20260713T151139630730Z_C1_NonBlockingScanning_external_dvna_r2\metadata.json,local
20260713T151150246613Z_C3_PolicyOnly_external_dvna_r2,C3_PolicyOnly,external_dvna,external_open_source,2,success,C:\Users\User\Downloads\Compressed\DevSecOps8Abdoul\SecFlowOps\data\raw\20260713T151150246613Z_C3_PolicyOnly_external_dvna_r2\metadata.json,local
20260713T151201407415Z_C5_SecFlowOps_external_dvna_r2,C5_SecFlowOps,external_dvna,external_open_source,2,success,C:\Users\User\Downloads\Compressed\DevSecOps8Abdoul\SecFlowOps\data\raw\20260713T151201407415Z_C5_SecFlowOps_external_dvna_r2\metadata.json,local
20260713T151525719170Z_C1_NonBlockingScanning_external_requests_r1,C1_NonBlockingScanning,external_requests,external_open_source,1,success,C:\Users\User\Downloads\Compressed\DevSecOps8Abdoul\SecFlowOps\data\raw\20260713T151525719170Z_C1_NonBlockingScanning_external_requests_r1\metadata.json,local
20260713T151536859303Z_C3_PolicyOnly_external_requests_r1,C3_PolicyOnly,external_requests,external_open_source,1,success,C:\Users\User\Downloads\Compressed\DevSecOps8Abdoul\SecFlowOps\data\raw\20260713T151536859303Z_C3_PolicyOnly_external_requests_r1\metadata.json,local
20260713T151547961328Z_C5_SecFlowOps_external_requests_r1,C5_SecFlowOps,external_requests,external_open_source,1,success,C:\Users\User\Downloads\Compressed\DevSecOps8Abdoul\SecFlowOps\data\raw\20260713T151547961328Z_C5_SecFlowOps_external_requests_r1\metadata.json,local
20260713T151610961189Z_C1_NonBlockingScanning_external_flask_r1,C1_NonBlockingScanning,external_flask,external_open_source,1,success,C:\Users\User\Downloads\Compressed\DevSecOps8Abdoul\SecFlowOps\data\raw\20260713T151610961189Z_C1_NonBlockingScanning_external_flask_r1\metadata.json,local
20260713T151623416907Z_C3_PolicyOnly_external_flask_r1,C3_PolicyOnly,external_flask,external_open_source,1,success,C:\Users\User\Downloads\Compressed\DevSecOps8Abdoul\SecFlowOps\data\raw\20260713T151623416907Z_C3_PolicyOnly_external_flask_r1\metadata.json,local
20260713T151635355568Z_C5_SecFlowOps_external_flask_r1,C5_SecFlowOps,external_flask,external_open_source,1,success,C:\Users\User\Downloads\Compressed\DevSecOps8Abdoul\SecFlowOps\data\raw\20260713T151635355568Z_C5_SecFlowOps_external_flask_r1\metadata.json,local
20260713T151658554512Z_C1_NonBlockingScanning_external_express_r1,C1_NonBlockingScanning,external_express,external_open_source,1,success,C:\Users\User\Downloads\Compressed\DevSecOps8Abdoul\SecFlowOps\data\raw\20260713T151658554512Z_C1_NonBlockingScanning_external_express_r1\metadata.json,local
20260713T151710760927Z_C3_PolicyOnly_external_express_r1,C3_PolicyOnly,external_express,external_open_source,1,success,C:\Users\User\Downloads\Compressed\DevSecOps8Abdoul\SecFlowOps\data\raw\20260713T151710760927Z_C3_PolicyOnly_external_express_r1\metadata.json,local
20260713T151722908910Z_C5_SecFlowOps_external_express_r1,C5_SecFlowOps,external_express,external_open_source,1,success,C:\Users\User\Downloads\Compressed\DevSecOps8Abdoul\SecFlowOps\data\raw\20260713T151722908910Z_C5_SecFlowOps_external_express_r1\metadata.json,local
20260713T151746615095Z_C1_NonBlockingScanning_external_nodegoat_r1,C1_NonBlockingScanning,external_nodegoat,external_open_source,1,success,C:\Users\User\Downloads\Compressed\DevSecOps8Abdoul\SecFlowOps\data\raw\20260713T151746615095Z_C1_NonBlockingScanning_external_nodegoat_r1\metadata.json,local
20260713T151758011611Z_C3_PolicyOnly_external_nodegoat_r1,C3_PolicyOnly,external_nodegoat,external_open_source,1,failed,C:\Users\User\Downloads\Compressed\DevSecOps8Abdoul\SecFlowOps\data\raw\20260713T151758011611Z_C3_PolicyOnly_external_nodegoat_r1\metadata.json,local
20260713T151809591196Z_C5_SecFlowOps_external_nodegoat_r1,C5_SecFlowOps,external_nodegoat,external_open_source,1,failed,C:\Users\User\Downloads\Compressed\DevSecOps8Abdoul\SecFlowOps\data\raw\20260713T151809591196Z_C5_SecFlowOps_external_nodegoat_r1\metadata.json,local
20260713T151830950468Z_C1_NonBlockingScanning_external_dvna_r1,C1_NonBlockingScanning,external_dvna,external_open_source,1,success,C:\Users\User\Downloads\Compressed\DevSecOps8Abdoul\SecFlowOps\data\raw\20260713T151830950468Z_C1_NonBlockingScanning_external_dvna_r1\metadata.json,local
20260713T151842540017Z_C3_PolicyOnly_external_dvna_r1,C3_PolicyOnly,external_dvna,external_open_source,1,success,C:\Users\User\Downloads\Compressed\DevSecOps8Abdoul\SecFlowOps\data\raw\20260713T151842540017Z_C3_PolicyOnly_external_dvna_r1\metadata.json,local
20260713T151854137179Z_C5_SecFlowOps_external_dvna_r1,C5_SecFlowOps,external_dvna,external_open_source,1,success,C:\Users\User\Downloads\Compressed\DevSecOps8Abdoul\SecFlowOps\data\raw\20260713T151854137179Z_C5_SecFlowOps_external_dvna_r1\metadata.json,local
20260713T151916261967Z_C1_NonBlockingScanning_external_requests_r2,C1_NonBlockingScanning,external_requests,external_open_source,2,success,C:\Users\User\Downloads\Compressed\DevSecOps8Abdoul\SecFlowOps\data\raw\20260713T151916261967Z_C1_NonBlockingScanning_external_requests_r2\metadata.json,local
20260713T151927818831Z_C3_PolicyOnly_external_requests_r2,C3_PolicyOnly,external_requests,external_open_source,2,success,C:\Users\User\Downloads\Compressed\DevSecOps8Abdoul\SecFlowOps\data\raw\20260713T151927818831Z_C3_PolicyOnly_external_requests_r2\metadata.json,local
20260713T151939443834Z_C5_SecFlowOps_external_requests_r2,C5_SecFlowOps,external_requests,external_open_source,2,success,C:\Users\User\Downloads\Compressed\DevSecOps8Abdoul\SecFlowOps\data\raw\20260713T151939443834Z_C5_SecFlowOps_external_requests_r2\metadata.json,local
20260713T152003369577Z_C1_NonBlockingScanning_external_flask_r2,C1_NonBlockingScanning,external_flask,external_open_source,2,success,C:\Users\User\Downloads\Compressed\DevSecOps8Abdoul\SecFlowOps\data\raw\20260713T152003369577Z_C1_NonBlockingScanning_external_flask_r2\metadata.json,local
20260713T152015097114Z_C3_PolicyOnly_external_flask_r2,C3_PolicyOnly,external_flask,external_open_source,2,success,C:\Users\User\Downloads\Compressed\DevSecOps8Abdoul\SecFlowOps\data\raw\20260713T152015097114Z_C3_PolicyOnly_external_flask_r2\metadata.json,local
20260713T152026804982Z_C5_SecFlowOps_external_flask_r2,C5_SecFlowOps,external_flask,external_open_source,2,success,C:\Users\User\Downloads\Compressed\DevSecOps8Abdoul\SecFlowOps\data\raw\20260713T152026804982Z_C5_SecFlowOps_external_flask_r2\metadata.json,local
20260713T152049581657Z_C1_NonBlockingScanning_external_express_r2,C1_NonBlockingScanning,external_express,external_open_source,2,success,C:\Users\User\Downloads\Compressed\DevSecOps8Abdoul\SecFlowOps\data\raw\20260713T152049581657Z_C1_NonBlockingScanning_external_express_r2\metadata.json,local
20260713T152101208393Z_C3_PolicyOnly_external_express_r2,C3_PolicyOnly,external_express,external_open_source,2,success,C:\Users\User\Downloads\Compressed\DevSecOps8Abdoul\SecFlowOps\data\raw\20260713T152101208393Z_C3_PolicyOnly_external_express_r2\metadata.json,local
20260713T152112806969Z_C5_SecFlowOps_external_express_r2,C5_SecFlowOps,external_express,external_open_source,2,success,C:\Users\User\Downloads\Compressed\DevSecOps8Abdoul\SecFlowOps\data\raw\20260713T152112806969Z_C5_SecFlowOps_external_express_r2\metadata.json,local
20260713T152135288311Z_C1_NonBlockingScanning_external_nodegoat_r2,C1_NonBlockingScanning,external_nodegoat,external_open_source,2,success,C:\Users\User\Downloads\Compressed\DevSecOps8Abdoul\SecFlowOps\data\raw\20260713T152135288311Z_C1_NonBlockingScanning_external_nodegoat_r2\metadata.json,local
20260713T152147056807Z_C3_PolicyOnly_external_nodegoat_r2,C3_PolicyOnly,external_nodegoat,external_open_source,2,failed,C:\Users\User\Downloads\Compressed\DevSecOps8Abdoul\SecFlowOps\data\raw\20260713T152147056807Z_C3_PolicyOnly_external_nodegoat_r2\metadata.json,local
20260713T152158323529Z_C5_SecFlowOps_external_nodegoat_r2,C5_SecFlowOps,external_nodegoat,external_open_source,2,failed,C:\Users\User\Downloads\Compressed\DevSecOps8Abdoul\SecFlowOps\data\raw\20260713T152158323529Z_C5_SecFlowOps_external_nodegoat_r2\metadata.json,local
20260713T152221037165Z_C1_NonBlockingScanning_external_dvna_r2,C1_NonBlockingScanning,external_dvna,external_open_source,2,success,C:\Users\User\Downloads\Compressed\DevSecOps8Abdoul\SecFlowOps\data\raw\20260713T152221037165Z_C1_NonBlockingScanning_external_dvna_r2\metadata.json,local
20260713T152233049127Z_C3_PolicyOnly_external_dvna_r2,C3_PolicyOnly,external_dvna,external_open_source,2,success,C:\Users\User\Downloads\Compressed\DevSecOps8Abdoul\SecFlowOps\data\raw\20260713T152233049127Z_C3_PolicyOnly_external_dvna_r2\metadata.json,local
20260713T152244874613Z_C5_SecFlowOps_external_dvna_r2,C5_SecFlowOps,external_dvna,external_open_source,2,success,C:\Users\User\Downloads\Compressed\DevSecOps8Abdoul\SecFlowOps\data\raw\20260713T152244874613Z_C5_SecFlowOps_external_dvna_r2\metadata.json,local
20260713T161630102763Z_C5_SecFlowOps_external_flask_r1,C5_SecFlowOps,external_flask,external_open_source,1,success,C:\Users\User\Downloads\Compressed\DevSecOps8Abdoul\SecFlowOps\data\raw\20260713T161630102763Z_C5_SecFlowOps_external_flask_r1\metadata.json,local
20260713T161706855777Z_C5_SecFlowOps_external_nodegoat_r1,C5_SecFlowOps,external_nodegoat,external_open_source,1,failed,C:\Users\User\Downloads\Compressed\DevSecOps8Abdoul\SecFlowOps\data\raw\20260713T161706855777Z_C5_SecFlowOps_external_nodegoat_r1\metadata.json,local
20260713T161734372741Z_C5_SecFlowOps_external_dvna_r1,C5_SecFlowOps,external_dvna,external_open_source,1,success,C:\Users\User\Downloads\Compressed\DevSecOps8Abdoul\SecFlowOps\data\raw\20260713T161734372741Z_C5_SecFlowOps_external_dvna_r1\metadata.json,local
20260713T161845250601Z_C5_SecFlowOps_external_flask_r1,C5_SecFlowOps,external_flask,external_open_source,1,success,C:\Users\User\Downloads\Compressed\DevSecOps8Abdoul\SecFlowOps\data\raw\20260713T161845250601Z_C5_SecFlowOps_external_flask_r1\metadata.json,local
20260713T161951161040Z_C1_NonBlockingScanning_external_requests_r1,C1_NonBlockingScanning,external_requests,external_open_source,1,success,C:\Users\User\Downloads\Compressed\DevSecOps8Abdoul\SecFlowOps\data\raw\20260713T161951161040Z_C1_NonBlockingScanning_external_requests_r1\metadata.json,local
20260713T162004757521Z_C2_AutoScanning_external_requests_r1,C2_AutoScanning,external_requests,external_open_source,1,success,C:\Users\User\Downloads\Compressed\DevSecOps8Abdoul\SecFlowOps\data\raw\20260713T162004757521Z_C2_AutoScanning_external_requests_r1\metadata.json,local
20260713T162017742550Z_C3_PolicyOnly_external_requests_r1,C3_PolicyOnly,external_requests,external_open_source,1,success,C:\Users\User\Downloads\Compressed\DevSecOps8Abdoul\SecFlowOps\data\raw\20260713T162017742550Z_C3_PolicyOnly_external_requests_r1\metadata.json,local
20260713T162030062045Z_C4_AgentsOnly_external_requests_r1,C4_AgentsOnly,external_requests,external_open_source,1,success,C:\Users\User\Downloads\Compressed\DevSecOps8Abdoul\SecFlowOps\data\raw\20260713T162030062045Z_C4_AgentsOnly_external_requests_r1\metadata.json,local
20260713T162055975876Z_C5_SecFlowOps_external_requests_r1,C5_SecFlowOps,external_requests,external_open_source,1,success,C:\Users\User\Downloads\Compressed\DevSecOps8Abdoul\SecFlowOps\data\raw\20260713T162055975876Z_C5_SecFlowOps_external_requests_r1\metadata.json,local
20260713T162121943358Z_C1_NonBlockingScanning_external_flask_r1,C1_NonBlockingScanning,external_flask,external_open_source,1,success,C:\Users\User\Downloads\Compressed\DevSecOps8Abdoul\SecFlowOps\data\raw\20260713T162121943358Z_C1_NonBlockingScanning_external_flask_r1\metadata.json,local
20260713T162137277940Z_C2_AutoScanning_external_flask_r1,C2_AutoScanning,external_flask,external_open_source,1,success,C:\Users\User\Downloads\Compressed\DevSecOps8Abdoul\SecFlowOps\data\raw\20260713T162137277940Z_C2_AutoScanning_external_flask_r1\metadata.json,local
20260713T162150960557Z_C3_PolicyOnly_external_flask_r1,C3_PolicyOnly,external_flask,external_open_source,1,success,C:\Users\User\Downloads\Compressed\DevSecOps8Abdoul\SecFlowOps\data\raw\20260713T162150960557Z_C3_PolicyOnly_external_flask_r1\metadata.json,local
20260713T162204642075Z_C4_AgentsOnly_external_flask_r1,C4_AgentsOnly,external_flask,external_open_source,1,success,C:\Users\User\Downloads\Compressed\DevSecOps8Abdoul\SecFlowOps\data\raw\20260713T162204642075Z_C4_AgentsOnly_external_flask_r1\metadata.json,local
20260713T162230777913Z_C5_SecFlowOps_external_flask_r1,C5_SecFlowOps,external_flask,external_open_source,1,success,C:\Users\User\Downloads\Compressed\DevSecOps8Abdoul\SecFlowOps\data\raw\20260713T162230777913Z_C5_SecFlowOps_external_flask_r1\metadata.json,local
20260713T162259292118Z_C1_NonBlockingScanning_external_express_r1,C1_NonBlockingScanning,external_express,external_open_source,1,success,C:\Users\User\Downloads\Compressed\DevSecOps8Abdoul\SecFlowOps\data\raw\20260713T162259292118Z_C1_NonBlockingScanning_external_express_r1\metadata.json,local
20260713T162313746410Z_C2_AutoScanning_external_express_r1,C2_AutoScanning,external_express,external_open_source,1,success,C:\Users\User\Downloads\Compressed\DevSecOps8Abdoul\SecFlowOps\data\raw\20260713T162313746410Z_C2_AutoScanning_external_express_r1\metadata.json,local
20260713T162327001680Z_C3_PolicyOnly_external_express_r1,C3_PolicyOnly,external_express,external_open_source,1,success,C:\Users\User\Downloads\Compressed\DevSecOps8Abdoul\SecFlowOps\data\raw\20260713T162327001680Z_C3_PolicyOnly_external_express_r1\metadata.json,local
20260713T162341242272Z_C4_AgentsOnly_external_express_r1,C4_AgentsOnly,external_express,external_open_source,1,success,C:\Users\User\Downloads\Compressed\DevSecOps8Abdoul\SecFlowOps\data\raw\20260713T162341242272Z_C4_AgentsOnly_external_express_r1\metadata.json,local
20260713T162409408863Z_C5_SecFlowOps_external_express_r1,C5_SecFlowOps,external_express,external_open_source,1,success,C:\Users\User\Downloads\Compressed\DevSecOps8Abdoul\SecFlowOps\data\raw\20260713T162409408863Z_C5_SecFlowOps_external_express_r1\metadata.json,local
20260713T162436370419Z_C1_NonBlockingScanning_external_nodegoat_r1,C1_NonBlockingScanning,external_nodegoat,external_open_source,1,success,C:\Users\User\Downloads\Compressed\DevSecOps8Abdoul\SecFlowOps\data\raw\20260713T162436370419Z_C1_NonBlockingScanning_external_nodegoat_r1\metadata.json,local
20260713T162451422417Z_C2_AutoScanning_external_nodegoat_r1,C2_AutoScanning,external_nodegoat,external_open_source,1,success,C:\Users\User\Downloads\Compressed\DevSecOps8Abdoul\SecFlowOps\data\raw\20260713T162451422417Z_C2_AutoScanning_external_nodegoat_r1\metadata.json,local
20260713T162506014614Z_C3_PolicyOnly_external_nodegoat_r1,C3_PolicyOnly,external_nodegoat,external_open_source,1,failed,C:\Users\User\Downloads\Compressed\DevSecOps8Abdoul\SecFlowOps\data\raw\20260713T162506014614Z_C3_PolicyOnly_external_nodegoat_r1\metadata.json,local
20260713T162520436951Z_C4_AgentsOnly_external_nodegoat_r1,C4_AgentsOnly,external_nodegoat,external_open_source,1,success,C:\Users\User\Downloads\Compressed\DevSecOps8Abdoul\SecFlowOps\data\raw\20260713T162520436951Z_C4_AgentsOnly_external_nodegoat_r1\metadata.json,local
20260713T162546967795Z_C5_SecFlowOps_external_nodegoat_r1,C5_SecFlowOps,external_nodegoat,external_open_source,1,failed,C:\Users\User\Downloads\Compressed\DevSecOps8Abdoul\SecFlowOps\data\raw\20260713T162546967795Z_C5_SecFlowOps_external_nodegoat_r1\metadata.json,local
20260713T162614046352Z_C1_NonBlockingScanning_external_dvna_r1,C1_NonBlockingScanning,external_dvna,external_open_source,1,success,C:\Users\User\Downloads\Compressed\DevSecOps8Abdoul\SecFlowOps\data\raw\20260713T162614046352Z_C1_NonBlockingScanning_external_dvna_r1\metadata.json,local
20260713T162628011989Z_C2_AutoScanning_external_dvna_r1,C2_AutoScanning,external_dvna,external_open_source,1,success,C:\Users\User\Downloads\Compressed\DevSecOps8Abdoul\SecFlowOps\data\raw\20260713T162628011989Z_C2_AutoScanning_external_dvna_r1\metadata.json,local
20260713T162641169819Z_C3_PolicyOnly_external_dvna_r1,C3_PolicyOnly,external_dvna,external_open_source,1,success,C:\Users\User\Downloads\Compressed\DevSecOps8Abdoul\SecFlowOps\data\raw\20260713T162641169819Z_C3_PolicyOnly_external_dvna_r1\metadata.json,local
20260713T162655088487Z_C4_AgentsOnly_external_dvna_r1,C4_AgentsOnly,external_dvna,external_open_source,1,success,C:\Users\User\Downloads\Compressed\DevSecOps8Abdoul\SecFlowOps\data\raw\20260713T162655088487Z_C4_AgentsOnly_external_dvna_r1\metadata.json,local
20260713T162720978530Z_C5_SecFlowOps_external_dvna_r1,C5_SecFlowOps,external_dvna,external_open_source,1,success,C:\Users\User\Downloads\Compressed\DevSecOps8Abdoul\SecFlowOps\data\raw\20260713T162720978530Z_C5_SecFlowOps_external_dvna_r1\metadata.json,local
20260713T162747245557Z_C1_NonBlockingScanning_external_requests_r2,C1_NonBlockingScanning,external_requests,external_open_source,2,success,C:\Users\User\Downloads\Compressed\DevSecOps8Abdoul\SecFlowOps\data\raw\20260713T162747245557Z_C1_NonBlockingScanning_external_requests_r2\metadata.json,local
20260713T162800408241Z_C2_AutoScanning_external_requests_r2,C2_AutoScanning,external_requests,external_open_source,2,success,C:\Users\User\Downloads\Compressed\DevSecOps8Abdoul\SecFlowOps\data\raw\20260713T162800408241Z_C2_AutoScanning_external_requests_r2\metadata.json,local
20260713T162813846033Z_C3_PolicyOnly_external_requests_r2,C3_PolicyOnly,external_requests,external_open_source,2,success,C:\Users\User\Downloads\Compressed\DevSecOps8Abdoul\SecFlowOps\data\raw\20260713T162813846033Z_C3_PolicyOnly_external_requests_r2\metadata.json,local
20260713T162828587173Z_C4_AgentsOnly_external_requests_r2,C4_AgentsOnly,external_requests,external_open_source,2,success,C:\Users\User\Downloads\Compressed\DevSecOps8Abdoul\SecFlowOps\data\raw\20260713T162828587173Z_C4_AgentsOnly_external_requests_r2\metadata.json,local
20260713T162857043089Z_C5_SecFlowOps_external_requests_r2,C5_SecFlowOps,external_requests,external_open_source,2,success,C:\Users\User\Downloads\Compressed\DevSecOps8Abdoul\SecFlowOps\data\raw\20260713T162857043089Z_C5_SecFlowOps_external_requests_r2\metadata.json,local
20260713T162926443102Z_C1_NonBlockingScanning_external_flask_r2,C1_NonBlockingScanning,external_flask,external_open_source,2,success,C:\Users\User\Downloads\Compressed\DevSecOps8Abdoul\SecFlowOps\data\raw\20260713T162926443102Z_C1_NonBlockingScanning_external_flask_r2\metadata.json,local
20260713T162942168386Z_C2_AutoScanning_external_flask_r2,C2_AutoScanning,external_flask,external_open_source,2,success,C:\Users\User\Downloads\Compressed\DevSecOps8Abdoul\SecFlowOps\data\raw\20260713T162942168386Z_C2_AutoScanning_external_flask_r2\metadata.json,local
20260713T162958228266Z_C3_PolicyOnly_external_flask_r2,C3_PolicyOnly,external_flask,external_open_source,2,success,C:\Users\User\Downloads\Compressed\DevSecOps8Abdoul\SecFlowOps\data\raw\20260713T162958228266Z_C3_PolicyOnly_external_flask_r2\metadata.json,local
20260713T163012960546Z_C4_AgentsOnly_external_flask_r2,C4_AgentsOnly,external_flask,external_open_source,2,success,C:\Users\User\Downloads\Compressed\DevSecOps8Abdoul\SecFlowOps\data\raw\20260713T163012960546Z_C4_AgentsOnly_external_flask_r2\metadata.json,local
20260713T163041817375Z_C5_SecFlowOps_external_flask_r2,C5_SecFlowOps,external_flask,external_open_source,2,success,C:\Users\User\Downloads\Compressed\DevSecOps8Abdoul\SecFlowOps\data\raw\20260713T163041817375Z_C5_SecFlowOps_external_flask_r2\metadata.json,local
20260713T163113679111Z_C1_NonBlockingScanning_external_express_r2,C1_NonBlockingScanning,external_express,external_open_source,2,success,C:\Users\User\Downloads\Compressed\DevSecOps8Abdoul\SecFlowOps\data\raw\20260713T163113679111Z_C1_NonBlockingScanning_external_express_r2\metadata.json,local
20260713T163128408296Z_C2_AutoScanning_external_express_r2,C2_AutoScanning,external_express,external_open_source,2,success,C:\Users\User\Downloads\Compressed\DevSecOps8Abdoul\SecFlowOps\data\raw\20260713T163128408296Z_C2_AutoScanning_external_express_r2\metadata.json,local
20260713T163142564858Z_C3_PolicyOnly_external_express_r2,C3_PolicyOnly,external_express,external_open_source,2,success,C:\Users\User\Downloads\Compressed\DevSecOps8Abdoul\SecFlowOps\data\raw\20260713T163142564858Z_C3_PolicyOnly_external_express_r2\metadata.json,local
20260713T163156704359Z_C4_AgentsOnly_external_express_r2,C4_AgentsOnly,external_express,external_open_source,2,success,C:\Users\User\Downloads\Compressed\DevSecOps8Abdoul\SecFlowOps\data\raw\20260713T163156704359Z_C4_AgentsOnly_external_express_r2\metadata.json,local
20260713T163225296542Z_C5_SecFlowOps_external_express_r2,C5_SecFlowOps,external_express,external_open_source,2,success,C:\Users\User\Downloads\Compressed\DevSecOps8Abdoul\SecFlowOps\data\raw\20260713T163225296542Z_C5_SecFlowOps_external_express_r2\metadata.json,local
20260713T163254850882Z_C1_NonBlockingScanning_external_nodegoat_r2,C1_NonBlockingScanning,external_nodegoat,external_open_source,2,success,C:\Users\User\Downloads\Compressed\DevSecOps8Abdoul\SecFlowOps\data\raw\20260713T163254850882Z_C1_NonBlockingScanning_external_nodegoat_r2\metadata.json,local
20260713T163309186472Z_C2_AutoScanning_external_nodegoat_r2,C2_AutoScanning,external_nodegoat,external_open_source,2,success,C:\Users\User\Downloads\Compressed\DevSecOps8Abdoul\SecFlowOps\data\raw\20260713T163309186472Z_C2_AutoScanning_external_nodegoat_r2\metadata.json,local
20260713T163323142776Z_C3_PolicyOnly_external_nodegoat_r2,C3_PolicyOnly,external_nodegoat,external_open_source,2,failed,C:\Users\User\Downloads\Compressed\DevSecOps8Abdoul\SecFlowOps\data\raw\20260713T163323142776Z_C3_PolicyOnly_external_nodegoat_r2\metadata.json,local
20260713T163337155845Z_C4_AgentsOnly_external_nodegoat_r2,C4_AgentsOnly,external_nodegoat,external_open_source,2,success,C:\Users\User\Downloads\Compressed\DevSecOps8Abdoul\SecFlowOps\data\raw\20260713T163337155845Z_C4_AgentsOnly_external_nodegoat_r2\metadata.json,local
20260713T163403679051Z_C5_SecFlowOps_external_nodegoat_r2,C5_SecFlowOps,external_nodegoat,external_open_source,2,failed,C:\Users\User\Downloads\Compressed\DevSecOps8Abdoul\SecFlowOps\data\raw\20260713T163403679051Z_C5_SecFlowOps_external_nodegoat_r2\metadata.json,local
20260713T163429932785Z_C1_NonBlockingScanning_external_dvna_r2,C1_NonBlockingScanning,external_dvna,external_open_source,2,success,C:\Users\User\Downloads\Compressed\DevSecOps8Abdoul\SecFlowOps\data\raw\20260713T163429932785Z_C1_NonBlockingScanning_external_dvna_r2\metadata.json,local
20260713T163444572897Z_C2_AutoScanning_external_dvna_r2,C2_AutoScanning,external_dvna,external_open_source,2,success,C:\Users\User\Downloads\Compressed\DevSecOps8Abdoul\SecFlowOps\data\raw\20260713T163444572897Z_C2_AutoScanning_external_dvna_r2\metadata.json,local
20260713T163458381953Z_C3_PolicyOnly_external_dvna_r2,C3_PolicyOnly,external_dvna,external_open_source,2,success,C:\Users\User\Downloads\Compressed\DevSecOps8Abdoul\SecFlowOps\data\raw\20260713T163458381953Z_C3_PolicyOnly_external_dvna_r2\metadata.json,local
20260713T163512383905Z_C4_AgentsOnly_external_dvna_r2,C4_AgentsOnly,external_dvna,external_open_source,2,success,C:\Users\User\Downloads\Compressed\DevSecOps8Abdoul\SecFlowOps\data\raw\20260713T163512383905Z_C4_AgentsOnly_external_dvna_r2\metadata.json,local
20260713T163539099706Z_C5_SecFlowOps_external_dvna_r2,C5_SecFlowOps,external_dvna,external_open_source,2,success,C:\Users\User\Downloads\Compressed\DevSecOps8Abdoul\SecFlowOps\data\raw\20260713T163539099706Z_C5_SecFlowOps_external_dvna_r2\metadata.json,local
20260713T163606298336Z_C1_NonBlockingScanning_external_requests_r3,C1_NonBlockingScanning,external_requests,external_open_source,3,success,C:\Users\User\Downloads\Compressed\DevSecOps8Abdoul\SecFlowOps\data\raw\20260713T163606298336Z_C1_NonBlockingScanning_external_requests_r3\metadata.json,local
20260713T163620415289Z_C2_AutoScanning_external_requests_r3,C2_AutoScanning,external_requests,external_open_source,3,success,C:\Users\User\Downloads\Compressed\DevSecOps8Abdoul\SecFlowOps\data\raw\20260713T163620415289Z_C2_AutoScanning_external_requests_r3\metadata.json,local
20260713T163634745605Z_C3_PolicyOnly_external_requests_r3,C3_PolicyOnly,external_requests,external_open_source,3,success,C:\Users\User\Downloads\Compressed\DevSecOps8Abdoul\SecFlowOps\data\raw\20260713T163634745605Z_C3_PolicyOnly_external_requests_r3\metadata.json,local
20260713T163650734554Z_C4_AgentsOnly_external_requests_r3,C4_AgentsOnly,external_requests,external_open_source,3,success,C:\Users\User\Downloads\Compressed\DevSecOps8Abdoul\SecFlowOps\data\raw\20260713T163650734554Z_C4_AgentsOnly_external_requests_r3\metadata.json,local
20260713T163720138138Z_C5_SecFlowOps_external_requests_r3,C5_SecFlowOps,external_requests,external_open_source,3,success,C:\Users\User\Downloads\Compressed\DevSecOps8Abdoul\SecFlowOps\data\raw\20260713T163720138138Z_C5_SecFlowOps_external_requests_r3\metadata.json,local
20260713T163749130109Z_C1_NonBlockingScanning_external_flask_r3,C1_NonBlockingScanning,external_flask,external_open_source,3,success,C:\Users\User\Downloads\Compressed\DevSecOps8Abdoul\SecFlowOps\data\raw\20260713T163749130109Z_C1_NonBlockingScanning_external_flask_r3\metadata.json,local
20260713T163804480976Z_C2_AutoScanning_external_flask_r3,C2_AutoScanning,external_flask,external_open_source,3,success,C:\Users\User\Downloads\Compressed\DevSecOps8Abdoul\SecFlowOps\data\raw\20260713T163804480976Z_C2_AutoScanning_external_flask_r3\metadata.json,local
20260713T163819469309Z_C3_PolicyOnly_external_flask_r3,C3_PolicyOnly,external_flask,external_open_source,3,success,C:\Users\User\Downloads\Compressed\DevSecOps8Abdoul\SecFlowOps\data\raw\20260713T163819469309Z_C3_PolicyOnly_external_flask_r3\metadata.json,local
20260713T163835290710Z_C4_AgentsOnly_external_flask_r3,C4_AgentsOnly,external_flask,external_open_source,3,success,C:\Users\User\Downloads\Compressed\DevSecOps8Abdoul\SecFlowOps\data\raw\20260713T163835290710Z_C4_AgentsOnly_external_flask_r3\metadata.json,local
20260713T163905968956Z_C5_SecFlowOps_external_flask_r3,C5_SecFlowOps,external_flask,external_open_source,3,success,C:\Users\User\Downloads\Compressed\DevSecOps8Abdoul\SecFlowOps\data\raw\20260713T163905968956Z_C5_SecFlowOps_external_flask_r3\metadata.json,local
20260713T163937930422Z_C1_NonBlockingScanning_external_express_r3,C1_NonBlockingScanning,external_express,external_open_source,3,success,C:\Users\User\Downloads\Compressed\DevSecOps8Abdoul\SecFlowOps\data\raw\20260713T163937930422Z_C1_NonBlockingScanning_external_express_r3\metadata.json,local
20260713T163954357105Z_C2_AutoScanning_external_express_r3,C2_AutoScanning,external_express,external_open_source,3,success,C:\Users\User\Downloads\Compressed\DevSecOps8Abdoul\SecFlowOps\data\raw\20260713T163954357105Z_C2_AutoScanning_external_express_r3\metadata.json,local
20260713T164009946350Z_C3_PolicyOnly_external_express_r3,C3_PolicyOnly,external_express,external_open_source,3,success,C:\Users\User\Downloads\Compressed\DevSecOps8Abdoul\SecFlowOps\data\raw\20260713T164009946350Z_C3_PolicyOnly_external_express_r3\metadata.json,local
20260713T164025954447Z_C4_AgentsOnly_external_express_r3,C4_AgentsOnly,external_express,external_open_source,3,success,C:\Users\User\Downloads\Compressed\DevSecOps8Abdoul\SecFlowOps\data\raw\20260713T164025954447Z_C4_AgentsOnly_external_express_r3\metadata.json,local
20260713T164054902577Z_C5_SecFlowOps_external_express_r3,C5_SecFlowOps,external_express,external_open_source,3,success,C:\Users\User\Downloads\Compressed\DevSecOps8Abdoul\SecFlowOps\data\raw\20260713T164054902577Z_C5_SecFlowOps_external_express_r3\metadata.json,local
20260713T164123583419Z_C1_NonBlockingScanning_external_nodegoat_r3,C1_NonBlockingScanning,external_nodegoat,external_open_source,3,success,C:\Users\User\Downloads\Compressed\DevSecOps8Abdoul\SecFlowOps\data\raw\20260713T164123583419Z_C1_NonBlockingScanning_external_nodegoat_r3\metadata.json,local
20260713T164138422939Z_C2_AutoScanning_external_nodegoat_r3,C2_AutoScanning,external_nodegoat,external_open_source,3,success,C:\Users\User\Downloads\Compressed\DevSecOps8Abdoul\SecFlowOps\data\raw\20260713T164138422939Z_C2_AutoScanning_external_nodegoat_r3\metadata.json,local
20260713T164154405622Z_C3_PolicyOnly_external_nodegoat_r3,C3_PolicyOnly,external_nodegoat,external_open_source,3,failed,C:\Users\User\Downloads\Compressed\DevSecOps8Abdoul\SecFlowOps\data\raw\20260713T164154405622Z_C3_PolicyOnly_external_nodegoat_r3\metadata.json,local
20260713T164212979176Z_C4_AgentsOnly_external_nodegoat_r3,C4_AgentsOnly,external_nodegoat,external_open_source,3,success,C:\Users\User\Downloads\Compressed\DevSecOps8Abdoul\SecFlowOps\data\raw\20260713T164212979176Z_C4_AgentsOnly_external_nodegoat_r3\metadata.json,local
20260713T164245476072Z_C5_SecFlowOps_external_nodegoat_r3,C5_SecFlowOps,external_nodegoat,external_open_source,3,failed,C:\Users\User\Downloads\Compressed\DevSecOps8Abdoul\SecFlowOps\data\raw\20260713T164245476072Z_C5_SecFlowOps_external_nodegoat_r3\metadata.json,local
20260713T164318386250Z_C1_NonBlockingScanning_external_dvna_r3,C1_NonBlockingScanning,external_dvna,external_open_source,3,success,C:\Users\User\Downloads\Compressed\DevSecOps8Abdoul\SecFlowOps\data\raw\20260713T164318386250Z_C1_NonBlockingScanning_external_dvna_r3\metadata.json,local
20260713T164337331354Z_C2_AutoScanning_external_dvna_r3,C2_AutoScanning,external_dvna,external_open_source,3,success,C:\Users\User\Downloads\Compressed\DevSecOps8Abdoul\SecFlowOps\data\raw\20260713T164337331354Z_C2_AutoScanning_external_dvna_r3\metadata.json,local
20260713T164353723981Z_C3_PolicyOnly_external_dvna_r3,C3_PolicyOnly,external_dvna,external_open_source,3,success,C:\Users\User\Downloads\Compressed\DevSecOps8Abdoul\SecFlowOps\data\raw\20260713T164353723981Z_C3_PolicyOnly_external_dvna_r3\metadata.json,local
20260713T164415575683Z_C4_AgentsOnly_external_dvna_r3,C4_AgentsOnly,external_dvna,external_open_source,3,success,C:\Users\User\Downloads\Compressed\DevSecOps8Abdoul\SecFlowOps\data\raw\20260713T164415575683Z_C4_AgentsOnly_external_dvna_r3\metadata.json,local
20260713T164445903285Z_C5_SecFlowOps_external_dvna_r3,C5_SecFlowOps,external_dvna,external_open_source,3,success,C:\Users\User\Downloads\Compressed\DevSecOps8Abdoul\SecFlowOps\data\raw\20260713T164445903285Z_C5_SecFlowOps_external_dvna_r3\metadata.json,local
20260713T172602663121Z_C5_SecFlowOps_external_nodegoat_r1,C5_SecFlowOps,external_nodegoat,external_open_source,1,failed,C:\Users\User\Downloads\Compressed\DevSecOps8Abdoul\SecFlowOps\data\raw\20260713T172602663121Z_C5_SecFlowOps_external_nodegoat_r1\metadata.json,local
20260713T173124815628Z_C1_NonBlockingScanning_injected_requests_r1,C1_NonBlockingScanning,injected_requests,injected_external_real_base,1,success,C:\Users\User\Downloads\Compressed\DevSecOps8Abdoul\SecFlowOps\data\raw\20260713T173124815628Z_C1_NonBlockingScanning_injected_requests_r1\metadata.json,local
20260713T173144690633Z_C4_AgentsOnly_injected_requests_r1,C4_AgentsOnly,injected_requests,injected_external_real_base,1,success,C:\Users\User\Downloads\Compressed\DevSecOps8Abdoul\SecFlowOps\data\raw\20260713T173144690633Z_C4_AgentsOnly_injected_requests_r1\metadata.json,local
20260713T173218294105Z_C5_SecFlowOps_injected_requests_r1,C5_SecFlowOps,injected_requests,injected_external_real_base,1,success,C:\Users\User\Downloads\Compressed\DevSecOps8Abdoul\SecFlowOps\data\raw\20260713T173218294105Z_C5_SecFlowOps_injected_requests_r1\metadata.json,local
20260713T173304301011Z_C1_NonBlockingScanning_injected_flask_r1,C1_NonBlockingScanning,injected_flask,injected_external_real_base,1,success,C:\Users\User\Downloads\Compressed\DevSecOps8Abdoul\SecFlowOps\data\raw\20260713T173304301011Z_C1_NonBlockingScanning_injected_flask_r1\metadata.json,local
20260713T173325138063Z_C4_AgentsOnly_injected_flask_r1,C4_AgentsOnly,injected_flask,injected_external_real_base,1,success,C:\Users\User\Downloads\Compressed\DevSecOps8Abdoul\SecFlowOps\data\raw\20260713T173325138063Z_C4_AgentsOnly_injected_flask_r1\metadata.json,local
20260713T173402553164Z_C5_SecFlowOps_injected_flask_r1,C5_SecFlowOps,injected_flask,injected_external_real_base,1,success,C:\Users\User\Downloads\Compressed\DevSecOps8Abdoul\SecFlowOps\data\raw\20260713T173402553164Z_C5_SecFlowOps_injected_flask_r1\metadata.json,local
20260713T173440482242Z_C1_NonBlockingScanning_injected_express_r1,C1_NonBlockingScanning,injected_express,injected_external_real_base,1,success,C:\Users\User\Downloads\Compressed\DevSecOps8Abdoul\SecFlowOps\data\raw\20260713T173440482242Z_C1_NonBlockingScanning_injected_express_r1\metadata.json,local
20260713T173457716725Z_C4_AgentsOnly_injected_express_r1,C4_AgentsOnly,injected_express,injected_external_real_base,1,success,C:\Users\User\Downloads\Compressed\DevSecOps8Abdoul\SecFlowOps\data\raw\20260713T173457716725Z_C4_AgentsOnly_injected_express_r1\metadata.json,local
20260713T173532317539Z_C5_SecFlowOps_injected_express_r1,C5_SecFlowOps,injected_express,injected_external_real_base,1,success,C:\Users\User\Downloads\Compressed\DevSecOps8Abdoul\SecFlowOps\data\raw\20260713T173532317539Z_C5_SecFlowOps_injected_express_r1\metadata.json,local
20260713T173607325063Z_C1_NonBlockingScanning_injected_requests_r2,C1_NonBlockingScanning,injected_requests,injected_external_real_base,2,success,C:\Users\User\Downloads\Compressed\DevSecOps8Abdoul\SecFlowOps\data\raw\20260713T173607325063Z_C1_NonBlockingScanning_injected_requests_r2\metadata.json,local
20260713T173625993763Z_C4_AgentsOnly_injected_requests_r2,C4_AgentsOnly,injected_requests,injected_external_real_base,2,success,C:\Users\User\Downloads\Compressed\DevSecOps8Abdoul\SecFlowOps\data\raw\20260713T173625993763Z_C4_AgentsOnly_injected_requests_r2\metadata.json,local
20260713T173702304402Z_C5_SecFlowOps_injected_requests_r2,C5_SecFlowOps,injected_requests,injected_external_real_base,2,success,C:\Users\User\Downloads\Compressed\DevSecOps8Abdoul\SecFlowOps\data\raw\20260713T173702304402Z_C5_SecFlowOps_injected_requests_r2\metadata.json,local
20260713T173738723922Z_C1_NonBlockingScanning_injected_flask_r2,C1_NonBlockingScanning,injected_flask,injected_external_real_base,2,success,C:\Users\User\Downloads\Compressed\DevSecOps8Abdoul\SecFlowOps\data\raw\20260713T173738723922Z_C1_NonBlockingScanning_injected_flask_r2\metadata.json,local
20260713T173758387813Z_C4_AgentsOnly_injected_flask_r2,C4_AgentsOnly,injected_flask,injected_external_real_base,2,success,C:\Users\User\Downloads\Compressed\DevSecOps8Abdoul\SecFlowOps\data\raw\20260713T173758387813Z_C4_AgentsOnly_injected_flask_r2\metadata.json,local
20260713T173833849356Z_C5_SecFlowOps_injected_flask_r2,C5_SecFlowOps,injected_flask,injected_external_real_base,2,success,C:\Users\User\Downloads\Compressed\DevSecOps8Abdoul\SecFlowOps\data\raw\20260713T173833849356Z_C5_SecFlowOps_injected_flask_r2\metadata.json,local
20260713T173910023464Z_C1_NonBlockingScanning_injected_express_r2,C1_NonBlockingScanning,injected_express,injected_external_real_base,2,success,C:\Users\User\Downloads\Compressed\DevSecOps8Abdoul\SecFlowOps\data\raw\20260713T173910023464Z_C1_NonBlockingScanning_injected_express_r2\metadata.json,local
20260713T173928174773Z_C4_AgentsOnly_injected_express_r2,C4_AgentsOnly,injected_express,injected_external_real_base,2,success,C:\Users\User\Downloads\Compressed\DevSecOps8Abdoul\SecFlowOps\data\raw\20260713T173928174773Z_C4_AgentsOnly_injected_express_r2\metadata.json,local
20260713T174003918436Z_C5_SecFlowOps_injected_express_r2,C5_SecFlowOps,injected_express,injected_external_real_base,2,success,C:\Users\User\Downloads\Compressed\DevSecOps8Abdoul\SecFlowOps\data\raw\20260713T174003918436Z_C5_SecFlowOps_injected_express_r2\metadata.json,local
20260713T174038152062Z_C1_NonBlockingScanning_injected_requests_r3,C1_NonBlockingScanning,injected_requests,injected_external_real_base,3,success,C:\Users\User\Downloads\Compressed\DevSecOps8Abdoul\SecFlowOps\data\raw\20260713T174038152062Z_C1_NonBlockingScanning_injected_requests_r3\metadata.json,local
20260713T174056139806Z_C4_AgentsOnly_injected_requests_r3,C4_AgentsOnly,injected_requests,injected_external_real_base,3,success,C:\Users\User\Downloads\Compressed\DevSecOps8Abdoul\SecFlowOps\data\raw\20260713T174056139806Z_C4_AgentsOnly_injected_requests_r3\metadata.json,local
20260713T174129609158Z_C5_SecFlowOps_injected_requests_r3,C5_SecFlowOps,injected_requests,injected_external_real_base,3,success,C:\Users\User\Downloads\Compressed\DevSecOps8Abdoul\SecFlowOps\data\raw\20260713T174129609158Z_C5_SecFlowOps_injected_requests_r3\metadata.json,local
20260713T174202742539Z_C1_NonBlockingScanning_injected_flask_r3,C1_NonBlockingScanning,injected_flask,injected_external_real_base,3,success,C:\Users\User\Downloads\Compressed\DevSecOps8Abdoul\SecFlowOps\data\raw\20260713T174202742539Z_C1_NonBlockingScanning_injected_flask_r3\metadata.json,local
20260713T174220396780Z_C4_AgentsOnly_injected_flask_r3,C4_AgentsOnly,injected_flask,injected_external_real_base,3,success,C:\Users\User\Downloads\Compressed\DevSecOps8Abdoul\SecFlowOps\data\raw\20260713T174220396780Z_C4_AgentsOnly_injected_flask_r3\metadata.json,local
20260713T174255025299Z_C5_SecFlowOps_injected_flask_r3,C5_SecFlowOps,injected_flask,injected_external_real_base,3,success,C:\Users\User\Downloads\Compressed\DevSecOps8Abdoul\SecFlowOps\data\raw\20260713T174255025299Z_C5_SecFlowOps_injected_flask_r3\metadata.json,local
20260713T174341131295Z_C1_NonBlockingScanning_injected_express_r3,C1_NonBlockingScanning,injected_express,injected_external_real_base,3,success,C:\Users\User\Downloads\Compressed\DevSecOps8Abdoul\SecFlowOps\data\raw\20260713T174341131295Z_C1_NonBlockingScanning_injected_express_r3\metadata.json,local
20260713T174401485668Z_C4_AgentsOnly_injected_express_r3,C4_AgentsOnly,injected_express,injected_external_real_base,3,success,C:\Users\User\Downloads\Compressed\DevSecOps8Abdoul\SecFlowOps\data\raw\20260713T174401485668Z_C4_AgentsOnly_injected_express_r3\metadata.json,local
20260713T174438818084Z_C5_SecFlowOps_injected_express_r3,C5_SecFlowOps,injected_express,injected_external_real_base,3,success,C:\Users\User\Downloads\Compressed\DevSecOps8Abdoul\SecFlowOps\data\raw\20260713T174438818084Z_C5_SecFlowOps_injected_express_r3\metadata.json,local
20260713T174742117192Z_C1_NonBlockingScanning_injected_requests_r1,C1_NonBlockingScanning,injected_requests,injected_external_real_base,1,success,C:\Users\User\Downloads\Compressed\DevSecOps8Abdoul\SecFlowOps\data\raw\20260713T174742117192Z_C1_NonBlockingScanning_injected_requests_r1\metadata.json,local
20260713T174803516541Z_C4_AgentsOnly_injected_requests_r1,C4_AgentsOnly,injected_requests,injected_external_real_base,1,success,C:\Users\User\Downloads\Compressed\DevSecOps8Abdoul\SecFlowOps\data\raw\20260713T174803516541Z_C4_AgentsOnly_injected_requests_r1\metadata.json,local
20260713T174840287622Z_C5_SecFlowOps_injected_requests_r1,C5_SecFlowOps,injected_requests,injected_external_real_base,1,success,C:\Users\User\Downloads\Compressed\DevSecOps8Abdoul\SecFlowOps\data\raw\20260713T174840287622Z_C5_SecFlowOps_injected_requests_r1\metadata.json,local
20260713T174914593697Z_C1_NonBlockingScanning_injected_flask_r1,C1_NonBlockingScanning,injected_flask,injected_external_real_base,1,success,C:\Users\User\Downloads\Compressed\DevSecOps8Abdoul\SecFlowOps\data\raw\20260713T174914593697Z_C1_NonBlockingScanning_injected_flask_r1\metadata.json,local
20260713T174933104500Z_C4_AgentsOnly_injected_flask_r1,C4_AgentsOnly,injected_flask,injected_external_real_base,1,success,C:\Users\User\Downloads\Compressed\DevSecOps8Abdoul\SecFlowOps\data\raw\20260713T174933104500Z_C4_AgentsOnly_injected_flask_r1\metadata.json,local
20260713T175008883149Z_C5_SecFlowOps_injected_flask_r1,C5_SecFlowOps,injected_flask,injected_external_real_base,1,success,C:\Users\User\Downloads\Compressed\DevSecOps8Abdoul\SecFlowOps\data\raw\20260713T175008883149Z_C5_SecFlowOps_injected_flask_r1\metadata.json,local
20260713T175043704075Z_C1_NonBlockingScanning_injected_express_r1,C1_NonBlockingScanning,injected_express,injected_external_real_base,1,success,C:\Users\User\Downloads\Compressed\DevSecOps8Abdoul\SecFlowOps\data\raw\20260713T175043704075Z_C1_NonBlockingScanning_injected_express_r1\metadata.json,local
20260713T175101206846Z_C4_AgentsOnly_injected_express_r1,C4_AgentsOnly,injected_express,injected_external_real_base,1,success,C:\Users\User\Downloads\Compressed\DevSecOps8Abdoul\SecFlowOps\data\raw\20260713T175101206846Z_C4_AgentsOnly_injected_express_r1\metadata.json,local
20260713T175135692552Z_C5_SecFlowOps_injected_express_r1,C5_SecFlowOps,injected_express,injected_external_real_base,1,success,C:\Users\User\Downloads\Compressed\DevSecOps8Abdoul\SecFlowOps\data\raw\20260713T175135692552Z_C5_SecFlowOps_injected_express_r1\metadata.json,local
20260713T175211547870Z_C1_NonBlockingScanning_injected_requests_r2,C1_NonBlockingScanning,injected_requests,injected_external_real_base,2,success,C:\Users\User\Downloads\Compressed\DevSecOps8Abdoul\SecFlowOps\data\raw\20260713T175211547870Z_C1_NonBlockingScanning_injected_requests_r2\metadata.json,local
20260713T175229089281Z_C4_AgentsOnly_injected_requests_r2,C4_AgentsOnly,injected_requests,injected_external_real_base,2,success,C:\Users\User\Downloads\Compressed\DevSecOps8Abdoul\SecFlowOps\data\raw\20260713T175229089281Z_C4_AgentsOnly_injected_requests_r2\metadata.json,local
20260713T175306643865Z_C5_SecFlowOps_injected_requests_r2,C5_SecFlowOps,injected_requests,injected_external_real_base,2,success,C:\Users\User\Downloads\Compressed\DevSecOps8Abdoul\SecFlowOps\data\raw\20260713T175306643865Z_C5_SecFlowOps_injected_requests_r2\metadata.json,local
20260713T175342086757Z_C1_NonBlockingScanning_injected_flask_r2,C1_NonBlockingScanning,injected_flask,injected_external_real_base,2,success,C:\Users\User\Downloads\Compressed\DevSecOps8Abdoul\SecFlowOps\data\raw\20260713T175342086757Z_C1_NonBlockingScanning_injected_flask_r2\metadata.json,local
20260713T175400618309Z_C4_AgentsOnly_injected_flask_r2,C4_AgentsOnly,injected_flask,injected_external_real_base,2,success,C:\Users\User\Downloads\Compressed\DevSecOps8Abdoul\SecFlowOps\data\raw\20260713T175400618309Z_C4_AgentsOnly_injected_flask_r2\metadata.json,local
20260713T175435341981Z_C5_SecFlowOps_injected_flask_r2,C5_SecFlowOps,injected_flask,injected_external_real_base,2,success,C:\Users\User\Downloads\Compressed\DevSecOps8Abdoul\SecFlowOps\data\raw\20260713T175435341981Z_C5_SecFlowOps_injected_flask_r2\metadata.json,local
20260713T175512069274Z_C1_NonBlockingScanning_injected_express_r2,C1_NonBlockingScanning,injected_express,injected_external_real_base,2,success,C:\Users\User\Downloads\Compressed\DevSecOps8Abdoul\SecFlowOps\data\raw\20260713T175512069274Z_C1_NonBlockingScanning_injected_express_r2\metadata.json,local
20260713T175529748266Z_C4_AgentsOnly_injected_express_r2,C4_AgentsOnly,injected_express,injected_external_real_base,2,success,C:\Users\User\Downloads\Compressed\DevSecOps8Abdoul\SecFlowOps\data\raw\20260713T175529748266Z_C4_AgentsOnly_injected_express_r2\metadata.json,local
20260713T175605541555Z_C5_SecFlowOps_injected_express_r2,C5_SecFlowOps,injected_express,injected_external_real_base,2,success,C:\Users\User\Downloads\Compressed\DevSecOps8Abdoul\SecFlowOps\data\raw\20260713T175605541555Z_C5_SecFlowOps_injected_express_r2\metadata.json,local
20260713T175639761874Z_C1_NonBlockingScanning_injected_requests_r3,C1_NonBlockingScanning,injected_requests,injected_external_real_base,3,success,C:\Users\User\Downloads\Compressed\DevSecOps8Abdoul\SecFlowOps\data\raw\20260713T175639761874Z_C1_NonBlockingScanning_injected_requests_r3\metadata.json,local
20260713T175656839249Z_C4_AgentsOnly_injected_requests_r3,C4_AgentsOnly,injected_requests,injected_external_real_base,3,success,C:\Users\User\Downloads\Compressed\DevSecOps8Abdoul\SecFlowOps\data\raw\20260713T175656839249Z_C4_AgentsOnly_injected_requests_r3\metadata.json,local
20260713T175732145328Z_C5_SecFlowOps_injected_requests_r3,C5_SecFlowOps,injected_requests,injected_external_real_base,3,success,C:\Users\User\Downloads\Compressed\DevSecOps8Abdoul\SecFlowOps\data\raw\20260713T175732145328Z_C5_SecFlowOps_injected_requests_r3\metadata.json,local
20260713T175809131286Z_C1_NonBlockingScanning_injected_flask_r3,C1_NonBlockingScanning,injected_flask,injected_external_real_base,3,success,C:\Users\User\Downloads\Compressed\DevSecOps8Abdoul\SecFlowOps\data\raw\20260713T175809131286Z_C1_NonBlockingScanning_injected_flask_r3\metadata.json,local
20260713T175828237284Z_C4_AgentsOnly_injected_flask_r3,C4_AgentsOnly,injected_flask,injected_external_real_base,3,success,C:\Users\User\Downloads\Compressed\DevSecOps8Abdoul\SecFlowOps\data\raw\20260713T175828237284Z_C4_AgentsOnly_injected_flask_r3\metadata.json,local
20260713T175905739303Z_C5_SecFlowOps_injected_flask_r3,C5_SecFlowOps,injected_flask,injected_external_real_base,3,success,C:\Users\User\Downloads\Compressed\DevSecOps8Abdoul\SecFlowOps\data\raw\20260713T175905739303Z_C5_SecFlowOps_injected_flask_r3\metadata.json,local
20260713T175943476079Z_C1_NonBlockingScanning_injected_express_r3,C1_NonBlockingScanning,injected_express,injected_external_real_base,3,success,C:\Users\User\Downloads\Compressed\DevSecOps8Abdoul\SecFlowOps\data\raw\20260713T175943476079Z_C1_NonBlockingScanning_injected_express_r3\metadata.json,local
20260713T180002375112Z_C4_AgentsOnly_injected_express_r3,C4_AgentsOnly,injected_express,injected_external_real_base,3,success,C:\Users\User\Downloads\Compressed\DevSecOps8Abdoul\SecFlowOps\data\raw\20260713T180002375112Z_C4_AgentsOnly_injected_express_r3\metadata.json,local
20260713T180039560524Z_C5_SecFlowOps_injected_express_r3,C5_SecFlowOps,injected_express,injected_external_real_base,3,success,C:\Users\User\Downloads\Compressed\DevSecOps8Abdoul\SecFlowOps\data\raw\20260713T180039560524Z_C5_SecFlowOps_injected_express_r3\metadata.json,local
20260713T180249161659Z_C1_NonBlockingScanning_external_nodegoat_r1,C1_NonBlockingScanning,external_nodegoat,external_open_source_npm_remediation,1,success,C:\Users\User\Downloads\Compressed\DevSecOps8Abdoul\SecFlowOps\data\raw\20260713T180249161659Z_C1_NonBlockingScanning_external_nodegoat_r1\metadata.json,local
20260713T180308072748Z_C2_AutoScanning_external_nodegoat_r1,C2_AutoScanning,external_nodegoat,external_open_source_npm_remediation,1,success,C:\Users\User\Downloads\Compressed\DevSecOps8Abdoul\SecFlowOps\data\raw\20260713T180308072748Z_C2_AutoScanning_external_nodegoat_r1\metadata.json,local
20260713T180325873593Z_C3_PolicyOnly_external_nodegoat_r1,C3_PolicyOnly,external_nodegoat,external_open_source_npm_remediation,1,failed,C:\Users\User\Downloads\Compressed\DevSecOps8Abdoul\SecFlowOps\data\raw\20260713T180325873593Z_C3_PolicyOnly_external_nodegoat_r1\metadata.json,local
20260713T180344282489Z_C4_AgentsOnly_external_nodegoat_r1,C4_AgentsOnly,external_nodegoat,external_open_source_npm_remediation,1,success,C:\Users\User\Downloads\Compressed\DevSecOps8Abdoul\SecFlowOps\data\raw\20260713T180344282489Z_C4_AgentsOnly_external_nodegoat_r1\metadata.json,local
20260713T180516555468Z_C5_SecFlowOps_external_nodegoat_r1,C5_SecFlowOps,external_nodegoat,external_open_source_npm_remediation,1,failed,C:\Users\User\Downloads\Compressed\DevSecOps8Abdoul\SecFlowOps\data\raw\20260713T180516555468Z_C5_SecFlowOps_external_nodegoat_r1\metadata.json,local
20260713T180635540021Z_C1_NonBlockingScanning_external_nodegoat_r2,C1_NonBlockingScanning,external_nodegoat,external_open_source_npm_remediation,2,success,C:\Users\User\Downloads\Compressed\DevSecOps8Abdoul\SecFlowOps\data\raw\20260713T180635540021Z_C1_NonBlockingScanning_external_nodegoat_r2\metadata.json,local
20260713T180655173465Z_C2_AutoScanning_external_nodegoat_r2,C2_AutoScanning,external_nodegoat,external_open_source_npm_remediation,2,success,C:\Users\User\Downloads\Compressed\DevSecOps8Abdoul\SecFlowOps\data\raw\20260713T180655173465Z_C2_AutoScanning_external_nodegoat_r2\metadata.json,local
20260713T180715016236Z_C3_PolicyOnly_external_nodegoat_r2,C3_PolicyOnly,external_nodegoat,external_open_source_npm_remediation,2,failed,C:\Users\User\Downloads\Compressed\DevSecOps8Abdoul\SecFlowOps\data\raw\20260713T180715016236Z_C3_PolicyOnly_external_nodegoat_r2\metadata.json,local
20260713T180748267956Z_C4_AgentsOnly_external_nodegoat_r2,C4_AgentsOnly,external_nodegoat,external_open_source_npm_remediation,2,success,C:\Users\User\Downloads\Compressed\DevSecOps8Abdoul\SecFlowOps\data\raw\20260713T180748267956Z_C4_AgentsOnly_external_nodegoat_r2\metadata.json,local
20260713T180918466697Z_C5_SecFlowOps_external_nodegoat_r2,C5_SecFlowOps,external_nodegoat,external_open_source_npm_remediation,2,failed,C:\Users\User\Downloads\Compressed\DevSecOps8Abdoul\SecFlowOps\data\raw\20260713T180918466697Z_C5_SecFlowOps_external_nodegoat_r2\metadata.json,local
20260713T181041042350Z_C1_NonBlockingScanning_external_nodegoat_r3,C1_NonBlockingScanning,external_nodegoat,external_open_source_npm_remediation,3,success,C:\Users\User\Downloads\Compressed\DevSecOps8Abdoul\SecFlowOps\data\raw\20260713T181041042350Z_C1_NonBlockingScanning_external_nodegoat_r3\metadata.json,local
20260713T181102009433Z_C2_AutoScanning_external_nodegoat_r3,C2_AutoScanning,external_nodegoat,external_open_source_npm_remediation,3,success,C:\Users\User\Downloads\Compressed\DevSecOps8Abdoul\SecFlowOps\data\raw\20260713T181102009433Z_C2_AutoScanning_external_nodegoat_r3\metadata.json,local
20260713T181122815909Z_C3_PolicyOnly_external_nodegoat_r3,C3_PolicyOnly,external_nodegoat,external_open_source_npm_remediation,3,failed,C:\Users\User\Downloads\Compressed\DevSecOps8Abdoul\SecFlowOps\data\raw\20260713T181122815909Z_C3_PolicyOnly_external_nodegoat_r3\metadata.json,local
20260713T181144520253Z_C4_AgentsOnly_external_nodegoat_r3,C4_AgentsOnly,external_nodegoat,external_open_source_npm_remediation,3,success,C:\Users\User\Downloads\Compressed\DevSecOps8Abdoul\SecFlowOps\data\raw\20260713T181144520253Z_C4_AgentsOnly_external_nodegoat_r3\metadata.json,local
20260713T181329754893Z_C5_SecFlowOps_external_nodegoat_r3,C5_SecFlowOps,external_nodegoat,external_open_source_npm_remediation,3,failed,C:\Users\User\Downloads\Compressed\DevSecOps8Abdoul\SecFlowOps\data\raw\20260713T181329754893Z_C5_SecFlowOps_external_nodegoat_r3\metadata.json,local
20260713T190747487970Z_C0_BuildOnly_full_alpha_multi_layer_r1,C0_BuildOnly,full_alpha_multi_layer,multi_layer,1,success,C:\Users\User\Downloads\Compressed\DevSecOps8Abdoul\SecFlowOps\data\raw\20260713T190747487970Z_C0_BuildOnly_full_alpha_multi_layer_r1\metadata.json,local
20260713T190748026781Z_C1_NonBlockingScanning_full_alpha_multi_layer_r1,C1_NonBlockingScanning,full_alpha_multi_layer,multi_layer,1,success,C:\Users\User\Downloads\Compressed\DevSecOps8Abdoul\SecFlowOps\data\raw\20260713T190748026781Z_C1_NonBlockingScanning_full_alpha_multi_layer_r1\metadata.json,local
20260713T190817483215Z_C3_PolicyOnly_full_alpha_multi_layer_r1,C3_PolicyOnly,full_alpha_multi_layer,multi_layer,1,failed,C:\Users\User\Downloads\Compressed\DevSecOps8Abdoul\SecFlowOps\data\raw\20260713T190817483215Z_C3_PolicyOnly_full_alpha_multi_layer_r1\metadata.json,local
20260713T190842178447Z_C4_AgentsOnly_full_alpha_multi_layer_r1,C4_AgentsOnly,full_alpha_multi_layer,multi_layer,1,success,C:\Users\User\Downloads\Compressed\DevSecOps8Abdoul\SecFlowOps\data\raw\20260713T190842178447Z_C4_AgentsOnly_full_alpha_multi_layer_r1\metadata.json,local
20260713T190923656978Z_C5_SecFlowOps_full_alpha_multi_layer_r1,C5_SecFlowOps,full_alpha_multi_layer,multi_layer,1,success,C:\Users\User\Downloads\Compressed\DevSecOps8Abdoul\SecFlowOps\data\raw\20260713T190923656978Z_C5_SecFlowOps_full_alpha_multi_layer_r1\metadata.json,local
20260713T191055289131Z_C0_BuildOnly_full_alpha_clean_r1,C0_BuildOnly,full_alpha_clean,clean,1,success,C:\Users\User\Downloads\Compressed\DevSecOps8Abdoul\SecFlowOps\data\raw\20260713T191055289131Z_C0_BuildOnly_full_alpha_clean_r1\metadata.json,local
20260713T191055599089Z_C1_NonBlockingScanning_full_alpha_clean_r1,C1_NonBlockingScanning,full_alpha_clean,clean,1,success,C:\Users\User\Downloads\Compressed\DevSecOps8Abdoul\SecFlowOps\data\raw\20260713T191055599089Z_C1_NonBlockingScanning_full_alpha_clean_r1\metadata.json,local
20260713T191116955022Z_C2_AutoScanning_full_alpha_clean_r1,C2_AutoScanning,full_alpha_clean,clean,1,success,C:\Users\User\Downloads\Compressed\DevSecOps8Abdoul\SecFlowOps\data\raw\20260713T191116955022Z_C2_AutoScanning_full_alpha_clean_r1\metadata.json,local
20260713T191137795158Z_C3_PolicyOnly_full_alpha_clean_r1,C3_PolicyOnly,full_alpha_clean,clean,1,success,C:\Users\User\Downloads\Compressed\DevSecOps8Abdoul\SecFlowOps\data\raw\20260713T191137795158Z_C3_PolicyOnly_full_alpha_clean_r1\metadata.json,local
20260713T191158783886Z_C4_AgentsOnly_full_alpha_clean_r1,C4_AgentsOnly,full_alpha_clean,clean,1,success,C:\Users\User\Downloads\Compressed\DevSecOps8Abdoul\SecFlowOps\data\raw\20260713T191158783886Z_C4_AgentsOnly_full_alpha_clean_r1\metadata.json,local
20260713T191240938697Z_C5_SecFlowOps_full_alpha_clean_r1,C5_SecFlowOps,full_alpha_clean,clean,1,success,C:\Users\User\Downloads\Compressed\DevSecOps8Abdoul\SecFlowOps\data\raw\20260713T191240938697Z_C5_SecFlowOps_full_alpha_clean_r1\metadata.json,local
20260713T191322819997Z_C0_BuildOnly_full_alpha_vulnerable_dependency_r1,C0_BuildOnly,full_alpha_vulnerable_dependency,vulnerable_dependency,1,success,C:\Users\User\Downloads\Compressed\DevSecOps8Abdoul\SecFlowOps\data\raw\20260713T191322819997Z_C0_BuildOnly_full_alpha_vulnerable_dependency_r1\metadata.json,local
20260713T191323124177Z_C1_NonBlockingScanning_full_alpha_vulnerable_dependency_r1,C1_NonBlockingScanning,full_alpha_vulnerable_dependency,vulnerable_dependency,1,success,C:\Users\User\Downloads\Compressed\DevSecOps8Abdoul\SecFlowOps\data\raw\20260713T191323124177Z_C1_NonBlockingScanning_full_alpha_vulnerable_dependency_r1\metadata.json,local
20260713T191343879006Z_C2_AutoScanning_full_alpha_vulnerable_dependency_r1,C2_AutoScanning,full_alpha_vulnerable_dependency,vulnerable_dependency,1,success,C:\Users\User\Downloads\Compressed\DevSecOps8Abdoul\SecFlowOps\data\raw\20260713T191343879006Z_C2_AutoScanning_full_alpha_vulnerable_dependency_r1\metadata.json,local
20260713T191404480245Z_C3_PolicyOnly_full_alpha_vulnerable_dependency_r1,C3_PolicyOnly,full_alpha_vulnerable_dependency,vulnerable_dependency,1,failed,C:\Users\User\Downloads\Compressed\DevSecOps8Abdoul\SecFlowOps\data\raw\20260713T191404480245Z_C3_PolicyOnly_full_alpha_vulnerable_dependency_r1\metadata.json,local
20260713T191425364909Z_C4_AgentsOnly_full_alpha_vulnerable_dependency_r1,C4_AgentsOnly,full_alpha_vulnerable_dependency,vulnerable_dependency,1,success,C:\Users\User\Downloads\Compressed\DevSecOps8Abdoul\SecFlowOps\data\raw\20260713T191425364909Z_C4_AgentsOnly_full_alpha_vulnerable_dependency_r1\metadata.json,local
20260713T191507721044Z_C5_SecFlowOps_full_alpha_vulnerable_dependency_r1,C5_SecFlowOps,full_alpha_vulnerable_dependency,vulnerable_dependency,1,success,C:\Users\User\Downloads\Compressed\DevSecOps8Abdoul\SecFlowOps\data\raw\20260713T191507721044Z_C5_SecFlowOps_full_alpha_vulnerable_dependency_r1\metadata.json,local
20260713T191552802814Z_C0_BuildOnly_full_alpha_fake_secret_r1,C0_BuildOnly,full_alpha_fake_secret,fake_secret,1,success,C:\Users\User\Downloads\Compressed\DevSecOps8Abdoul\SecFlowOps\data\raw\20260713T191552802814Z_C0_BuildOnly_full_alpha_fake_secret_r1\metadata.json,local
20260713T191553098234Z_C1_NonBlockingScanning_full_alpha_fake_secret_r1,C1_NonBlockingScanning,full_alpha_fake_secret,fake_secret,1,success,C:\Users\User\Downloads\Compressed\DevSecOps8Abdoul\SecFlowOps\data\raw\20260713T191553098234Z_C1_NonBlockingScanning_full_alpha_fake_secret_r1\metadata.json,local
20260713T191615118967Z_C2_AutoScanning_full_alpha_fake_secret_r1,C2_AutoScanning,full_alpha_fake_secret,fake_secret,1,success,C:\Users\User\Downloads\Compressed\DevSecOps8Abdoul\SecFlowOps\data\raw\20260713T191615118967Z_C2_AutoScanning_full_alpha_fake_secret_r1\metadata.json,local
20260713T191635934782Z_C3_PolicyOnly_full_alpha_fake_secret_r1,C3_PolicyOnly,full_alpha_fake_secret,fake_secret,1,failed,C:\Users\User\Downloads\Compressed\DevSecOps8Abdoul\SecFlowOps\data\raw\20260713T191635934782Z_C3_PolicyOnly_full_alpha_fake_secret_r1\metadata.json,local
20260713T191656701739Z_C4_AgentsOnly_full_alpha_fake_secret_r1,C4_AgentsOnly,full_alpha_fake_secret,fake_secret,1,success,C:\Users\User\Downloads\Compressed\DevSecOps8Abdoul\SecFlowOps\data\raw\20260713T191656701739Z_C4_AgentsOnly_full_alpha_fake_secret_r1\metadata.json,local
20260713T191738275526Z_C5_SecFlowOps_full_alpha_fake_secret_r1,C5_SecFlowOps,full_alpha_fake_secret,fake_secret,1,success,C:\Users\User\Downloads\Compressed\DevSecOps8Abdoul\SecFlowOps\data\raw\20260713T191738275526Z_C5_SecFlowOps_full_alpha_fake_secret_r1\metadata.json,local
20260713T191820524079Z_C0_BuildOnly_full_alpha_sast_reflected_xss_r1,C0_BuildOnly,full_alpha_sast_reflected_xss,sast_reflected_xss,1,success,C:\Users\User\Downloads\Compressed\DevSecOps8Abdoul\SecFlowOps\data\raw\20260713T191820524079Z_C0_BuildOnly_full_alpha_sast_reflected_xss_r1\metadata.json,local
20260713T191820824252Z_C1_NonBlockingScanning_full_alpha_sast_reflected_xss_r1,C1_NonBlockingScanning,full_alpha_sast_reflected_xss,sast_reflected_xss,1,success,C:\Users\User\Downloads\Compressed\DevSecOps8Abdoul\SecFlowOps\data\raw\20260713T191820824252Z_C1_NonBlockingScanning_full_alpha_sast_reflected_xss_r1\metadata.json,local
20260713T191841896166Z_C2_AutoScanning_full_alpha_sast_reflected_xss_r1,C2_AutoScanning,full_alpha_sast_reflected_xss,sast_reflected_xss,1,success,C:\Users\User\Downloads\Compressed\DevSecOps8Abdoul\SecFlowOps\data\raw\20260713T191841896166Z_C2_AutoScanning_full_alpha_sast_reflected_xss_r1\metadata.json,local
20260713T191902673208Z_C3_PolicyOnly_full_alpha_sast_reflected_xss_r1,C3_PolicyOnly,full_alpha_sast_reflected_xss,sast_reflected_xss,1,success,C:\Users\User\Downloads\Compressed\DevSecOps8Abdoul\SecFlowOps\data\raw\20260713T191902673208Z_C3_PolicyOnly_full_alpha_sast_reflected_xss_r1\metadata.json,local
20260713T191923832616Z_C4_AgentsOnly_full_alpha_sast_reflected_xss_r1,C4_AgentsOnly,full_alpha_sast_reflected_xss,sast_reflected_xss,1,success,C:\Users\User\Downloads\Compressed\DevSecOps8Abdoul\SecFlowOps\data\raw\20260713T191923832616Z_C4_AgentsOnly_full_alpha_sast_reflected_xss_r1\metadata.json,local
20260713T192008403905Z_C5_SecFlowOps_full_alpha_sast_reflected_xss_r1,C5_SecFlowOps,full_alpha_sast_reflected_xss,sast_reflected_xss,1,success,C:\Users\User\Downloads\Compressed\DevSecOps8Abdoul\SecFlowOps\data\raw\20260713T192008403905Z_C5_SecFlowOps_full_alpha_sast_reflected_xss_r1\metadata.json,local
20260713T192049811545Z_C0_BuildOnly_full_alpha_sast_sql_injection_r1,C0_BuildOnly,full_alpha_sast_sql_injection,sast_sql_injection,1,success,C:\Users\User\Downloads\Compressed\DevSecOps8Abdoul\SecFlowOps\data\raw\20260713T192049811545Z_C0_BuildOnly_full_alpha_sast_sql_injection_r1\metadata.json,local
20260713T192050139631Z_C1_NonBlockingScanning_full_alpha_sast_sql_injection_r1,C1_NonBlockingScanning,full_alpha_sast_sql_injection,sast_sql_injection,1,success,C:\Users\User\Downloads\Compressed\DevSecOps8Abdoul\SecFlowOps\data\raw\20260713T192050139631Z_C1_NonBlockingScanning_full_alpha_sast_sql_injection_r1\metadata.json,local
20260713T192111409226Z_C2_AutoScanning_full_alpha_sast_sql_injection_r1,C2_AutoScanning,full_alpha_sast_sql_injection,sast_sql_injection,1,success,C:\Users\User\Downloads\Compressed\DevSecOps8Abdoul\SecFlowOps\data\raw\20260713T192111409226Z_C2_AutoScanning_full_alpha_sast_sql_injection_r1\metadata.json,local
20260713T192132935134Z_C3_PolicyOnly_full_alpha_sast_sql_injection_r1,C3_PolicyOnly,full_alpha_sast_sql_injection,sast_sql_injection,1,success,C:\Users\User\Downloads\Compressed\DevSecOps8Abdoul\SecFlowOps\data\raw\20260713T192132935134Z_C3_PolicyOnly_full_alpha_sast_sql_injection_r1\metadata.json,local
20260713T192154047706Z_C4_AgentsOnly_full_alpha_sast_sql_injection_r1,C4_AgentsOnly,full_alpha_sast_sql_injection,sast_sql_injection,1,success,C:\Users\User\Downloads\Compressed\DevSecOps8Abdoul\SecFlowOps\data\raw\20260713T192154047706Z_C4_AgentsOnly_full_alpha_sast_sql_injection_r1\metadata.json,local
20260713T192235647250Z_C5_SecFlowOps_full_alpha_sast_sql_injection_r1,C5_SecFlowOps,full_alpha_sast_sql_injection,sast_sql_injection,1,success,C:\Users\User\Downloads\Compressed\DevSecOps8Abdoul\SecFlowOps\data\raw\20260713T192235647250Z_C5_SecFlowOps_full_alpha_sast_sql_injection_r1\metadata.json,local
20260713T192317345315Z_C0_BuildOnly_full_alpha_docker_misconfiguration_r1,C0_BuildOnly,full_alpha_docker_misconfiguration,docker_misconfiguration,1,success,C:\Users\User\Downloads\Compressed\DevSecOps8Abdoul\SecFlowOps\data\raw\20260713T192317345315Z_C0_BuildOnly_full_alpha_docker_misconfiguration_r1\metadata.json,local
20260713T192317640639Z_C1_NonBlockingScanning_full_alpha_docker_misconfiguration_r1,C1_NonBlockingScanning,full_alpha_docker_misconfiguration,docker_misconfiguration,1,success,C:\Users\User\Downloads\Compressed\DevSecOps8Abdoul\SecFlowOps\data\raw\20260713T192317640639Z_C1_NonBlockingScanning_full_alpha_docker_misconfiguration_r1\metadata.json,local
20260713T192338606063Z_C2_AutoScanning_full_alpha_docker_misconfiguration_r1,C2_AutoScanning,full_alpha_docker_misconfiguration,docker_misconfiguration,1,success,C:\Users\User\Downloads\Compressed\DevSecOps8Abdoul\SecFlowOps\data\raw\20260713T192338606063Z_C2_AutoScanning_full_alpha_docker_misconfiguration_r1\metadata.json,local
20260713T192358977091Z_C3_PolicyOnly_full_alpha_docker_misconfiguration_r1,C3_PolicyOnly,full_alpha_docker_misconfiguration,docker_misconfiguration,1,success,C:\Users\User\Downloads\Compressed\DevSecOps8Abdoul\SecFlowOps\data\raw\20260713T192358977091Z_C3_PolicyOnly_full_alpha_docker_misconfiguration_r1\metadata.json,local
20260713T192420788675Z_C4_AgentsOnly_full_alpha_docker_misconfiguration_r1,C4_AgentsOnly,full_alpha_docker_misconfiguration,docker_misconfiguration,1,success,C:\Users\User\Downloads\Compressed\DevSecOps8Abdoul\SecFlowOps\data\raw\20260713T192420788675Z_C4_AgentsOnly_full_alpha_docker_misconfiguration_r1\metadata.json,local
20260713T192502249758Z_C5_SecFlowOps_full_alpha_docker_misconfiguration_r1,C5_SecFlowOps,full_alpha_docker_misconfiguration,docker_misconfiguration,1,success,C:\Users\User\Downloads\Compressed\DevSecOps8Abdoul\SecFlowOps\data\raw\20260713T192502249758Z_C5_SecFlowOps_full_alpha_docker_misconfiguration_r1\metadata.json,local
20260713T192543874897Z_C0_BuildOnly_full_alpha_k8s_misconfiguration_r1,C0_BuildOnly,full_alpha_k8s_misconfiguration,k8s_misconfiguration,1,success,C:\Users\User\Downloads\Compressed\DevSecOps8Abdoul\SecFlowOps\data\raw\20260713T192543874897Z_C0_BuildOnly_full_alpha_k8s_misconfiguration_r1\metadata.json,local
20260713T192544169186Z_C1_NonBlockingScanning_full_alpha_k8s_misconfiguration_r1,C1_NonBlockingScanning,full_alpha_k8s_misconfiguration,k8s_misconfiguration,1,success,C:\Users\User\Downloads\Compressed\DevSecOps8Abdoul\SecFlowOps\data\raw\20260713T192544169186Z_C1_NonBlockingScanning_full_alpha_k8s_misconfiguration_r1\metadata.json,local
20260713T192605012147Z_C2_AutoScanning_full_alpha_k8s_misconfiguration_r1,C2_AutoScanning,full_alpha_k8s_misconfiguration,k8s_misconfiguration,1,success,C:\Users\User\Downloads\Compressed\DevSecOps8Abdoul\SecFlowOps\data\raw\20260713T192605012147Z_C2_AutoScanning_full_alpha_k8s_misconfiguration_r1\metadata.json,local
20260713T192625809257Z_C3_PolicyOnly_full_alpha_k8s_misconfiguration_r1,C3_PolicyOnly,full_alpha_k8s_misconfiguration,k8s_misconfiguration,1,success,C:\Users\User\Downloads\Compressed\DevSecOps8Abdoul\SecFlowOps\data\raw\20260713T192625809257Z_C3_PolicyOnly_full_alpha_k8s_misconfiguration_r1\metadata.json,local
20260713T192647072554Z_C4_AgentsOnly_full_alpha_k8s_misconfiguration_r1,C4_AgentsOnly,full_alpha_k8s_misconfiguration,k8s_misconfiguration,1,success,C:\Users\User\Downloads\Compressed\DevSecOps8Abdoul\SecFlowOps\data\raw\20260713T192647072554Z_C4_AgentsOnly_full_alpha_k8s_misconfiguration_r1\metadata.json,local
20260713T192730913005Z_C5_SecFlowOps_full_alpha_k8s_misconfiguration_r1,C5_SecFlowOps,full_alpha_k8s_misconfiguration,k8s_misconfiguration,1,success,C:\Users\User\Downloads\Compressed\DevSecOps8Abdoul\SecFlowOps\data\raw\20260713T192730913005Z_C5_SecFlowOps_full_alpha_k8s_misconfiguration_r1\metadata.json,local
20260713T192810436158Z_C0_BuildOnly_full_alpha_multi_layer_r1,C0_BuildOnly,full_alpha_multi_layer,multi_layer,1,success,C:\Users\User\Downloads\Compressed\DevSecOps8Abdoul\SecFlowOps\data\raw\20260713T192810436158Z_C0_BuildOnly_full_alpha_multi_layer_r1\metadata.json,local
20260713T192810875978Z_C1_NonBlockingScanning_full_alpha_multi_layer_r1,C1_NonBlockingScanning,full_alpha_multi_layer,multi_layer,1,success,C:\Users\User\Downloads\Compressed\DevSecOps8Abdoul\SecFlowOps\data\raw\20260713T192810875978Z_C1_NonBlockingScanning_full_alpha_multi_layer_r1\metadata.json,local
20260713T192830415905Z_C2_AutoScanning_full_alpha_multi_layer_r1,C2_AutoScanning,full_alpha_multi_layer,multi_layer,1,success,C:\Users\User\Downloads\Compressed\DevSecOps8Abdoul\SecFlowOps\data\raw\20260713T192830415905Z_C2_AutoScanning_full_alpha_multi_layer_r1\metadata.json,local
20260713T192851258081Z_C3_PolicyOnly_full_alpha_multi_layer_r1,C3_PolicyOnly,full_alpha_multi_layer,multi_layer,1,failed,C:\Users\User\Downloads\Compressed\DevSecOps8Abdoul\SecFlowOps\data\raw\20260713T192851258081Z_C3_PolicyOnly_full_alpha_multi_layer_r1\metadata.json,local
20260713T192915051937Z_C4_AgentsOnly_full_alpha_multi_layer_r1,C4_AgentsOnly,full_alpha_multi_layer,multi_layer,1,success,C:\Users\User\Downloads\Compressed\DevSecOps8Abdoul\SecFlowOps\data\raw\20260713T192915051937Z_C4_AgentsOnly_full_alpha_multi_layer_r1\metadata.json,local
20260713T192956415314Z_C5_SecFlowOps_full_alpha_multi_layer_r1,C5_SecFlowOps,full_alpha_multi_layer,multi_layer,1,success,C:\Users\User\Downloads\Compressed\DevSecOps8Abdoul\SecFlowOps\data\raw\20260713T192956415314Z_C5_SecFlowOps_full_alpha_multi_layer_r1\metadata.json,local
20260713T193037727148Z_C0_BuildOnly_full_beta_clean_r1,C0_BuildOnly,full_beta_clean,clean,1,success,C:\Users\User\Downloads\Compressed\DevSecOps8Abdoul\SecFlowOps\data\raw\20260713T193037727148Z_C0_BuildOnly_full_beta_clean_r1\metadata.json,local
20260713T193037990185Z_C1_NonBlockingScanning_full_beta_clean_r1,C1_NonBlockingScanning,full_beta_clean,clean,1,success,C:\Users\User\Downloads\Compressed\DevSecOps8Abdoul\SecFlowOps\data\raw\20260713T193037990185Z_C1_NonBlockingScanning_full_beta_clean_r1\metadata.json,local
20260713T193057897124Z_C2_AutoScanning_full_beta_clean_r1,C2_AutoScanning,full_beta_clean,clean,1,success,C:\Users\User\Downloads\Compressed\DevSecOps8Abdoul\SecFlowOps\data\raw\20260713T193057897124Z_C2_AutoScanning_full_beta_clean_r1\metadata.json,local
20260713T193119577994Z_C3_PolicyOnly_full_beta_clean_r1,C3_PolicyOnly,full_beta_clean,clean,1,success,C:\Users\User\Downloads\Compressed\DevSecOps8Abdoul\SecFlowOps\data\raw\20260713T193119577994Z_C3_PolicyOnly_full_beta_clean_r1\metadata.json,local
20260713T193140072848Z_C4_AgentsOnly_full_beta_clean_r1,C4_AgentsOnly,full_beta_clean,clean,1,success,C:\Users\User\Downloads\Compressed\DevSecOps8Abdoul\SecFlowOps\data\raw\20260713T193140072848Z_C4_AgentsOnly_full_beta_clean_r1\metadata.json,local
20260713T193221316743Z_C5_SecFlowOps_full_beta_clean_r1,C5_SecFlowOps,full_beta_clean,clean,1,success,C:\Users\User\Downloads\Compressed\DevSecOps8Abdoul\SecFlowOps\data\raw\20260713T193221316743Z_C5_SecFlowOps_full_beta_clean_r1\metadata.json,local
20260713T193302312842Z_C0_BuildOnly_full_beta_vulnerable_dependency_r1,C0_BuildOnly,full_beta_vulnerable_dependency,vulnerable_dependency,1,success,C:\Users\User\Downloads\Compressed\DevSecOps8Abdoul\SecFlowOps\data\raw\20260713T193302312842Z_C0_BuildOnly_full_beta_vulnerable_dependency_r1\metadata.json,local
20260713T193302654843Z_C1_NonBlockingScanning_full_beta_vulnerable_dependency_r1,C1_NonBlockingScanning,full_beta_vulnerable_dependency,vulnerable_dependency,1,success,C:\Users\User\Downloads\Compressed\DevSecOps8Abdoul\SecFlowOps\data\raw\20260713T193302654843Z_C1_NonBlockingScanning_full_beta_vulnerable_dependency_r1\metadata.json,local
20260713T193322741810Z_C2_AutoScanning_full_beta_vulnerable_dependency_r1,C2_AutoScanning,full_beta_vulnerable_dependency,vulnerable_dependency,1,success,C:\Users\User\Downloads\Compressed\DevSecOps8Abdoul\SecFlowOps\data\raw\20260713T193322741810Z_C2_AutoScanning_full_beta_vulnerable_dependency_r1\metadata.json,local
20260713T193343634512Z_C3_PolicyOnly_full_beta_vulnerable_dependency_r1,C3_PolicyOnly,full_beta_vulnerable_dependency,vulnerable_dependency,1,failed,C:\Users\User\Downloads\Compressed\DevSecOps8Abdoul\SecFlowOps\data\raw\20260713T193343634512Z_C3_PolicyOnly_full_beta_vulnerable_dependency_r1\metadata.json,local
20260713T193404433468Z_C4_AgentsOnly_full_beta_vulnerable_dependency_r1,C4_AgentsOnly,full_beta_vulnerable_dependency,vulnerable_dependency,1,success,C:\Users\User\Downloads\Compressed\DevSecOps8Abdoul\SecFlowOps\data\raw\20260713T193404433468Z_C4_AgentsOnly_full_beta_vulnerable_dependency_r1\metadata.json,local
20260713T193444368842Z_C5_SecFlowOps_full_beta_vulnerable_dependency_r1,C5_SecFlowOps,full_beta_vulnerable_dependency,vulnerable_dependency,1,success,C:\Users\User\Downloads\Compressed\DevSecOps8Abdoul\SecFlowOps\data\raw\20260713T193444368842Z_C5_SecFlowOps_full_beta_vulnerable_dependency_r1\metadata.json,local
20260713T193523964360Z_C0_BuildOnly_full_beta_fake_secret_r1,C0_BuildOnly,full_beta_fake_secret,fake_secret,1,success,C:\Users\User\Downloads\Compressed\DevSecOps8Abdoul\SecFlowOps\data\raw\20260713T193523964360Z_C0_BuildOnly_full_beta_fake_secret_r1\metadata.json,local
20260713T193524226883Z_C1_NonBlockingScanning_full_beta_fake_secret_r1,C1_NonBlockingScanning,full_beta_fake_secret,fake_secret,1,success,C:\Users\User\Downloads\Compressed\DevSecOps8Abdoul\SecFlowOps\data\raw\20260713T193524226883Z_C1_NonBlockingScanning_full_beta_fake_secret_r1\metadata.json,local
20260713T193544008251Z_C2_AutoScanning_full_beta_fake_secret_r1,C2_AutoScanning,full_beta_fake_secret,fake_secret,1,success,C:\Users\User\Downloads\Compressed\DevSecOps8Abdoul\SecFlowOps\data\raw\20260713T193544008251Z_C2_AutoScanning_full_beta_fake_secret_r1\metadata.json,local
20260713T193604291631Z_C3_PolicyOnly_full_beta_fake_secret_r1,C3_PolicyOnly,full_beta_fake_secret,fake_secret,1,failed,C:\Users\User\Downloads\Compressed\DevSecOps8Abdoul\SecFlowOps\data\raw\20260713T193604291631Z_C3_PolicyOnly_full_beta_fake_secret_r1\metadata.json,local
20260713T193625188053Z_C4_AgentsOnly_full_beta_fake_secret_r1,C4_AgentsOnly,full_beta_fake_secret,fake_secret,1,success,C:\Users\User\Downloads\Compressed\DevSecOps8Abdoul\SecFlowOps\data\raw\20260713T193625188053Z_C4_AgentsOnly_full_beta_fake_secret_r1\metadata.json,local
20260713T193705105826Z_C5_SecFlowOps_full_beta_fake_secret_r1,C5_SecFlowOps,full_beta_fake_secret,fake_secret,1,success,C:\Users\User\Downloads\Compressed\DevSecOps8Abdoul\SecFlowOps\data\raw\20260713T193705105826Z_C5_SecFlowOps_full_beta_fake_secret_r1\metadata.json,local
20260713T193745458911Z_C0_BuildOnly_full_beta_sast_reflected_xss_r1,C0_BuildOnly,full_beta_sast_reflected_xss,sast_reflected_xss,1,success,C:\Users\User\Downloads\Compressed\DevSecOps8Abdoul\SecFlowOps\data\raw\20260713T193745458911Z_C0_BuildOnly_full_beta_sast_reflected_xss_r1\metadata.json,local
20260713T193745731130Z_C1_NonBlockingScanning_full_beta_sast_reflected_xss_r1,C1_NonBlockingScanning,full_beta_sast_reflected_xss,sast_reflected_xss,1,success,C:\Users\User\Downloads\Compressed\DevSecOps8Abdoul\SecFlowOps\data\raw\20260713T193745731130Z_C1_NonBlockingScanning_full_beta_sast_reflected_xss_r1\metadata.json,local
20260713T193805908736Z_C2_AutoScanning_full_beta_sast_reflected_xss_r1,C2_AutoScanning,full_beta_sast_reflected_xss,sast_reflected_xss,1,success,C:\Users\User\Downloads\Compressed\DevSecOps8Abdoul\SecFlowOps\data\raw\20260713T193805908736Z_C2_AutoScanning_full_beta_sast_reflected_xss_r1\metadata.json,local
20260713T193826157147Z_C3_PolicyOnly_full_beta_sast_reflected_xss_r1,C3_PolicyOnly,full_beta_sast_reflected_xss,sast_reflected_xss,1,success,C:\Users\User\Downloads\Compressed\DevSecOps8Abdoul\SecFlowOps\data\raw\20260713T193826157147Z_C3_PolicyOnly_full_beta_sast_reflected_xss_r1\metadata.json,local
20260713T193846375654Z_C4_AgentsOnly_full_beta_sast_reflected_xss_r1,C4_AgentsOnly,full_beta_sast_reflected_xss,sast_reflected_xss,1,success,C:\Users\User\Downloads\Compressed\DevSecOps8Abdoul\SecFlowOps\data\raw\20260713T193846375654Z_C4_AgentsOnly_full_beta_sast_reflected_xss_r1\metadata.json,local
20260713T193926745960Z_C5_SecFlowOps_full_beta_sast_reflected_xss_r1,C5_SecFlowOps,full_beta_sast_reflected_xss,sast_reflected_xss,1,success,C:\Users\User\Downloads\Compressed\DevSecOps8Abdoul\SecFlowOps\data\raw\20260713T193926745960Z_C5_SecFlowOps_full_beta_sast_reflected_xss_r1\metadata.json,local
20260713T194007481766Z_C0_BuildOnly_full_beta_sast_sql_injection_r1,C0_BuildOnly,full_beta_sast_sql_injection,sast_sql_injection,1,success,C:\Users\User\Downloads\Compressed\DevSecOps8Abdoul\SecFlowOps\data\raw\20260713T194007481766Z_C0_BuildOnly_full_beta_sast_sql_injection_r1\metadata.json,local
20260713T194007753919Z_C1_NonBlockingScanning_full_beta_sast_sql_injection_r1,C1_NonBlockingScanning,full_beta_sast_sql_injection,sast_sql_injection,1,success,C:\Users\User\Downloads\Compressed\DevSecOps8Abdoul\SecFlowOps\data\raw\20260713T194007753919Z_C1_NonBlockingScanning_full_beta_sast_sql_injection_r1\metadata.json,local
20260713T194028832675Z_C2_AutoScanning_full_beta_sast_sql_injection_r1,C2_AutoScanning,full_beta_sast_sql_injection,sast_sql_injection,1,success,C:\Users\User\Downloads\Compressed\DevSecOps8Abdoul\SecFlowOps\data\raw\20260713T194028832675Z_C2_AutoScanning_full_beta_sast_sql_injection_r1\metadata.json,local
20260713T194048842941Z_C3_PolicyOnly_full_beta_sast_sql_injection_r1,C3_PolicyOnly,full_beta_sast_sql_injection,sast_sql_injection,1,success,C:\Users\User\Downloads\Compressed\DevSecOps8Abdoul\SecFlowOps\data\raw\20260713T194048842941Z_C3_PolicyOnly_full_beta_sast_sql_injection_r1\metadata.json,local
20260713T194109119817Z_C4_AgentsOnly_full_beta_sast_sql_injection_r1,C4_AgentsOnly,full_beta_sast_sql_injection,sast_sql_injection,1,success,C:\Users\User\Downloads\Compressed\DevSecOps8Abdoul\SecFlowOps\data\raw\20260713T194109119817Z_C4_AgentsOnly_full_beta_sast_sql_injection_r1\metadata.json,local
20260713T194148515591Z_C5_SecFlowOps_full_beta_sast_sql_injection_r1,C5_SecFlowOps,full_beta_sast_sql_injection,sast_sql_injection,1,success,C:\Users\User\Downloads\Compressed\DevSecOps8Abdoul\SecFlowOps\data\raw\20260713T194148515591Z_C5_SecFlowOps_full_beta_sast_sql_injection_r1\metadata.json,local
20260713T194229560629Z_C0_BuildOnly_full_beta_docker_misconfiguration_r1,C0_BuildOnly,full_beta_docker_misconfiguration,docker_misconfiguration,1,success,C:\Users\User\Downloads\Compressed\DevSecOps8Abdoul\SecFlowOps\data\raw\20260713T194229560629Z_C0_BuildOnly_full_beta_docker_misconfiguration_r1\metadata.json,local
20260713T194229815735Z_C1_NonBlockingScanning_full_beta_docker_misconfiguration_r1,C1_NonBlockingScanning,full_beta_docker_misconfiguration,docker_misconfiguration,1,success,C:\Users\User\Downloads\Compressed\DevSecOps8Abdoul\SecFlowOps\data\raw\20260713T194229815735Z_C1_NonBlockingScanning_full_beta_docker_misconfiguration_r1\metadata.json,local
20260713T194249886020Z_C2_AutoScanning_full_beta_docker_misconfiguration_r1,C2_AutoScanning,full_beta_docker_misconfiguration,docker_misconfiguration,1,success,C:\Users\User\Downloads\Compressed\DevSecOps8Abdoul\SecFlowOps\data\raw\20260713T194249886020Z_C2_AutoScanning_full_beta_docker_misconfiguration_r1\metadata.json,local
20260713T194310037153Z_C3_PolicyOnly_full_beta_docker_misconfiguration_r1,C3_PolicyOnly,full_beta_docker_misconfiguration,docker_misconfiguration,1,success,C:\Users\User\Downloads\Compressed\DevSecOps8Abdoul\SecFlowOps\data\raw\20260713T194310037153Z_C3_PolicyOnly_full_beta_docker_misconfiguration_r1\metadata.json,local
20260713T194330537285Z_C4_AgentsOnly_full_beta_docker_misconfiguration_r1,C4_AgentsOnly,full_beta_docker_misconfiguration,docker_misconfiguration,1,success,C:\Users\User\Downloads\Compressed\DevSecOps8Abdoul\SecFlowOps\data\raw\20260713T194330537285Z_C4_AgentsOnly_full_beta_docker_misconfiguration_r1\metadata.json,local
20260713T194411435527Z_C5_SecFlowOps_full_beta_docker_misconfiguration_r1,C5_SecFlowOps,full_beta_docker_misconfiguration,docker_misconfiguration,1,success,C:\Users\User\Downloads\Compressed\DevSecOps8Abdoul\SecFlowOps\data\raw\20260713T194411435527Z_C5_SecFlowOps_full_beta_docker_misconfiguration_r1\metadata.json,local
20260713T194456979568Z_C0_BuildOnly_full_beta_k8s_misconfiguration_r1,C0_BuildOnly,full_beta_k8s_misconfiguration,k8s_misconfiguration,1,success,C:\Users\User\Downloads\Compressed\DevSecOps8Abdoul\SecFlowOps\data\raw\20260713T194456979568Z_C0_BuildOnly_full_beta_k8s_misconfiguration_r1\metadata.json,local
20260713T194457250074Z_C1_NonBlockingScanning_full_beta_k8s_misconfiguration_r1,C1_NonBlockingScanning,full_beta_k8s_misconfiguration,k8s_misconfiguration,1,success,C:\Users\User\Downloads\Compressed\DevSecOps8Abdoul\SecFlowOps\data\raw\20260713T194457250074Z_C1_NonBlockingScanning_full_beta_k8s_misconfiguration_r1\metadata.json,local
20260713T194516858178Z_C2_AutoScanning_full_beta_k8s_misconfiguration_r1,C2_AutoScanning,full_beta_k8s_misconfiguration,k8s_misconfiguration,1,success,C:\Users\User\Downloads\Compressed\DevSecOps8Abdoul\SecFlowOps\data\raw\20260713T194516858178Z_C2_AutoScanning_full_beta_k8s_misconfiguration_r1\metadata.json,local
20260713T194536907635Z_C3_PolicyOnly_full_beta_k8s_misconfiguration_r1,C3_PolicyOnly,full_beta_k8s_misconfiguration,k8s_misconfiguration,1,success,C:\Users\User\Downloads\Compressed\DevSecOps8Abdoul\SecFlowOps\data\raw\20260713T194536907635Z_C3_PolicyOnly_full_beta_k8s_misconfiguration_r1\metadata.json,local
20260713T194556578757Z_C4_AgentsOnly_full_beta_k8s_misconfiguration_r1,C4_AgentsOnly,full_beta_k8s_misconfiguration,k8s_misconfiguration,1,success,C:\Users\User\Downloads\Compressed\DevSecOps8Abdoul\SecFlowOps\data\raw\20260713T194556578757Z_C4_AgentsOnly_full_beta_k8s_misconfiguration_r1\metadata.json,local
20260713T194636332186Z_C5_SecFlowOps_full_beta_k8s_misconfiguration_r1,C5_SecFlowOps,full_beta_k8s_misconfiguration,k8s_misconfiguration,1,success,C:\Users\User\Downloads\Compressed\DevSecOps8Abdoul\SecFlowOps\data\raw\20260713T194636332186Z_C5_SecFlowOps_full_beta_k8s_misconfiguration_r1\metadata.json,local
20260713T194715396152Z_C0_BuildOnly_full_beta_multi_layer_r1,C0_BuildOnly,full_beta_multi_layer,multi_layer,1,success,C:\Users\User\Downloads\Compressed\DevSecOps8Abdoul\SecFlowOps\data\raw\20260713T194715396152Z_C0_BuildOnly_full_beta_multi_layer_r1\metadata.json,local
20260713T194715661945Z_C1_NonBlockingScanning_full_beta_multi_layer_r1,C1_NonBlockingScanning,full_beta_multi_layer,multi_layer,1,success,C:\Users\User\Downloads\Compressed\DevSecOps8Abdoul\SecFlowOps\data\raw\20260713T194715661945Z_C1_NonBlockingScanning_full_beta_multi_layer_r1\metadata.json,local
20260713T194735073086Z_C2_AutoScanning_full_beta_multi_layer_r1,C2_AutoScanning,full_beta_multi_layer,multi_layer,1,success,C:\Users\User\Downloads\Compressed\DevSecOps8Abdoul\SecFlowOps\data\raw\20260713T194735073086Z_C2_AutoScanning_full_beta_multi_layer_r1\metadata.json,local
20260713T194754627228Z_C3_PolicyOnly_full_beta_multi_layer_r1,C3_PolicyOnly,full_beta_multi_layer,multi_layer,1,failed,C:\Users\User\Downloads\Compressed\DevSecOps8Abdoul\SecFlowOps\data\raw\20260713T194754627228Z_C3_PolicyOnly_full_beta_multi_layer_r1\metadata.json,local
20260713T194814827326Z_C4_AgentsOnly_full_beta_multi_layer_r1,C4_AgentsOnly,full_beta_multi_layer,multi_layer,1,success,C:\Users\User\Downloads\Compressed\DevSecOps8Abdoul\SecFlowOps\data\raw\20260713T194814827326Z_C4_AgentsOnly_full_beta_multi_layer_r1\metadata.json,local
20260713T194854620084Z_C5_SecFlowOps_full_beta_multi_layer_r1,C5_SecFlowOps,full_beta_multi_layer,multi_layer,1,success,C:\Users\User\Downloads\Compressed\DevSecOps8Abdoul\SecFlowOps\data\raw\20260713T194854620084Z_C5_SecFlowOps_full_beta_multi_layer_r1\metadata.json,local
20260713T194934236572Z_C0_BuildOnly_full_gamma_clean_r1,C0_BuildOnly,full_gamma_clean,clean,1,success,C:\Users\User\Downloads\Compressed\DevSecOps8Abdoul\SecFlowOps\data\raw\20260713T194934236572Z_C0_BuildOnly_full_gamma_clean_r1\metadata.json,local
20260713T194934513169Z_C1_NonBlockingScanning_full_gamma_clean_r1,C1_NonBlockingScanning,full_gamma_clean,clean,1,success,C:\Users\User\Downloads\Compressed\DevSecOps8Abdoul\SecFlowOps\data\raw\20260713T194934513169Z_C1_NonBlockingScanning_full_gamma_clean_r1\metadata.json,local
20260713T194954207032Z_C2_AutoScanning_full_gamma_clean_r1,C2_AutoScanning,full_gamma_clean,clean,1,success,C:\Users\User\Downloads\Compressed\DevSecOps8Abdoul\SecFlowOps\data\raw\20260713T194954207032Z_C2_AutoScanning_full_gamma_clean_r1\metadata.json,local
20260713T195014459631Z_C3_PolicyOnly_full_gamma_clean_r1,C3_PolicyOnly,full_gamma_clean,clean,1,success,C:\Users\User\Downloads\Compressed\DevSecOps8Abdoul\SecFlowOps\data\raw\20260713T195014459631Z_C3_PolicyOnly_full_gamma_clean_r1\metadata.json,local
20260713T195034367036Z_C4_AgentsOnly_full_gamma_clean_r1,C4_AgentsOnly,full_gamma_clean,clean,1,success,C:\Users\User\Downloads\Compressed\DevSecOps8Abdoul\SecFlowOps\data\raw\20260713T195034367036Z_C4_AgentsOnly_full_gamma_clean_r1\metadata.json,local
20260713T195117739928Z_C5_SecFlowOps_full_gamma_clean_r1,C5_SecFlowOps,full_gamma_clean,clean,1,success,C:\Users\User\Downloads\Compressed\DevSecOps8Abdoul\SecFlowOps\data\raw\20260713T195117739928Z_C5_SecFlowOps_full_gamma_clean_r1\metadata.json,local
20260713T195200965475Z_C0_BuildOnly_full_gamma_vulnerable_dependency_r1,C0_BuildOnly,full_gamma_vulnerable_dependency,vulnerable_dependency,1,success,C:\Users\User\Downloads\Compressed\DevSecOps8Abdoul\SecFlowOps\data\raw\20260713T195200965475Z_C0_BuildOnly_full_gamma_vulnerable_dependency_r1\metadata.json,local
20260713T195201314473Z_C1_NonBlockingScanning_full_gamma_vulnerable_dependency_r1,C1_NonBlockingScanning,full_gamma_vulnerable_dependency,vulnerable_dependency,1,success,C:\Users\User\Downloads\Compressed\DevSecOps8Abdoul\SecFlowOps\data\raw\20260713T195201314473Z_C1_NonBlockingScanning_full_gamma_vulnerable_dependency_r1\metadata.json,local
20260713T195223549605Z_C2_AutoScanning_full_gamma_vulnerable_dependency_r1,C2_AutoScanning,full_gamma_vulnerable_dependency,vulnerable_dependency,1,success,C:\Users\User\Downloads\Compressed\DevSecOps8Abdoul\SecFlowOps\data\raw\20260713T195223549605Z_C2_AutoScanning_full_gamma_vulnerable_dependency_r1\metadata.json,local
20260713T195246348390Z_C3_PolicyOnly_full_gamma_vulnerable_dependency_r1,C3_PolicyOnly,full_gamma_vulnerable_dependency,vulnerable_dependency,1,failed,C:\Users\User\Downloads\Compressed\DevSecOps8Abdoul\SecFlowOps\data\raw\20260713T195246348390Z_C3_PolicyOnly_full_gamma_vulnerable_dependency_r1\metadata.json,local
20260713T195307041573Z_C4_AgentsOnly_full_gamma_vulnerable_dependency_r1,C4_AgentsOnly,full_gamma_vulnerable_dependency,vulnerable_dependency,1,success,C:\Users\User\Downloads\Compressed\DevSecOps8Abdoul\SecFlowOps\data\raw\20260713T195307041573Z_C4_AgentsOnly_full_gamma_vulnerable_dependency_r1\metadata.json,local
20260713T195347560877Z_C5_SecFlowOps_full_gamma_vulnerable_dependency_r1,C5_SecFlowOps,full_gamma_vulnerable_dependency,vulnerable_dependency,1,success,C:\Users\User\Downloads\Compressed\DevSecOps8Abdoul\SecFlowOps\data\raw\20260713T195347560877Z_C5_SecFlowOps_full_gamma_vulnerable_dependency_r1\metadata.json,local
20260713T195427148488Z_C0_BuildOnly_full_gamma_fake_secret_r1,C0_BuildOnly,full_gamma_fake_secret,fake_secret,1,success,C:\Users\User\Downloads\Compressed\DevSecOps8Abdoul\SecFlowOps\data\raw\20260713T195427148488Z_C0_BuildOnly_full_gamma_fake_secret_r1\metadata.json,local
20260713T195427394258Z_C1_NonBlockingScanning_full_gamma_fake_secret_r1,C1_NonBlockingScanning,full_gamma_fake_secret,fake_secret,1,success,C:\Users\User\Downloads\Compressed\DevSecOps8Abdoul\SecFlowOps\data\raw\20260713T195427394258Z_C1_NonBlockingScanning_full_gamma_fake_secret_r1\metadata.json,local
20260713T195447659824Z_C2_AutoScanning_full_gamma_fake_secret_r1,C2_AutoScanning,full_gamma_fake_secret,fake_secret,1,success,C:\Users\User\Downloads\Compressed\DevSecOps8Abdoul\SecFlowOps\data\raw\20260713T195447659824Z_C2_AutoScanning_full_gamma_fake_secret_r1\metadata.json,local
20260713T195507697369Z_C3_PolicyOnly_full_gamma_fake_secret_r1,C3_PolicyOnly,full_gamma_fake_secret,fake_secret,1,failed,C:\Users\User\Downloads\Compressed\DevSecOps8Abdoul\SecFlowOps\data\raw\20260713T195507697369Z_C3_PolicyOnly_full_gamma_fake_secret_r1\metadata.json,local
20260713T195527563103Z_C4_AgentsOnly_full_gamma_fake_secret_r1,C4_AgentsOnly,full_gamma_fake_secret,fake_secret,1,success,C:\Users\User\Downloads\Compressed\DevSecOps8Abdoul\SecFlowOps\data\raw\20260713T195527563103Z_C4_AgentsOnly_full_gamma_fake_secret_r1\metadata.json,local
20260713T195608069624Z_C5_SecFlowOps_full_gamma_fake_secret_r1,C5_SecFlowOps,full_gamma_fake_secret,fake_secret,1,success,C:\Users\User\Downloads\Compressed\DevSecOps8Abdoul\SecFlowOps\data\raw\20260713T195608069624Z_C5_SecFlowOps_full_gamma_fake_secret_r1\metadata.json,local
20260713T195648118435Z_C0_BuildOnly_full_gamma_sast_reflected_xss_r1,C0_BuildOnly,full_gamma_sast_reflected_xss,sast_reflected_xss,1,success,C:\Users\User\Downloads\Compressed\DevSecOps8Abdoul\SecFlowOps\data\raw\20260713T195648118435Z_C0_BuildOnly_full_gamma_sast_reflected_xss_r1\metadata.json,local
20260713T195648360998Z_C1_NonBlockingScanning_full_gamma_sast_reflected_xss_r1,C1_NonBlockingScanning,full_gamma_sast_reflected_xss,sast_reflected_xss,1,success,C:\Users\User\Downloads\Compressed\DevSecOps8Abdoul\SecFlowOps\data\raw\20260713T195648360998Z_C1_NonBlockingScanning_full_gamma_sast_reflected_xss_r1\metadata.json,local
20260713T195708076294Z_C2_AutoScanning_full_gamma_sast_reflected_xss_r1,C2_AutoScanning,full_gamma_sast_reflected_xss,sast_reflected_xss,1,success,C:\Users\User\Downloads\Compressed\DevSecOps8Abdoul\SecFlowOps\data\raw\20260713T195708076294Z_C2_AutoScanning_full_gamma_sast_reflected_xss_r1\metadata.json,local
20260713T195727966264Z_C3_PolicyOnly_full_gamma_sast_reflected_xss_r1,C3_PolicyOnly,full_gamma_sast_reflected_xss,sast_reflected_xss,1,success,C:\Users\User\Downloads\Compressed\DevSecOps8Abdoul\SecFlowOps\data\raw\20260713T195727966264Z_C3_PolicyOnly_full_gamma_sast_reflected_xss_r1\metadata.json,local
20260713T195748127277Z_C4_AgentsOnly_full_gamma_sast_reflected_xss_r1,C4_AgentsOnly,full_gamma_sast_reflected_xss,sast_reflected_xss,1,success,C:\Users\User\Downloads\Compressed\DevSecOps8Abdoul\SecFlowOps\data\raw\20260713T195748127277Z_C4_AgentsOnly_full_gamma_sast_reflected_xss_r1\metadata.json,local
20260713T195827597152Z_C5_SecFlowOps_full_gamma_sast_reflected_xss_r1,C5_SecFlowOps,full_gamma_sast_reflected_xss,sast_reflected_xss,1,success,C:\Users\User\Downloads\Compressed\DevSecOps8Abdoul\SecFlowOps\data\raw\20260713T195827597152Z_C5_SecFlowOps_full_gamma_sast_reflected_xss_r1\metadata.json,local
20260713T195907939663Z_C0_BuildOnly_full_gamma_sast_sql_injection_r1,C0_BuildOnly,full_gamma_sast_sql_injection,sast_sql_injection,1,success,C:\Users\User\Downloads\Compressed\DevSecOps8Abdoul\SecFlowOps\data\raw\20260713T195907939663Z_C0_BuildOnly_full_gamma_sast_sql_injection_r1\metadata.json,local
20260713T195908209915Z_C1_NonBlockingScanning_full_gamma_sast_sql_injection_r1,C1_NonBlockingScanning,full_gamma_sast_sql_injection,sast_sql_injection,1,success,C:\Users\User\Downloads\Compressed\DevSecOps8Abdoul\SecFlowOps\data\raw\20260713T195908209915Z_C1_NonBlockingScanning_full_gamma_sast_sql_injection_r1\metadata.json,local
20260713T195928509356Z_C2_AutoScanning_full_gamma_sast_sql_injection_r1,C2_AutoScanning,full_gamma_sast_sql_injection,sast_sql_injection,1,success,C:\Users\User\Downloads\Compressed\DevSecOps8Abdoul\SecFlowOps\data\raw\20260713T195928509356Z_C2_AutoScanning_full_gamma_sast_sql_injection_r1\metadata.json,local
20260713T195948542534Z_C3_PolicyOnly_full_gamma_sast_sql_injection_r1,C3_PolicyOnly,full_gamma_sast_sql_injection,sast_sql_injection,1,success,C:\Users\User\Downloads\Compressed\DevSecOps8Abdoul\SecFlowOps\data\raw\20260713T195948542534Z_C3_PolicyOnly_full_gamma_sast_sql_injection_r1\metadata.json,local
20260713T200008530730Z_C4_AgentsOnly_full_gamma_sast_sql_injection_r1,C4_AgentsOnly,full_gamma_sast_sql_injection,sast_sql_injection,1,success,C:\Users\User\Downloads\Compressed\DevSecOps8Abdoul\SecFlowOps\data\raw\20260713T200008530730Z_C4_AgentsOnly_full_gamma_sast_sql_injection_r1\metadata.json,local
20260713T200048142663Z_C5_SecFlowOps_full_gamma_sast_sql_injection_r1,C5_SecFlowOps,full_gamma_sast_sql_injection,sast_sql_injection,1,success,C:\Users\User\Downloads\Compressed\DevSecOps8Abdoul\SecFlowOps\data\raw\20260713T200048142663Z_C5_SecFlowOps_full_gamma_sast_sql_injection_r1\metadata.json,local
20260713T200128440838Z_C0_BuildOnly_full_gamma_docker_misconfiguration_r1,C0_BuildOnly,full_gamma_docker_misconfiguration,docker_misconfiguration,1,success,C:\Users\User\Downloads\Compressed\DevSecOps8Abdoul\SecFlowOps\data\raw\20260713T200128440838Z_C0_BuildOnly_full_gamma_docker_misconfiguration_r1\metadata.json,local
20260713T200128703503Z_C1_NonBlockingScanning_full_gamma_docker_misconfiguration_r1,C1_NonBlockingScanning,full_gamma_docker_misconfiguration,docker_misconfiguration,1,success,C:\Users\User\Downloads\Compressed\DevSecOps8Abdoul\SecFlowOps\data\raw\20260713T200128703503Z_C1_NonBlockingScanning_full_gamma_docker_misconfiguration_r1\metadata.json,local
20260713T200149448169Z_C2_AutoScanning_full_gamma_docker_misconfiguration_r1,C2_AutoScanning,full_gamma_docker_misconfiguration,docker_misconfiguration,1,success,C:\Users\User\Downloads\Compressed\DevSecOps8Abdoul\SecFlowOps\data\raw\20260713T200149448169Z_C2_AutoScanning_full_gamma_docker_misconfiguration_r1\metadata.json,local
20260713T200209585289Z_C3_PolicyOnly_full_gamma_docker_misconfiguration_r1,C3_PolicyOnly,full_gamma_docker_misconfiguration,docker_misconfiguration,1,success,C:\Users\User\Downloads\Compressed\DevSecOps8Abdoul\SecFlowOps\data\raw\20260713T200209585289Z_C3_PolicyOnly_full_gamma_docker_misconfiguration_r1\metadata.json,local
20260713T200230853105Z_C4_AgentsOnly_full_gamma_docker_misconfiguration_r1,C4_AgentsOnly,full_gamma_docker_misconfiguration,docker_misconfiguration,1,success,C:\Users\User\Downloads\Compressed\DevSecOps8Abdoul\SecFlowOps\data\raw\20260713T200230853105Z_C4_AgentsOnly_full_gamma_docker_misconfiguration_r1\metadata.json,local
20260713T200325426478Z_C5_SecFlowOps_full_gamma_docker_misconfiguration_r1,C5_SecFlowOps,full_gamma_docker_misconfiguration,docker_misconfiguration,1,success,C:\Users\User\Downloads\Compressed\DevSecOps8Abdoul\SecFlowOps\data\raw\20260713T200325426478Z_C5_SecFlowOps_full_gamma_docker_misconfiguration_r1\metadata.json,local
20260713T200406270955Z_C0_BuildOnly_full_gamma_k8s_misconfiguration_r1,C0_BuildOnly,full_gamma_k8s_misconfiguration,k8s_misconfiguration,1,success,C:\Users\User\Downloads\Compressed\DevSecOps8Abdoul\SecFlowOps\data\raw\20260713T200406270955Z_C0_BuildOnly_full_gamma_k8s_misconfiguration_r1\metadata.json,local
20260713T200406571798Z_C1_NonBlockingScanning_full_gamma_k8s_misconfiguration_r1,C1_NonBlockingScanning,full_gamma_k8s_misconfiguration,k8s_misconfiguration,1,success,C:\Users\User\Downloads\Compressed\DevSecOps8Abdoul\SecFlowOps\data\raw\20260713T200406571798Z_C1_NonBlockingScanning_full_gamma_k8s_misconfiguration_r1\metadata.json,local
20260713T200426314959Z_C2_AutoScanning_full_gamma_k8s_misconfiguration_r1,C2_AutoScanning,full_gamma_k8s_misconfiguration,k8s_misconfiguration,1,success,C:\Users\User\Downloads\Compressed\DevSecOps8Abdoul\SecFlowOps\data\raw\20260713T200426314959Z_C2_AutoScanning_full_gamma_k8s_misconfiguration_r1\metadata.json,local
20260713T200447512419Z_C3_PolicyOnly_full_gamma_k8s_misconfiguration_r1,C3_PolicyOnly,full_gamma_k8s_misconfiguration,k8s_misconfiguration,1,success,C:\Users\User\Downloads\Compressed\DevSecOps8Abdoul\SecFlowOps\data\raw\20260713T200447512419Z_C3_PolicyOnly_full_gamma_k8s_misconfiguration_r1\metadata.json,local
20260713T200507739478Z_C4_AgentsOnly_full_gamma_k8s_misconfiguration_r1,C4_AgentsOnly,full_gamma_k8s_misconfiguration,k8s_misconfiguration,1,success,C:\Users\User\Downloads\Compressed\DevSecOps8Abdoul\SecFlowOps\data\raw\20260713T200507739478Z_C4_AgentsOnly_full_gamma_k8s_misconfiguration_r1\metadata.json,local
20260713T200547232750Z_C5_SecFlowOps_full_gamma_k8s_misconfiguration_r1,C5_SecFlowOps,full_gamma_k8s_misconfiguration,k8s_misconfiguration,1,success,C:\Users\User\Downloads\Compressed\DevSecOps8Abdoul\SecFlowOps\data\raw\20260713T200547232750Z_C5_SecFlowOps_full_gamma_k8s_misconfiguration_r1\metadata.json,local
20260713T200627262557Z_C0_BuildOnly_full_gamma_multi_layer_r1,C0_BuildOnly,full_gamma_multi_layer,multi_layer,1,success,C:\Users\User\Downloads\Compressed\DevSecOps8Abdoul\SecFlowOps\data\raw\20260713T200627262557Z_C0_BuildOnly_full_gamma_multi_layer_r1\metadata.json,local
20260713T200627543217Z_C1_NonBlockingScanning_full_gamma_multi_layer_r1,C1_NonBlockingScanning,full_gamma_multi_layer,multi_layer,1,success,C:\Users\User\Downloads\Compressed\DevSecOps8Abdoul\SecFlowOps\data\raw\20260713T200627543217Z_C1_NonBlockingScanning_full_gamma_multi_layer_r1\metadata.json,local
20260713T200647874002Z_C2_AutoScanning_full_gamma_multi_layer_r1,C2_AutoScanning,full_gamma_multi_layer,multi_layer,1,success,C:\Users\User\Downloads\Compressed\DevSecOps8Abdoul\SecFlowOps\data\raw\20260713T200647874002Z_C2_AutoScanning_full_gamma_multi_layer_r1\metadata.json,local
20260713T200708399219Z_C3_PolicyOnly_full_gamma_multi_layer_r1,C3_PolicyOnly,full_gamma_multi_layer,multi_layer,1,failed,C:\Users\User\Downloads\Compressed\DevSecOps8Abdoul\SecFlowOps\data\raw\20260713T200708399219Z_C3_PolicyOnly_full_gamma_multi_layer_r1\metadata.json,local
20260713T200728530149Z_C4_AgentsOnly_full_gamma_multi_layer_r1,C4_AgentsOnly,full_gamma_multi_layer,multi_layer,1,success,C:\Users\User\Downloads\Compressed\DevSecOps8Abdoul\SecFlowOps\data\raw\20260713T200728530149Z_C4_AgentsOnly_full_gamma_multi_layer_r1\metadata.json,local
20260713T200808840803Z_C5_SecFlowOps_full_gamma_multi_layer_r1,C5_SecFlowOps,full_gamma_multi_layer,multi_layer,1,success,C:\Users\User\Downloads\Compressed\DevSecOps8Abdoul\SecFlowOps\data\raw\20260713T200808840803Z_C5_SecFlowOps_full_gamma_multi_layer_r1\metadata.json,local
20260713T200849327571Z_C0_BuildOnly_full_alpha_clean_r2,C0_BuildOnly,full_alpha_clean,clean,2,success,C:\Users\User\Downloads\Compressed\DevSecOps8Abdoul\SecFlowOps\data\raw\20260713T200849327571Z_C0_BuildOnly_full_alpha_clean_r2\metadata.json,local
20260713T200849599434Z_C1_NonBlockingScanning_full_alpha_clean_r2,C1_NonBlockingScanning,full_alpha_clean,clean,2,success,C:\Users\User\Downloads\Compressed\DevSecOps8Abdoul\SecFlowOps\data\raw\20260713T200849599434Z_C1_NonBlockingScanning_full_alpha_clean_r2\metadata.json,local
20260713T200909669702Z_C2_AutoScanning_full_alpha_clean_r2,C2_AutoScanning,full_alpha_clean,clean,2,success,C:\Users\User\Downloads\Compressed\DevSecOps8Abdoul\SecFlowOps\data\raw\20260713T200909669702Z_C2_AutoScanning_full_alpha_clean_r2\metadata.json,local
20260713T200930068128Z_C3_PolicyOnly_full_alpha_clean_r2,C3_PolicyOnly,full_alpha_clean,clean,2,success,C:\Users\User\Downloads\Compressed\DevSecOps8Abdoul\SecFlowOps\data\raw\20260713T200930068128Z_C3_PolicyOnly_full_alpha_clean_r2\metadata.json,local
20260713T200950068202Z_C4_AgentsOnly_full_alpha_clean_r2,C4_AgentsOnly,full_alpha_clean,clean,2,success,C:\Users\User\Downloads\Compressed\DevSecOps8Abdoul\SecFlowOps\data\raw\20260713T200950068202Z_C4_AgentsOnly_full_alpha_clean_r2\metadata.json,local
20260713T201032057760Z_C5_SecFlowOps_full_alpha_clean_r2,C5_SecFlowOps,full_alpha_clean,clean,2,success,C:\Users\User\Downloads\Compressed\DevSecOps8Abdoul\SecFlowOps\data\raw\20260713T201032057760Z_C5_SecFlowOps_full_alpha_clean_r2\metadata.json,local
20260713T201112297985Z_C0_BuildOnly_full_alpha_vulnerable_dependency_r2,C0_BuildOnly,full_alpha_vulnerable_dependency,vulnerable_dependency,2,success,C:\Users\User\Downloads\Compressed\DevSecOps8Abdoul\SecFlowOps\data\raw\20260713T201112297985Z_C0_BuildOnly_full_alpha_vulnerable_dependency_r2\metadata.json,local
20260713T201112690901Z_C1_NonBlockingScanning_full_alpha_vulnerable_dependency_r2,C1_NonBlockingScanning,full_alpha_vulnerable_dependency,vulnerable_dependency,2,success,C:\Users\User\Downloads\Compressed\DevSecOps8Abdoul\SecFlowOps\data\raw\20260713T201112690901Z_C1_NonBlockingScanning_full_alpha_vulnerable_dependency_r2\metadata.json,local
20260713T201132692149Z_C2_AutoScanning_full_alpha_vulnerable_dependency_r2,C2_AutoScanning,full_alpha_vulnerable_dependency,vulnerable_dependency,2,success,C:\Users\User\Downloads\Compressed\DevSecOps8Abdoul\SecFlowOps\data\raw\20260713T201132692149Z_C2_AutoScanning_full_alpha_vulnerable_dependency_r2\metadata.json,local
20260713T201153058467Z_C3_PolicyOnly_full_alpha_vulnerable_dependency_r2,C3_PolicyOnly,full_alpha_vulnerable_dependency,vulnerable_dependency,2,failed,C:\Users\User\Downloads\Compressed\DevSecOps8Abdoul\SecFlowOps\data\raw\20260713T201153058467Z_C3_PolicyOnly_full_alpha_vulnerable_dependency_r2\metadata.json,local
20260713T201213623669Z_C4_AgentsOnly_full_alpha_vulnerable_dependency_r2,C4_AgentsOnly,full_alpha_vulnerable_dependency,vulnerable_dependency,2,success,C:\Users\User\Downloads\Compressed\DevSecOps8Abdoul\SecFlowOps\data\raw\20260713T201213623669Z_C4_AgentsOnly_full_alpha_vulnerable_dependency_r2\metadata.json,local
20260713T201253732467Z_C5_SecFlowOps_full_alpha_vulnerable_dependency_r2,C5_SecFlowOps,full_alpha_vulnerable_dependency,vulnerable_dependency,2,success,C:\Users\User\Downloads\Compressed\DevSecOps8Abdoul\SecFlowOps\data\raw\20260713T201253732467Z_C5_SecFlowOps_full_alpha_vulnerable_dependency_r2\metadata.json,local
20260713T201333468812Z_C0_BuildOnly_full_alpha_fake_secret_r2,C0_BuildOnly,full_alpha_fake_secret,fake_secret,2,success,C:\Users\User\Downloads\Compressed\DevSecOps8Abdoul\SecFlowOps\data\raw\20260713T201333468812Z_C0_BuildOnly_full_alpha_fake_secret_r2\metadata.json,local
20260713T201333806305Z_C1_NonBlockingScanning_full_alpha_fake_secret_r2,C1_NonBlockingScanning,full_alpha_fake_secret,fake_secret,2,success,C:\Users\User\Downloads\Compressed\DevSecOps8Abdoul\SecFlowOps\data\raw\20260713T201333806305Z_C1_NonBlockingScanning_full_alpha_fake_secret_r2\metadata.json,local
20260713T201353916155Z_C2_AutoScanning_full_alpha_fake_secret_r2,C2_AutoScanning,full_alpha_fake_secret,fake_secret,2,success,C:\Users\User\Downloads\Compressed\DevSecOps8Abdoul\SecFlowOps\data\raw\20260713T201353916155Z_C2_AutoScanning_full_alpha_fake_secret_r2\metadata.json,local
20260713T201414338756Z_C3_PolicyOnly_full_alpha_fake_secret_r2,C3_PolicyOnly,full_alpha_fake_secret,fake_secret,2,failed,C:\Users\User\Downloads\Compressed\DevSecOps8Abdoul\SecFlowOps\data\raw\20260713T201414338756Z_C3_PolicyOnly_full_alpha_fake_secret_r2\metadata.json,local
20260713T201435877882Z_C4_AgentsOnly_full_alpha_fake_secret_r2,C4_AgentsOnly,full_alpha_fake_secret,fake_secret,2,success,C:\Users\User\Downloads\Compressed\DevSecOps8Abdoul\SecFlowOps\data\raw\20260713T201435877882Z_C4_AgentsOnly_full_alpha_fake_secret_r2\metadata.json,local
20260713T201515965409Z_C5_SecFlowOps_full_alpha_fake_secret_r2,C5_SecFlowOps,full_alpha_fake_secret,fake_secret,2,success,C:\Users\User\Downloads\Compressed\DevSecOps8Abdoul\SecFlowOps\data\raw\20260713T201515965409Z_C5_SecFlowOps_full_alpha_fake_secret_r2\metadata.json,local
20260713T201556634156Z_C0_BuildOnly_full_alpha_sast_reflected_xss_r2,C0_BuildOnly,full_alpha_sast_reflected_xss,sast_reflected_xss,2,success,C:\Users\User\Downloads\Compressed\DevSecOps8Abdoul\SecFlowOps\data\raw\20260713T201556634156Z_C0_BuildOnly_full_alpha_sast_reflected_xss_r2\metadata.json,local
20260713T201556909279Z_C1_NonBlockingScanning_full_alpha_sast_reflected_xss_r2,C1_NonBlockingScanning,full_alpha_sast_reflected_xss,sast_reflected_xss,2,success,C:\Users\User\Downloads\Compressed\DevSecOps8Abdoul\SecFlowOps\data\raw\20260713T201556909279Z_C1_NonBlockingScanning_full_alpha_sast_reflected_xss_r2\metadata.json,local
20260713T201616958172Z_C2_AutoScanning_full_alpha_sast_reflected_xss_r2,C2_AutoScanning,full_alpha_sast_reflected_xss,sast_reflected_xss,2,success,C:\Users\User\Downloads\Compressed\DevSecOps8Abdoul\SecFlowOps\data\raw\20260713T201616958172Z_C2_AutoScanning_full_alpha_sast_reflected_xss_r2\metadata.json,local
20260713T201636900835Z_C3_PolicyOnly_full_alpha_sast_reflected_xss_r2,C3_PolicyOnly,full_alpha_sast_reflected_xss,sast_reflected_xss,2,success,C:\Users\User\Downloads\Compressed\DevSecOps8Abdoul\SecFlowOps\data\raw\20260713T201636900835Z_C3_PolicyOnly_full_alpha_sast_reflected_xss_r2\metadata.json,local
20260713T201657130120Z_C4_AgentsOnly_full_alpha_sast_reflected_xss_r2,C4_AgentsOnly,full_alpha_sast_reflected_xss,sast_reflected_xss,2,success,C:\Users\User\Downloads\Compressed\DevSecOps8Abdoul\SecFlowOps\data\raw\20260713T201657130120Z_C4_AgentsOnly_full_alpha_sast_reflected_xss_r2\metadata.json,local
20260713T201736884480Z_C5_SecFlowOps_full_alpha_sast_reflected_xss_r2,C5_SecFlowOps,full_alpha_sast_reflected_xss,sast_reflected_xss,2,success,C:\Users\User\Downloads\Compressed\DevSecOps8Abdoul\SecFlowOps\data\raw\20260713T201736884480Z_C5_SecFlowOps_full_alpha_sast_reflected_xss_r2\metadata.json,local
20260713T201816858264Z_C0_BuildOnly_full_alpha_sast_sql_injection_r2,C0_BuildOnly,full_alpha_sast_sql_injection,sast_sql_injection,2,success,C:\Users\User\Downloads\Compressed\DevSecOps8Abdoul\SecFlowOps\data\raw\20260713T201816858264Z_C0_BuildOnly_full_alpha_sast_sql_injection_r2\metadata.json,local
20260713T201817138314Z_C1_NonBlockingScanning_full_alpha_sast_sql_injection_r2,C1_NonBlockingScanning,full_alpha_sast_sql_injection,sast_sql_injection,2,success,C:\Users\User\Downloads\Compressed\DevSecOps8Abdoul\SecFlowOps\data\raw\20260713T201817138314Z_C1_NonBlockingScanning_full_alpha_sast_sql_injection_r2\metadata.json,local
20260713T201837060863Z_C2_AutoScanning_full_alpha_sast_sql_injection_r2,C2_AutoScanning,full_alpha_sast_sql_injection,sast_sql_injection,2,success,C:\Users\User\Downloads\Compressed\DevSecOps8Abdoul\SecFlowOps\data\raw\20260713T201837060863Z_C2_AutoScanning_full_alpha_sast_sql_injection_r2\metadata.json,local
20260713T201857253855Z_C3_PolicyOnly_full_alpha_sast_sql_injection_r2,C3_PolicyOnly,full_alpha_sast_sql_injection,sast_sql_injection,2,success,C:\Users\User\Downloads\Compressed\DevSecOps8Abdoul\SecFlowOps\data\raw\20260713T201857253855Z_C3_PolicyOnly_full_alpha_sast_sql_injection_r2\metadata.json,local
20260713T201917257917Z_C4_AgentsOnly_full_alpha_sast_sql_injection_r2,C4_AgentsOnly,full_alpha_sast_sql_injection,sast_sql_injection,2,success,C:\Users\User\Downloads\Compressed\DevSecOps8Abdoul\SecFlowOps\data\raw\20260713T201917257917Z_C4_AgentsOnly_full_alpha_sast_sql_injection_r2\metadata.json,local
20260713T201957768792Z_C5_SecFlowOps_full_alpha_sast_sql_injection_r2,C5_SecFlowOps,full_alpha_sast_sql_injection,sast_sql_injection,2,success,C:\Users\User\Downloads\Compressed\DevSecOps8Abdoul\SecFlowOps\data\raw\20260713T201957768792Z_C5_SecFlowOps_full_alpha_sast_sql_injection_r2\metadata.json,local
20260713T202037984044Z_C0_BuildOnly_full_alpha_docker_misconfiguration_r2,C0_BuildOnly,full_alpha_docker_misconfiguration,docker_misconfiguration,2,success,C:\Users\User\Downloads\Compressed\DevSecOps8Abdoul\SecFlowOps\data\raw\20260713T202037984044Z_C0_BuildOnly_full_alpha_docker_misconfiguration_r2\metadata.json,local
20260713T202038233296Z_C1_NonBlockingScanning_full_alpha_docker_misconfiguration_r2,C1_NonBlockingScanning,full_alpha_docker_misconfiguration,docker_misconfiguration,2,success,C:\Users\User\Downloads\Compressed\DevSecOps8Abdoul\SecFlowOps\data\raw\20260713T202038233296Z_C1_NonBlockingScanning_full_alpha_docker_misconfiguration_r2\metadata.json,local
20260713T202058517107Z_C2_AutoScanning_full_alpha_docker_misconfiguration_r2,C2_AutoScanning,full_alpha_docker_misconfiguration,docker_misconfiguration,2,success,C:\Users\User\Downloads\Compressed\DevSecOps8Abdoul\SecFlowOps\data\raw\20260713T202058517107Z_C2_AutoScanning_full_alpha_docker_misconfiguration_r2\metadata.json,local
20260713T202118479750Z_C3_PolicyOnly_full_alpha_docker_misconfiguration_r2,C3_PolicyOnly,full_alpha_docker_misconfiguration,docker_misconfiguration,2,success,C:\Users\User\Downloads\Compressed\DevSecOps8Abdoul\SecFlowOps\data\raw\20260713T202118479750Z_C3_PolicyOnly_full_alpha_docker_misconfiguration_r2\metadata.json,local
20260713T202138557957Z_C4_AgentsOnly_full_alpha_docker_misconfiguration_r2,C4_AgentsOnly,full_alpha_docker_misconfiguration,docker_misconfiguration,2,success,C:\Users\User\Downloads\Compressed\DevSecOps8Abdoul\SecFlowOps\data\raw\20260713T202138557957Z_C4_AgentsOnly_full_alpha_docker_misconfiguration_r2\metadata.json,local
20260713T202218425968Z_C5_SecFlowOps_full_alpha_docker_misconfiguration_r2,C5_SecFlowOps,full_alpha_docker_misconfiguration,docker_misconfiguration,2,success,C:\Users\User\Downloads\Compressed\DevSecOps8Abdoul\SecFlowOps\data\raw\20260713T202218425968Z_C5_SecFlowOps_full_alpha_docker_misconfiguration_r2\metadata.json,local
20260713T202258729278Z_C0_BuildOnly_full_alpha_k8s_misconfiguration_r2,C0_BuildOnly,full_alpha_k8s_misconfiguration,k8s_misconfiguration,2,success,C:\Users\User\Downloads\Compressed\DevSecOps8Abdoul\SecFlowOps\data\raw\20260713T202258729278Z_C0_BuildOnly_full_alpha_k8s_misconfiguration_r2\metadata.json,local
20260713T202259103182Z_C1_NonBlockingScanning_full_alpha_k8s_misconfiguration_r2,C1_NonBlockingScanning,full_alpha_k8s_misconfiguration,k8s_misconfiguration,2,success,C:\Users\User\Downloads\Compressed\DevSecOps8Abdoul\SecFlowOps\data\raw\20260713T202259103182Z_C1_NonBlockingScanning_full_alpha_k8s_misconfiguration_r2\metadata.json,local
20260713T202319241053Z_C2_AutoScanning_full_alpha_k8s_misconfiguration_r2,C2_AutoScanning,full_alpha_k8s_misconfiguration,k8s_misconfiguration,2,success,C:\Users\User\Downloads\Compressed\DevSecOps8Abdoul\SecFlowOps\data\raw\20260713T202319241053Z_C2_AutoScanning_full_alpha_k8s_misconfiguration_r2\metadata.json,local
20260713T202339161456Z_C3_PolicyOnly_full_alpha_k8s_misconfiguration_r2,C3_PolicyOnly,full_alpha_k8s_misconfiguration,k8s_misconfiguration,2,success,C:\Users\User\Downloads\Compressed\DevSecOps8Abdoul\SecFlowOps\data\raw\20260713T202339161456Z_C3_PolicyOnly_full_alpha_k8s_misconfiguration_r2\metadata.json,local
20260713T202359198353Z_C4_AgentsOnly_full_alpha_k8s_misconfiguration_r2,C4_AgentsOnly,full_alpha_k8s_misconfiguration,k8s_misconfiguration,2,success,C:\Users\User\Downloads\Compressed\DevSecOps8Abdoul\SecFlowOps\data\raw\20260713T202359198353Z_C4_AgentsOnly_full_alpha_k8s_misconfiguration_r2\metadata.json,local
20260713T202438806300Z_C5_SecFlowOps_full_alpha_k8s_misconfiguration_r2,C5_SecFlowOps,full_alpha_k8s_misconfiguration,k8s_misconfiguration,2,success,C:\Users\User\Downloads\Compressed\DevSecOps8Abdoul\SecFlowOps\data\raw\20260713T202438806300Z_C5_SecFlowOps_full_alpha_k8s_misconfiguration_r2\metadata.json,local
20260713T202519714494Z_C0_BuildOnly_full_alpha_multi_layer_r2,C0_BuildOnly,full_alpha_multi_layer,multi_layer,2,success,C:\Users\User\Downloads\Compressed\DevSecOps8Abdoul\SecFlowOps\data\raw\20260713T202519714494Z_C0_BuildOnly_full_alpha_multi_layer_r2\metadata.json,local
20260713T202520009869Z_C1_NonBlockingScanning_full_alpha_multi_layer_r2,C1_NonBlockingScanning,full_alpha_multi_layer,multi_layer,2,success,C:\Users\User\Downloads\Compressed\DevSecOps8Abdoul\SecFlowOps\data\raw\20260713T202520009869Z_C1_NonBlockingScanning_full_alpha_multi_layer_r2\metadata.json,local
20260713T202540212391Z_C2_AutoScanning_full_alpha_multi_layer_r2,C2_AutoScanning,full_alpha_multi_layer,multi_layer,2,success,C:\Users\User\Downloads\Compressed\DevSecOps8Abdoul\SecFlowOps\data\raw\20260713T202540212391Z_C2_AutoScanning_full_alpha_multi_layer_r2\metadata.json,local
20260713T202600240637Z_C3_PolicyOnly_full_alpha_multi_layer_r2,C3_PolicyOnly,full_alpha_multi_layer,multi_layer,2,failed,C:\Users\User\Downloads\Compressed\DevSecOps8Abdoul\SecFlowOps\data\raw\20260713T202600240637Z_C3_PolicyOnly_full_alpha_multi_layer_r2\metadata.json,local
20260713T202620648881Z_C4_AgentsOnly_full_alpha_multi_layer_r2,C4_AgentsOnly,full_alpha_multi_layer,multi_layer,2,success,C:\Users\User\Downloads\Compressed\DevSecOps8Abdoul\SecFlowOps\data\raw\20260713T202620648881Z_C4_AgentsOnly_full_alpha_multi_layer_r2\metadata.json,local
20260713T202700926024Z_C5_SecFlowOps_full_alpha_multi_layer_r2,C5_SecFlowOps,full_alpha_multi_layer,multi_layer,2,success,C:\Users\User\Downloads\Compressed\DevSecOps8Abdoul\SecFlowOps\data\raw\20260713T202700926024Z_C5_SecFlowOps_full_alpha_multi_layer_r2\metadata.json,local
20260713T202741572619Z_C0_BuildOnly_full_beta_clean_r2,C0_BuildOnly,full_beta_clean,clean,2,success,C:\Users\User\Downloads\Compressed\DevSecOps8Abdoul\SecFlowOps\data\raw\20260713T202741572619Z_C0_BuildOnly_full_beta_clean_r2\metadata.json,local
20260713T202741834595Z_C1_NonBlockingScanning_full_beta_clean_r2,C1_NonBlockingScanning,full_beta_clean,clean,2,success,C:\Users\User\Downloads\Compressed\DevSecOps8Abdoul\SecFlowOps\data\raw\20260713T202741834595Z_C1_NonBlockingScanning_full_beta_clean_r2\metadata.json,local
20260713T202801740355Z_C2_AutoScanning_full_beta_clean_r2,C2_AutoScanning,full_beta_clean,clean,2,success,C:\Users\User\Downloads\Compressed\DevSecOps8Abdoul\SecFlowOps\data\raw\20260713T202801740355Z_C2_AutoScanning_full_beta_clean_r2\metadata.json,local
20260713T202822238782Z_C3_PolicyOnly_full_beta_clean_r2,C3_PolicyOnly,full_beta_clean,clean,2,success,C:\Users\User\Downloads\Compressed\DevSecOps8Abdoul\SecFlowOps\data\raw\20260713T202822238782Z_C3_PolicyOnly_full_beta_clean_r2\metadata.json,local
20260713T202843698119Z_C4_AgentsOnly_full_beta_clean_r2,C4_AgentsOnly,full_beta_clean,clean,2,success,C:\Users\User\Downloads\Compressed\DevSecOps8Abdoul\SecFlowOps\data\raw\20260713T202843698119Z_C4_AgentsOnly_full_beta_clean_r2\metadata.json,local
20260713T202925355171Z_C5_SecFlowOps_full_beta_clean_r2,C5_SecFlowOps,full_beta_clean,clean,2,success,C:\Users\User\Downloads\Compressed\DevSecOps8Abdoul\SecFlowOps\data\raw\20260713T202925355171Z_C5_SecFlowOps_full_beta_clean_r2\metadata.json,local
20260713T203006147724Z_C0_BuildOnly_full_beta_vulnerable_dependency_r2,C0_BuildOnly,full_beta_vulnerable_dependency,vulnerable_dependency,2,success,C:\Users\User\Downloads\Compressed\DevSecOps8Abdoul\SecFlowOps\data\raw\20260713T203006147724Z_C0_BuildOnly_full_beta_vulnerable_dependency_r2\metadata.json,local
20260713T203006446767Z_C1_NonBlockingScanning_full_beta_vulnerable_dependency_r2,C1_NonBlockingScanning,full_beta_vulnerable_dependency,vulnerable_dependency,2,success,C:\Users\User\Downloads\Compressed\DevSecOps8Abdoul\SecFlowOps\data\raw\20260713T203006446767Z_C1_NonBlockingScanning_full_beta_vulnerable_dependency_r2\metadata.json,local
20260713T203026400374Z_C2_AutoScanning_full_beta_vulnerable_dependency_r2,C2_AutoScanning,full_beta_vulnerable_dependency,vulnerable_dependency,2,success,C:\Users\User\Downloads\Compressed\DevSecOps8Abdoul\SecFlowOps\data\raw\20260713T203026400374Z_C2_AutoScanning_full_beta_vulnerable_dependency_r2\metadata.json,local
20260713T203046672902Z_C3_PolicyOnly_full_beta_vulnerable_dependency_r2,C3_PolicyOnly,full_beta_vulnerable_dependency,vulnerable_dependency,2,failed,C:\Users\User\Downloads\Compressed\DevSecOps8Abdoul\SecFlowOps\data\raw\20260713T203046672902Z_C3_PolicyOnly_full_beta_vulnerable_dependency_r2\metadata.json,local
20260713T203107252124Z_C4_AgentsOnly_full_beta_vulnerable_dependency_r2,C4_AgentsOnly,full_beta_vulnerable_dependency,vulnerable_dependency,2,success,C:\Users\User\Downloads\Compressed\DevSecOps8Abdoul\SecFlowOps\data\raw\20260713T203107252124Z_C4_AgentsOnly_full_beta_vulnerable_dependency_r2\metadata.json,local
20260713T203147556520Z_C5_SecFlowOps_full_beta_vulnerable_dependency_r2,C5_SecFlowOps,full_beta_vulnerable_dependency,vulnerable_dependency,2,success,C:\Users\User\Downloads\Compressed\DevSecOps8Abdoul\SecFlowOps\data\raw\20260713T203147556520Z_C5_SecFlowOps_full_beta_vulnerable_dependency_r2\metadata.json,local
20260713T203228439734Z_C0_BuildOnly_full_beta_fake_secret_r2,C0_BuildOnly,full_beta_fake_secret,fake_secret,2,success,C:\Users\User\Downloads\Compressed\DevSecOps8Abdoul\SecFlowOps\data\raw\20260713T203228439734Z_C0_BuildOnly_full_beta_fake_secret_r2\metadata.json,local
20260713T203228693987Z_C1_NonBlockingScanning_full_beta_fake_secret_r2,C1_NonBlockingScanning,full_beta_fake_secret,fake_secret,2,success,C:\Users\User\Downloads\Compressed\DevSecOps8Abdoul\SecFlowOps\data\raw\20260713T203228693987Z_C1_NonBlockingScanning_full_beta_fake_secret_r2\metadata.json,local
20260713T203248878448Z_C2_AutoScanning_full_beta_fake_secret_r2,C2_AutoScanning,full_beta_fake_secret,fake_secret,2,success,C:\Users\User\Downloads\Compressed\DevSecOps8Abdoul\SecFlowOps\data\raw\20260713T203248878448Z_C2_AutoScanning_full_beta_fake_secret_r2\metadata.json,local
20260713T203308883778Z_C3_PolicyOnly_full_beta_fake_secret_r2,C3_PolicyOnly,full_beta_fake_secret,fake_secret,2,failed,C:\Users\User\Downloads\Compressed\DevSecOps8Abdoul\SecFlowOps\data\raw\20260713T203308883778Z_C3_PolicyOnly_full_beta_fake_secret_r2\metadata.json,local
20260713T203329528160Z_C4_AgentsOnly_full_beta_fake_secret_r2,C4_AgentsOnly,full_beta_fake_secret,fake_secret,2,success,C:\Users\User\Downloads\Compressed\DevSecOps8Abdoul\SecFlowOps\data\raw\20260713T203329528160Z_C4_AgentsOnly_full_beta_fake_secret_r2\metadata.json,local
20260713T203410036831Z_C5_SecFlowOps_full_beta_fake_secret_r2,C5_SecFlowOps,full_beta_fake_secret,fake_secret,2,success,C:\Users\User\Downloads\Compressed\DevSecOps8Abdoul\SecFlowOps\data\raw\20260713T203410036831Z_C5_SecFlowOps_full_beta_fake_secret_r2\metadata.json,local
20260713T203450334241Z_C0_BuildOnly_full_beta_sast_reflected_xss_r2,C0_BuildOnly,full_beta_sast_reflected_xss,sast_reflected_xss,2,success,C:\Users\User\Downloads\Compressed\DevSecOps8Abdoul\SecFlowOps\data\raw\20260713T203450334241Z_C0_BuildOnly_full_beta_sast_reflected_xss_r2\metadata.json,local
20260713T203450594211Z_C1_NonBlockingScanning_full_beta_sast_reflected_xss_r2,C1_NonBlockingScanning,full_beta_sast_reflected_xss,sast_reflected_xss,2,success,C:\Users\User\Downloads\Compressed\DevSecOps8Abdoul\SecFlowOps\data\raw\20260713T203450594211Z_C1_NonBlockingScanning_full_beta_sast_reflected_xss_r2\metadata.json,local
20260713T203510345649Z_C2_AutoScanning_full_beta_sast_reflected_xss_r2,C2_AutoScanning,full_beta_sast_reflected_xss,sast_reflected_xss,2,success,C:\Users\User\Downloads\Compressed\DevSecOps8Abdoul\SecFlowOps\data\raw\20260713T203510345649Z_C2_AutoScanning_full_beta_sast_reflected_xss_r2\metadata.json,local
20260713T203530758431Z_C3_PolicyOnly_full_beta_sast_reflected_xss_r2,C3_PolicyOnly,full_beta_sast_reflected_xss,sast_reflected_xss,2,success,C:\Users\User\Downloads\Compressed\DevSecOps8Abdoul\SecFlowOps\data\raw\20260713T203530758431Z_C3_PolicyOnly_full_beta_sast_reflected_xss_r2\metadata.json,local
20260713T203551092258Z_C4_AgentsOnly_full_beta_sast_reflected_xss_r2,C4_AgentsOnly,full_beta_sast_reflected_xss,sast_reflected_xss,2,success,C:\Users\User\Downloads\Compressed\DevSecOps8Abdoul\SecFlowOps\data\raw\20260713T203551092258Z_C4_AgentsOnly_full_beta_sast_reflected_xss_r2\metadata.json,local
20260713T203631632000Z_C5_SecFlowOps_full_beta_sast_reflected_xss_r2,C5_SecFlowOps,full_beta_sast_reflected_xss,sast_reflected_xss,2,success,C:\Users\User\Downloads\Compressed\DevSecOps8Abdoul\SecFlowOps\data\raw\20260713T203631632000Z_C5_SecFlowOps_full_beta_sast_reflected_xss_r2\metadata.json,local
20260713T203713413337Z_C0_BuildOnly_full_beta_sast_sql_injection_r2,C0_BuildOnly,full_beta_sast_sql_injection,sast_sql_injection,2,success,C:\Users\User\Downloads\Compressed\DevSecOps8Abdoul\SecFlowOps\data\raw\20260713T203713413337Z_C0_BuildOnly_full_beta_sast_sql_injection_r2\metadata.json,local
20260713T203713761711Z_C1_NonBlockingScanning_full_beta_sast_sql_injection_r2,C1_NonBlockingScanning,full_beta_sast_sql_injection,sast_sql_injection,2,success,C:\Users\User\Downloads\Compressed\DevSecOps8Abdoul\SecFlowOps\data\raw\20260713T203713761711Z_C1_NonBlockingScanning_full_beta_sast_sql_injection_r2\metadata.json,local
20260713T203734512473Z_C2_AutoScanning_full_beta_sast_sql_injection_r2,C2_AutoScanning,full_beta_sast_sql_injection,sast_sql_injection,2,success,C:\Users\User\Downloads\Compressed\DevSecOps8Abdoul\SecFlowOps\data\raw\20260713T203734512473Z_C2_AutoScanning_full_beta_sast_sql_injection_r2\metadata.json,local
20260713T203754970381Z_C3_PolicyOnly_full_beta_sast_sql_injection_r2,C3_PolicyOnly,full_beta_sast_sql_injection,sast_sql_injection,2,success,C:\Users\User\Downloads\Compressed\DevSecOps8Abdoul\SecFlowOps\data\raw\20260713T203754970381Z_C3_PolicyOnly_full_beta_sast_sql_injection_r2\metadata.json,local
20260713T203815385345Z_C4_AgentsOnly_full_beta_sast_sql_injection_r2,C4_AgentsOnly,full_beta_sast_sql_injection,sast_sql_injection,2,success,C:\Users\User\Downloads\Compressed\DevSecOps8Abdoul\SecFlowOps\data\raw\20260713T203815385345Z_C4_AgentsOnly_full_beta_sast_sql_injection_r2\metadata.json,local
20260713T203856783246Z_C5_SecFlowOps_full_beta_sast_sql_injection_r2,C5_SecFlowOps,full_beta_sast_sql_injection,sast_sql_injection,2,success,C:\Users\User\Downloads\Compressed\DevSecOps8Abdoul\SecFlowOps\data\raw\20260713T203856783246Z_C5_SecFlowOps_full_beta_sast_sql_injection_r2\metadata.json,local
20260713T203937628500Z_C0_BuildOnly_full_beta_docker_misconfiguration_r2,C0_BuildOnly,full_beta_docker_misconfiguration,docker_misconfiguration,2,success,C:\Users\User\Downloads\Compressed\DevSecOps8Abdoul\SecFlowOps\data\raw\20260713T203937628500Z_C0_BuildOnly_full_beta_docker_misconfiguration_r2\metadata.json,local
20260713T203937894796Z_C1_NonBlockingScanning_full_beta_docker_misconfiguration_r2,C1_NonBlockingScanning,full_beta_docker_misconfiguration,docker_misconfiguration,2,success,C:\Users\User\Downloads\Compressed\DevSecOps8Abdoul\SecFlowOps\data\raw\20260713T203937894796Z_C1_NonBlockingScanning_full_beta_docker_misconfiguration_r2\metadata.json,local
20260713T203958208576Z_C2_AutoScanning_full_beta_docker_misconfiguration_r2,C2_AutoScanning,full_beta_docker_misconfiguration,docker_misconfiguration,2,success,C:\Users\User\Downloads\Compressed\DevSecOps8Abdoul\SecFlowOps\data\raw\20260713T203958208576Z_C2_AutoScanning_full_beta_docker_misconfiguration_r2\metadata.json,local
20260713T204018640411Z_C3_PolicyOnly_full_beta_docker_misconfiguration_r2,C3_PolicyOnly,full_beta_docker_misconfiguration,docker_misconfiguration,2,success,C:\Users\User\Downloads\Compressed\DevSecOps8Abdoul\SecFlowOps\data\raw\20260713T204018640411Z_C3_PolicyOnly_full_beta_docker_misconfiguration_r2\metadata.json,local
20260713T204039570640Z_C4_AgentsOnly_full_beta_docker_misconfiguration_r2,C4_AgentsOnly,full_beta_docker_misconfiguration,docker_misconfiguration,2,success,C:\Users\User\Downloads\Compressed\DevSecOps8Abdoul\SecFlowOps\data\raw\20260713T204039570640Z_C4_AgentsOnly_full_beta_docker_misconfiguration_r2\metadata.json,local
20260713T204122558377Z_C5_SecFlowOps_full_beta_docker_misconfiguration_r2,C5_SecFlowOps,full_beta_docker_misconfiguration,docker_misconfiguration,2,success,C:\Users\User\Downloads\Compressed\DevSecOps8Abdoul\SecFlowOps\data\raw\20260713T204122558377Z_C5_SecFlowOps_full_beta_docker_misconfiguration_r2\metadata.json,local
20260713T204206661419Z_C0_BuildOnly_full_beta_k8s_misconfiguration_r2,C0_BuildOnly,full_beta_k8s_misconfiguration,k8s_misconfiguration,2,success,C:\Users\User\Downloads\Compressed\DevSecOps8Abdoul\SecFlowOps\data\raw\20260713T204206661419Z_C0_BuildOnly_full_beta_k8s_misconfiguration_r2\metadata.json,local
20260713T204206928390Z_C1_NonBlockingScanning_full_beta_k8s_misconfiguration_r2,C1_NonBlockingScanning,full_beta_k8s_misconfiguration,k8s_misconfiguration,2,success,C:\Users\User\Downloads\Compressed\DevSecOps8Abdoul\SecFlowOps\data\raw\20260713T204206928390Z_C1_NonBlockingScanning_full_beta_k8s_misconfiguration_r2\metadata.json,local
20260713T204228699273Z_C2_AutoScanning_full_beta_k8s_misconfiguration_r2,C2_AutoScanning,full_beta_k8s_misconfiguration,k8s_misconfiguration,2,success,C:\Users\User\Downloads\Compressed\DevSecOps8Abdoul\SecFlowOps\data\raw\20260713T204228699273Z_C2_AutoScanning_full_beta_k8s_misconfiguration_r2\metadata.json,local
20260713T204249737356Z_C3_PolicyOnly_full_beta_k8s_misconfiguration_r2,C3_PolicyOnly,full_beta_k8s_misconfiguration,k8s_misconfiguration,2,success,C:\Users\User\Downloads\Compressed\DevSecOps8Abdoul\SecFlowOps\data\raw\20260713T204249737356Z_C3_PolicyOnly_full_beta_k8s_misconfiguration_r2\metadata.json,local
20260713T204311519114Z_C4_AgentsOnly_full_beta_k8s_misconfiguration_r2,C4_AgentsOnly,full_beta_k8s_misconfiguration,k8s_misconfiguration,2,success,C:\Users\User\Downloads\Compressed\DevSecOps8Abdoul\SecFlowOps\data\raw\20260713T204311519114Z_C4_AgentsOnly_full_beta_k8s_misconfiguration_r2\metadata.json,local
20260713T204354902190Z_C5_SecFlowOps_full_beta_k8s_misconfiguration_r2,C5_SecFlowOps,full_beta_k8s_misconfiguration,k8s_misconfiguration,2,success,C:\Users\User\Downloads\Compressed\DevSecOps8Abdoul\SecFlowOps\data\raw\20260713T204354902190Z_C5_SecFlowOps_full_beta_k8s_misconfiguration_r2\metadata.json,local
20260713T204438258045Z_C0_BuildOnly_full_beta_multi_layer_r2,C0_BuildOnly,full_beta_multi_layer,multi_layer,2,success,C:\Users\User\Downloads\Compressed\DevSecOps8Abdoul\SecFlowOps\data\raw\20260713T204438258045Z_C0_BuildOnly_full_beta_multi_layer_r2\metadata.json,local
20260713T204438589252Z_C1_NonBlockingScanning_full_beta_multi_layer_r2,C1_NonBlockingScanning,full_beta_multi_layer,multi_layer,2,success,C:\Users\User\Downloads\Compressed\DevSecOps8Abdoul\SecFlowOps\data\raw\20260713T204438589252Z_C1_NonBlockingScanning_full_beta_multi_layer_r2\metadata.json,local
20260713T204459414556Z_C2_AutoScanning_full_beta_multi_layer_r2,C2_AutoScanning,full_beta_multi_layer,multi_layer,2,success,C:\Users\User\Downloads\Compressed\DevSecOps8Abdoul\SecFlowOps\data\raw\20260713T204459414556Z_C2_AutoScanning_full_beta_multi_layer_r2\metadata.json,local
20260713T204519818353Z_C3_PolicyOnly_full_beta_multi_layer_r2,C3_PolicyOnly,full_beta_multi_layer,multi_layer,2,failed,C:\Users\User\Downloads\Compressed\DevSecOps8Abdoul\SecFlowOps\data\raw\20260713T204519818353Z_C3_PolicyOnly_full_beta_multi_layer_r2\metadata.json,local
20260713T204540141887Z_C4_AgentsOnly_full_beta_multi_layer_r2,C4_AgentsOnly,full_beta_multi_layer,multi_layer,2,success,C:\Users\User\Downloads\Compressed\DevSecOps8Abdoul\SecFlowOps\data\raw\20260713T204540141887Z_C4_AgentsOnly_full_beta_multi_layer_r2\metadata.json,local
20260713T204623768880Z_C5_SecFlowOps_full_beta_multi_layer_r2,C5_SecFlowOps,full_beta_multi_layer,multi_layer,2,success,C:\Users\User\Downloads\Compressed\DevSecOps8Abdoul\SecFlowOps\data\raw\20260713T204623768880Z_C5_SecFlowOps_full_beta_multi_layer_r2\metadata.json,local
20260713T204706284105Z_C0_BuildOnly_full_gamma_clean_r2,C0_BuildOnly,full_gamma_clean,clean,2,success,C:\Users\User\Downloads\Compressed\DevSecOps8Abdoul\SecFlowOps\data\raw\20260713T204706284105Z_C0_BuildOnly_full_gamma_clean_r2\metadata.json,local
20260713T204706655517Z_C1_NonBlockingScanning_full_gamma_clean_r2,C1_NonBlockingScanning,full_gamma_clean,clean,2,success,C:\Users\User\Downloads\Compressed\DevSecOps8Abdoul\SecFlowOps\data\raw\20260713T204706655517Z_C1_NonBlockingScanning_full_gamma_clean_r2\metadata.json,local
20260713T204727187159Z_C2_AutoScanning_full_gamma_clean_r2,C2_AutoScanning,full_gamma_clean,clean,2,success,C:\Users\User\Downloads\Compressed\DevSecOps8Abdoul\SecFlowOps\data\raw\20260713T204727187159Z_C2_AutoScanning_full_gamma_clean_r2\metadata.json,local
20260713T204747323562Z_C3_PolicyOnly_full_gamma_clean_r2,C3_PolicyOnly,full_gamma_clean,clean,2,success,C:\Users\User\Downloads\Compressed\DevSecOps8Abdoul\SecFlowOps\data\raw\20260713T204747323562Z_C3_PolicyOnly_full_gamma_clean_r2\metadata.json,local
20260713T204807789163Z_C4_AgentsOnly_full_gamma_clean_r2,C4_AgentsOnly,full_gamma_clean,clean,2,success,C:\Users\User\Downloads\Compressed\DevSecOps8Abdoul\SecFlowOps\data\raw\20260713T204807789163Z_C4_AgentsOnly_full_gamma_clean_r2\metadata.json,local
20260713T204848662860Z_C5_SecFlowOps_full_gamma_clean_r2,C5_SecFlowOps,full_gamma_clean,clean,2,success,C:\Users\User\Downloads\Compressed\DevSecOps8Abdoul\SecFlowOps\data\raw\20260713T204848662860Z_C5_SecFlowOps_full_gamma_clean_r2\metadata.json,local
20260713T204930186373Z_C0_BuildOnly_full_gamma_vulnerable_dependency_r2,C0_BuildOnly,full_gamma_vulnerable_dependency,vulnerable_dependency,2,success,C:\Users\User\Downloads\Compressed\DevSecOps8Abdoul\SecFlowOps\data\raw\20260713T204930186373Z_C0_BuildOnly_full_gamma_vulnerable_dependency_r2\metadata.json,local
20260713T204930457273Z_C1_NonBlockingScanning_full_gamma_vulnerable_dependency_r2,C1_NonBlockingScanning,full_gamma_vulnerable_dependency,vulnerable_dependency,2,success,C:\Users\User\Downloads\Compressed\DevSecOps8Abdoul\SecFlowOps\data\raw\20260713T204930457273Z_C1_NonBlockingScanning_full_gamma_vulnerable_dependency_r2\metadata.json,local
20260713T204952117684Z_C2_AutoScanning_full_gamma_vulnerable_dependency_r2,C2_AutoScanning,full_gamma_vulnerable_dependency,vulnerable_dependency,2,success,C:\Users\User\Downloads\Compressed\DevSecOps8Abdoul\SecFlowOps\data\raw\20260713T204952117684Z_C2_AutoScanning_full_gamma_vulnerable_dependency_r2\metadata.json,local
20260713T205015677651Z_C3_PolicyOnly_full_gamma_vulnerable_dependency_r2,C3_PolicyOnly,full_gamma_vulnerable_dependency,vulnerable_dependency,2,failed,C:\Users\User\Downloads\Compressed\DevSecOps8Abdoul\SecFlowOps\data\raw\20260713T205015677651Z_C3_PolicyOnly_full_gamma_vulnerable_dependency_r2\metadata.json,local
20260713T205037204436Z_C4_AgentsOnly_full_gamma_vulnerable_dependency_r2,C4_AgentsOnly,full_gamma_vulnerable_dependency,vulnerable_dependency,2,success,C:\Users\User\Downloads\Compressed\DevSecOps8Abdoul\SecFlowOps\data\raw\20260713T205037204436Z_C4_AgentsOnly_full_gamma_vulnerable_dependency_r2\metadata.json,local
20260713T205118612257Z_C5_SecFlowOps_full_gamma_vulnerable_dependency_r2,C5_SecFlowOps,full_gamma_vulnerable_dependency,vulnerable_dependency,2,success,C:\Users\User\Downloads\Compressed\DevSecOps8Abdoul\SecFlowOps\data\raw\20260713T205118612257Z_C5_SecFlowOps_full_gamma_vulnerable_dependency_r2\metadata.json,local
20260713T205200497737Z_C0_BuildOnly_full_gamma_fake_secret_r2,C0_BuildOnly,full_gamma_fake_secret,fake_secret,2,success,C:\Users\User\Downloads\Compressed\DevSecOps8Abdoul\SecFlowOps\data\raw\20260713T205200497737Z_C0_BuildOnly_full_gamma_fake_secret_r2\metadata.json,local
20260713T205200787840Z_C1_NonBlockingScanning_full_gamma_fake_secret_r2,C1_NonBlockingScanning,full_gamma_fake_secret,fake_secret,2,success,C:\Users\User\Downloads\Compressed\DevSecOps8Abdoul\SecFlowOps\data\raw\20260713T205200787840Z_C1_NonBlockingScanning_full_gamma_fake_secret_r2\metadata.json,local
20260713T205221211931Z_C2_AutoScanning_full_gamma_fake_secret_r2,C2_AutoScanning,full_gamma_fake_secret,fake_secret,2,success,C:\Users\User\Downloads\Compressed\DevSecOps8Abdoul\SecFlowOps\data\raw\20260713T205221211931Z_C2_AutoScanning_full_gamma_fake_secret_r2\metadata.json,local
20260713T205241732522Z_C3_PolicyOnly_full_gamma_fake_secret_r2,C3_PolicyOnly,full_gamma_fake_secret,fake_secret,2,failed,C:\Users\User\Downloads\Compressed\DevSecOps8Abdoul\SecFlowOps\data\raw\20260713T205241732522Z_C3_PolicyOnly_full_gamma_fake_secret_r2\metadata.json,local
20260713T205302322149Z_C4_AgentsOnly_full_gamma_fake_secret_r2,C4_AgentsOnly,full_gamma_fake_secret,fake_secret,2,success,C:\Users\User\Downloads\Compressed\DevSecOps8Abdoul\SecFlowOps\data\raw\20260713T205302322149Z_C4_AgentsOnly_full_gamma_fake_secret_r2\metadata.json,local
20260713T205344171736Z_C5_SecFlowOps_full_gamma_fake_secret_r2,C5_SecFlowOps,full_gamma_fake_secret,fake_secret,2,success,C:\Users\User\Downloads\Compressed\DevSecOps8Abdoul\SecFlowOps\data\raw\20260713T205344171736Z_C5_SecFlowOps_full_gamma_fake_secret_r2\metadata.json,local
20260713T205424805643Z_C0_BuildOnly_full_gamma_sast_reflected_xss_r2,C0_BuildOnly,full_gamma_sast_reflected_xss,sast_reflected_xss,2,success,C:\Users\User\Downloads\Compressed\DevSecOps8Abdoul\SecFlowOps\data\raw\20260713T205424805643Z_C0_BuildOnly_full_gamma_sast_reflected_xss_r2\metadata.json,local
20260713T205425106613Z_C1_NonBlockingScanning_full_gamma_sast_reflected_xss_r2,C1_NonBlockingScanning,full_gamma_sast_reflected_xss,sast_reflected_xss,2,success,C:\Users\User\Downloads\Compressed\DevSecOps8Abdoul\SecFlowOps\data\raw\20260713T205425106613Z_C1_NonBlockingScanning_full_gamma_sast_reflected_xss_r2\metadata.json,local
20260713T205445428447Z_C2_AutoScanning_full_gamma_sast_reflected_xss_r2,C2_AutoScanning,full_gamma_sast_reflected_xss,sast_reflected_xss,2,success,C:\Users\User\Downloads\Compressed\DevSecOps8Abdoul\SecFlowOps\data\raw\20260713T205445428447Z_C2_AutoScanning_full_gamma_sast_reflected_xss_r2\metadata.json,local
20260713T205505819883Z_C3_PolicyOnly_full_gamma_sast_reflected_xss_r2,C3_PolicyOnly,full_gamma_sast_reflected_xss,sast_reflected_xss,2,success,C:\Users\User\Downloads\Compressed\DevSecOps8Abdoul\SecFlowOps\data\raw\20260713T205505819883Z_C3_PolicyOnly_full_gamma_sast_reflected_xss_r2\metadata.json,local
20260713T205527529010Z_C4_AgentsOnly_full_gamma_sast_reflected_xss_r2,C4_AgentsOnly,full_gamma_sast_reflected_xss,sast_reflected_xss,2,success,C:\Users\User\Downloads\Compressed\DevSecOps8Abdoul\SecFlowOps\data\raw\20260713T205527529010Z_C4_AgentsOnly_full_gamma_sast_reflected_xss_r2\metadata.json,local
20260713T205610097823Z_C5_SecFlowOps_full_gamma_sast_reflected_xss_r2,C5_SecFlowOps,full_gamma_sast_reflected_xss,sast_reflected_xss,2,success,C:\Users\User\Downloads\Compressed\DevSecOps8Abdoul\SecFlowOps\data\raw\20260713T205610097823Z_C5_SecFlowOps_full_gamma_sast_reflected_xss_r2\metadata.json,local
20260713T205659092525Z_C0_BuildOnly_full_gamma_sast_sql_injection_r2,C0_BuildOnly,full_gamma_sast_sql_injection,sast_sql_injection,2,success,C:\Users\User\Downloads\Compressed\DevSecOps8Abdoul\SecFlowOps\data\raw\20260713T205659092525Z_C0_BuildOnly_full_gamma_sast_sql_injection_r2\metadata.json,local
20260713T205659515274Z_C1_NonBlockingScanning_full_gamma_sast_sql_injection_r2,C1_NonBlockingScanning,full_gamma_sast_sql_injection,sast_sql_injection,2,success,C:\Users\User\Downloads\Compressed\DevSecOps8Abdoul\SecFlowOps\data\raw\20260713T205659515274Z_C1_NonBlockingScanning_full_gamma_sast_sql_injection_r2\metadata.json,local
20260713T205722520073Z_C2_AutoScanning_full_gamma_sast_sql_injection_r2,C2_AutoScanning,full_gamma_sast_sql_injection,sast_sql_injection,2,success,C:\Users\User\Downloads\Compressed\DevSecOps8Abdoul\SecFlowOps\data\raw\20260713T205722520073Z_C2_AutoScanning_full_gamma_sast_sql_injection_r2\metadata.json,local
20260713T205745568481Z_C3_PolicyOnly_full_gamma_sast_sql_injection_r2,C3_PolicyOnly,full_gamma_sast_sql_injection,sast_sql_injection,2,success,C:\Users\User\Downloads\Compressed\DevSecOps8Abdoul\SecFlowOps\data\raw\20260713T205745568481Z_C3_PolicyOnly_full_gamma_sast_sql_injection_r2\metadata.json,local
20260713T205812273749Z_C4_AgentsOnly_full_gamma_sast_sql_injection_r2,C4_AgentsOnly,full_gamma_sast_sql_injection,sast_sql_injection,2,success,C:\Users\User\Downloads\Compressed\DevSecOps8Abdoul\SecFlowOps\data\raw\20260713T205812273749Z_C4_AgentsOnly_full_gamma_sast_sql_injection_r2\metadata.json,local
20260713T205855847188Z_C5_SecFlowOps_full_gamma_sast_sql_injection_r2,C5_SecFlowOps,full_gamma_sast_sql_injection,sast_sql_injection,2,success,C:\Users\User\Downloads\Compressed\DevSecOps8Abdoul\SecFlowOps\data\raw\20260713T205855847188Z_C5_SecFlowOps_full_gamma_sast_sql_injection_r2\metadata.json,local
20260713T205938024758Z_C0_BuildOnly_full_gamma_docker_misconfiguration_r2,C0_BuildOnly,full_gamma_docker_misconfiguration,docker_misconfiguration,2,success,C:\Users\User\Downloads\Compressed\DevSecOps8Abdoul\SecFlowOps\data\raw\20260713T205938024758Z_C0_BuildOnly_full_gamma_docker_misconfiguration_r2\metadata.json,local
20260713T205938307168Z_C1_NonBlockingScanning_full_gamma_docker_misconfiguration_r2,C1_NonBlockingScanning,full_gamma_docker_misconfiguration,docker_misconfiguration,2,success,C:\Users\User\Downloads\Compressed\DevSecOps8Abdoul\SecFlowOps\data\raw\20260713T205938307168Z_C1_NonBlockingScanning_full_gamma_docker_misconfiguration_r2\metadata.json,local
20260713T205959402894Z_C2_AutoScanning_full_gamma_docker_misconfiguration_r2,C2_AutoScanning,full_gamma_docker_misconfiguration,docker_misconfiguration,2,success,C:\Users\User\Downloads\Compressed\DevSecOps8Abdoul\SecFlowOps\data\raw\20260713T205959402894Z_C2_AutoScanning_full_gamma_docker_misconfiguration_r2\metadata.json,local
20260713T210023367925Z_C3_PolicyOnly_full_gamma_docker_misconfiguration_r2,C3_PolicyOnly,full_gamma_docker_misconfiguration,docker_misconfiguration,2,success,C:\Users\User\Downloads\Compressed\DevSecOps8Abdoul\SecFlowOps\data\raw\20260713T210023367925Z_C3_PolicyOnly_full_gamma_docker_misconfiguration_r2\metadata.json,local
20260713T210047021592Z_C4_AgentsOnly_full_gamma_docker_misconfiguration_r2,C4_AgentsOnly,full_gamma_docker_misconfiguration,docker_misconfiguration,2,success,C:\Users\User\Downloads\Compressed\DevSecOps8Abdoul\SecFlowOps\data\raw\20260713T210047021592Z_C4_AgentsOnly_full_gamma_docker_misconfiguration_r2\metadata.json,local
20260713T210131556062Z_C5_SecFlowOps_full_gamma_docker_misconfiguration_r2,C5_SecFlowOps,full_gamma_docker_misconfiguration,docker_misconfiguration,2,success,C:\Users\User\Downloads\Compressed\DevSecOps8Abdoul\SecFlowOps\data\raw\20260713T210131556062Z_C5_SecFlowOps_full_gamma_docker_misconfiguration_r2\metadata.json,local
20260713T210214452486Z_C0_BuildOnly_full_gamma_k8s_misconfiguration_r2,C0_BuildOnly,full_gamma_k8s_misconfiguration,k8s_misconfiguration,2,success,C:\Users\User\Downloads\Compressed\DevSecOps8Abdoul\SecFlowOps\data\raw\20260713T210214452486Z_C0_BuildOnly_full_gamma_k8s_misconfiguration_r2\metadata.json,local
20260713T210214717245Z_C1_NonBlockingScanning_full_gamma_k8s_misconfiguration_r2,C1_NonBlockingScanning,full_gamma_k8s_misconfiguration,k8s_misconfiguration,2,success,C:\Users\User\Downloads\Compressed\DevSecOps8Abdoul\SecFlowOps\data\raw\20260713T210214717245Z_C1_NonBlockingScanning_full_gamma_k8s_misconfiguration_r2\metadata.json,local
20260713T210235382527Z_C2_AutoScanning_full_gamma_k8s_misconfiguration_r2,C2_AutoScanning,full_gamma_k8s_misconfiguration,k8s_misconfiguration,2,success,C:\Users\User\Downloads\Compressed\DevSecOps8Abdoul\SecFlowOps\data\raw\20260713T210235382527Z_C2_AutoScanning_full_gamma_k8s_misconfiguration_r2\metadata.json,local
20260713T210255683521Z_C3_PolicyOnly_full_gamma_k8s_misconfiguration_r2,C3_PolicyOnly,full_gamma_k8s_misconfiguration,k8s_misconfiguration,2,success,C:\Users\User\Downloads\Compressed\DevSecOps8Abdoul\SecFlowOps\data\raw\20260713T210255683521Z_C3_PolicyOnly_full_gamma_k8s_misconfiguration_r2\metadata.json,local
20260713T210316234591Z_C4_AgentsOnly_full_gamma_k8s_misconfiguration_r2,C4_AgentsOnly,full_gamma_k8s_misconfiguration,k8s_misconfiguration,2,success,C:\Users\User\Downloads\Compressed\DevSecOps8Abdoul\SecFlowOps\data\raw\20260713T210316234591Z_C4_AgentsOnly_full_gamma_k8s_misconfiguration_r2\metadata.json,local
20260713T210358482066Z_C5_SecFlowOps_full_gamma_k8s_misconfiguration_r2,C5_SecFlowOps,full_gamma_k8s_misconfiguration,k8s_misconfiguration,2,success,C:\Users\User\Downloads\Compressed\DevSecOps8Abdoul\SecFlowOps\data\raw\20260713T210358482066Z_C5_SecFlowOps_full_gamma_k8s_misconfiguration_r2\metadata.json,local
20260713T210440930295Z_C0_BuildOnly_full_gamma_multi_layer_r2,C0_BuildOnly,full_gamma_multi_layer,multi_layer,2,success,C:\Users\User\Downloads\Compressed\DevSecOps8Abdoul\SecFlowOps\data\raw\20260713T210440930295Z_C0_BuildOnly_full_gamma_multi_layer_r2\metadata.json,local
20260713T210441195594Z_C1_NonBlockingScanning_full_gamma_multi_layer_r2,C1_NonBlockingScanning,full_gamma_multi_layer,multi_layer,2,success,C:\Users\User\Downloads\Compressed\DevSecOps8Abdoul\SecFlowOps\data\raw\20260713T210441195594Z_C1_NonBlockingScanning_full_gamma_multi_layer_r2\metadata.json,local
20260713T210501956021Z_C2_AutoScanning_full_gamma_multi_layer_r2,C2_AutoScanning,full_gamma_multi_layer,multi_layer,2,success,C:\Users\User\Downloads\Compressed\DevSecOps8Abdoul\SecFlowOps\data\raw\20260713T210501956021Z_C2_AutoScanning_full_gamma_multi_layer_r2\metadata.json,local
20260713T210522736200Z_C3_PolicyOnly_full_gamma_multi_layer_r2,C3_PolicyOnly,full_gamma_multi_layer,multi_layer,2,failed,C:\Users\User\Downloads\Compressed\DevSecOps8Abdoul\SecFlowOps\data\raw\20260713T210522736200Z_C3_PolicyOnly_full_gamma_multi_layer_r2\metadata.json,local
20260713T210542832405Z_C4_AgentsOnly_full_gamma_multi_layer_r2,C4_AgentsOnly,full_gamma_multi_layer,multi_layer,2,success,C:\Users\User\Downloads\Compressed\DevSecOps8Abdoul\SecFlowOps\data\raw\20260713T210542832405Z_C4_AgentsOnly_full_gamma_multi_layer_r2\metadata.json,local
20260713T210623043190Z_C5_SecFlowOps_full_gamma_multi_layer_r2,C5_SecFlowOps,full_gamma_multi_layer,multi_layer,2,success,C:\Users\User\Downloads\Compressed\DevSecOps8Abdoul\SecFlowOps\data\raw\20260713T210623043190Z_C5_SecFlowOps_full_gamma_multi_layer_r2\metadata.json,local
20260713T210703991186Z_C0_BuildOnly_full_alpha_clean_r3,C0_BuildOnly,full_alpha_clean,clean,3,success,C:\Users\User\Downloads\Compressed\DevSecOps8Abdoul\SecFlowOps\data\raw\20260713T210703991186Z_C0_BuildOnly_full_alpha_clean_r3\metadata.json,local
20260713T210704277588Z_C1_NonBlockingScanning_full_alpha_clean_r3,C1_NonBlockingScanning,full_alpha_clean,clean,3,success,C:\Users\User\Downloads\Compressed\DevSecOps8Abdoul\SecFlowOps\data\raw\20260713T210704277588Z_C1_NonBlockingScanning_full_alpha_clean_r3\metadata.json,local
20260713T210724703880Z_C2_AutoScanning_full_alpha_clean_r3,C2_AutoScanning,full_alpha_clean,clean,3,success,C:\Users\User\Downloads\Compressed\DevSecOps8Abdoul\SecFlowOps\data\raw\20260713T210724703880Z_C2_AutoScanning_full_alpha_clean_r3\metadata.json,local
20260713T210745499323Z_C3_PolicyOnly_full_alpha_clean_r3,C3_PolicyOnly,full_alpha_clean,clean,3,success,C:\Users\User\Downloads\Compressed\DevSecOps8Abdoul\SecFlowOps\data\raw\20260713T210745499323Z_C3_PolicyOnly_full_alpha_clean_r3\metadata.json,local
20260713T210806510712Z_C4_AgentsOnly_full_alpha_clean_r3,C4_AgentsOnly,full_alpha_clean,clean,3,success,C:\Users\User\Downloads\Compressed\DevSecOps8Abdoul\SecFlowOps\data\raw\20260713T210806510712Z_C4_AgentsOnly_full_alpha_clean_r3\metadata.json,local
20260713T210849563110Z_C5_SecFlowOps_full_alpha_clean_r3,C5_SecFlowOps,full_alpha_clean,clean,3,success,C:\Users\User\Downloads\Compressed\DevSecOps8Abdoul\SecFlowOps\data\raw\20260713T210849563110Z_C5_SecFlowOps_full_alpha_clean_r3\metadata.json,local
20260713T210931809822Z_C0_BuildOnly_full_alpha_vulnerable_dependency_r3,C0_BuildOnly,full_alpha_vulnerable_dependency,vulnerable_dependency,3,success,C:\Users\User\Downloads\Compressed\DevSecOps8Abdoul\SecFlowOps\data\raw\20260713T210931809822Z_C0_BuildOnly_full_alpha_vulnerable_dependency_r3\metadata.json,local
20260713T210932063225Z_C1_NonBlockingScanning_full_alpha_vulnerable_dependency_r3,C1_NonBlockingScanning,full_alpha_vulnerable_dependency,vulnerable_dependency,3,success,C:\Users\User\Downloads\Compressed\DevSecOps8Abdoul\SecFlowOps\data\raw\20260713T210932063225Z_C1_NonBlockingScanning_full_alpha_vulnerable_dependency_r3\metadata.json,local
20260713T210954193978Z_C2_AutoScanning_full_alpha_vulnerable_dependency_r3,C2_AutoScanning,full_alpha_vulnerable_dependency,vulnerable_dependency,3,success,C:\Users\User\Downloads\Compressed\DevSecOps8Abdoul\SecFlowOps\data\raw\20260713T210954193978Z_C2_AutoScanning_full_alpha_vulnerable_dependency_r3\metadata.json,local
20260713T211017142549Z_C3_PolicyOnly_full_alpha_vulnerable_dependency_r3,C3_PolicyOnly,full_alpha_vulnerable_dependency,vulnerable_dependency,3,failed,C:\Users\User\Downloads\Compressed\DevSecOps8Abdoul\SecFlowOps\data\raw\20260713T211017142549Z_C3_PolicyOnly_full_alpha_vulnerable_dependency_r3\metadata.json,local
20260713T211039155962Z_C4_AgentsOnly_full_alpha_vulnerable_dependency_r3,C4_AgentsOnly,full_alpha_vulnerable_dependency,vulnerable_dependency,3,success,C:\Users\User\Downloads\Compressed\DevSecOps8Abdoul\SecFlowOps\data\raw\20260713T211039155962Z_C4_AgentsOnly_full_alpha_vulnerable_dependency_r3\metadata.json,local
20260713T211123569242Z_C5_SecFlowOps_full_alpha_vulnerable_dependency_r3,C5_SecFlowOps,full_alpha_vulnerable_dependency,vulnerable_dependency,3,success,C:\Users\User\Downloads\Compressed\DevSecOps8Abdoul\SecFlowOps\data\raw\20260713T211123569242Z_C5_SecFlowOps_full_alpha_vulnerable_dependency_r3\metadata.json,local
20260713T211206792647Z_C0_BuildOnly_full_alpha_fake_secret_r3,C0_BuildOnly,full_alpha_fake_secret,fake_secret,3,success,C:\Users\User\Downloads\Compressed\DevSecOps8Abdoul\SecFlowOps\data\raw\20260713T211206792647Z_C0_BuildOnly_full_alpha_fake_secret_r3\metadata.json,local
20260713T211207052530Z_C1_NonBlockingScanning_full_alpha_fake_secret_r3,C1_NonBlockingScanning,full_alpha_fake_secret,fake_secret,3,success,C:\Users\User\Downloads\Compressed\DevSecOps8Abdoul\SecFlowOps\data\raw\20260713T211207052530Z_C1_NonBlockingScanning_full_alpha_fake_secret_r3\metadata.json,local
20260713T211228331813Z_C2_AutoScanning_full_alpha_fake_secret_r3,C2_AutoScanning,full_alpha_fake_secret,fake_secret,3,success,C:\Users\User\Downloads\Compressed\DevSecOps8Abdoul\SecFlowOps\data\raw\20260713T211228331813Z_C2_AutoScanning_full_alpha_fake_secret_r3\metadata.json,local
20260713T211249624478Z_C3_PolicyOnly_full_alpha_fake_secret_r3,C3_PolicyOnly,full_alpha_fake_secret,fake_secret,3,failed,C:\Users\User\Downloads\Compressed\DevSecOps8Abdoul\SecFlowOps\data\raw\20260713T211249624478Z_C3_PolicyOnly_full_alpha_fake_secret_r3\metadata.json,local
20260713T211314593607Z_C4_AgentsOnly_full_alpha_fake_secret_r3,C4_AgentsOnly,full_alpha_fake_secret,fake_secret,3,success,C:\Users\User\Downloads\Compressed\DevSecOps8Abdoul\SecFlowOps\data\raw\20260713T211314593607Z_C4_AgentsOnly_full_alpha_fake_secret_r3\metadata.json,local
20260713T211358884354Z_C5_SecFlowOps_full_alpha_fake_secret_r3,C5_SecFlowOps,full_alpha_fake_secret,fake_secret,3,success,C:\Users\User\Downloads\Compressed\DevSecOps8Abdoul\SecFlowOps\data\raw\20260713T211358884354Z_C5_SecFlowOps_full_alpha_fake_secret_r3\metadata.json,local
20260713T211443961316Z_C0_BuildOnly_full_alpha_sast_reflected_xss_r3,C0_BuildOnly,full_alpha_sast_reflected_xss,sast_reflected_xss,3,success,C:\Users\User\Downloads\Compressed\DevSecOps8Abdoul\SecFlowOps\data\raw\20260713T211443961316Z_C0_BuildOnly_full_alpha_sast_reflected_xss_r3\metadata.json,local
20260713T211444303820Z_C1_NonBlockingScanning_full_alpha_sast_reflected_xss_r3,C1_NonBlockingScanning,full_alpha_sast_reflected_xss,sast_reflected_xss,3,success,C:\Users\User\Downloads\Compressed\DevSecOps8Abdoul\SecFlowOps\data\raw\20260713T211444303820Z_C1_NonBlockingScanning_full_alpha_sast_reflected_xss_r3\metadata.json,local
20260713T211508574718Z_C2_AutoScanning_full_alpha_sast_reflected_xss_r3,C2_AutoScanning,full_alpha_sast_reflected_xss,sast_reflected_xss,3,success,C:\Users\User\Downloads\Compressed\DevSecOps8Abdoul\SecFlowOps\data\raw\20260713T211508574718Z_C2_AutoScanning_full_alpha_sast_reflected_xss_r3\metadata.json,local
20260713T211530979171Z_C3_PolicyOnly_full_alpha_sast_reflected_xss_r3,C3_PolicyOnly,full_alpha_sast_reflected_xss,sast_reflected_xss,3,success,C:\Users\User\Downloads\Compressed\DevSecOps8Abdoul\SecFlowOps\data\raw\20260713T211530979171Z_C3_PolicyOnly_full_alpha_sast_reflected_xss_r3\metadata.json,local
20260713T211553671724Z_C4_AgentsOnly_full_alpha_sast_reflected_xss_r3,C4_AgentsOnly,full_alpha_sast_reflected_xss,sast_reflected_xss,3,success,C:\Users\User\Downloads\Compressed\DevSecOps8Abdoul\SecFlowOps\data\raw\20260713T211553671724Z_C4_AgentsOnly_full_alpha_sast_reflected_xss_r3\metadata.json,local
20260713T211637411499Z_C5_SecFlowOps_full_alpha_sast_reflected_xss_r3,C5_SecFlowOps,full_alpha_sast_reflected_xss,sast_reflected_xss,3,success,C:\Users\User\Downloads\Compressed\DevSecOps8Abdoul\SecFlowOps\data\raw\20260713T211637411499Z_C5_SecFlowOps_full_alpha_sast_reflected_xss_r3\metadata.json,local
20260713T211723589221Z_C0_BuildOnly_full_alpha_sast_sql_injection_r3,C0_BuildOnly,full_alpha_sast_sql_injection,sast_sql_injection,3,success,C:\Users\User\Downloads\Compressed\DevSecOps8Abdoul\SecFlowOps\data\raw\20260713T211723589221Z_C0_BuildOnly_full_alpha_sast_sql_injection_r3\metadata.json,local
20260713T211723888448Z_C1_NonBlockingScanning_full_alpha_sast_sql_injection_r3,C1_NonBlockingScanning,full_alpha_sast_sql_injection,sast_sql_injection,3,success,C:\Users\User\Downloads\Compressed\DevSecOps8Abdoul\SecFlowOps\data\raw\20260713T211723888448Z_C1_NonBlockingScanning_full_alpha_sast_sql_injection_r3\metadata.json,local
20260713T211751814831Z_C2_AutoScanning_full_alpha_sast_sql_injection_r3,C2_AutoScanning,full_alpha_sast_sql_injection,sast_sql_injection,3,success,C:\Users\User\Downloads\Compressed\DevSecOps8Abdoul\SecFlowOps\data\raw\20260713T211751814831Z_C2_AutoScanning_full_alpha_sast_sql_injection_r3\metadata.json,local
20260713T211815147460Z_C3_PolicyOnly_full_alpha_sast_sql_injection_r3,C3_PolicyOnly,full_alpha_sast_sql_injection,sast_sql_injection,3,success,C:\Users\User\Downloads\Compressed\DevSecOps8Abdoul\SecFlowOps\data\raw\20260713T211815147460Z_C3_PolicyOnly_full_alpha_sast_sql_injection_r3\metadata.json,local
20260713T211838162642Z_C4_AgentsOnly_full_alpha_sast_sql_injection_r3,C4_AgentsOnly,full_alpha_sast_sql_injection,sast_sql_injection,3,success,C:\Users\User\Downloads\Compressed\DevSecOps8Abdoul\SecFlowOps\data\raw\20260713T211838162642Z_C4_AgentsOnly_full_alpha_sast_sql_injection_r3\metadata.json,local
20260713T211923206545Z_C5_SecFlowOps_full_alpha_sast_sql_injection_r3,C5_SecFlowOps,full_alpha_sast_sql_injection,sast_sql_injection,3,success,C:\Users\User\Downloads\Compressed\DevSecOps8Abdoul\SecFlowOps\data\raw\20260713T211923206545Z_C5_SecFlowOps_full_alpha_sast_sql_injection_r3\metadata.json,local
20260713T212008466874Z_C0_BuildOnly_full_alpha_docker_misconfiguration_r3,C0_BuildOnly,full_alpha_docker_misconfiguration,docker_misconfiguration,3,success,C:\Users\User\Downloads\Compressed\DevSecOps8Abdoul\SecFlowOps\data\raw\20260713T212008466874Z_C0_BuildOnly_full_alpha_docker_misconfiguration_r3\metadata.json,local
20260713T212008721020Z_C1_NonBlockingScanning_full_alpha_docker_misconfiguration_r3,C1_NonBlockingScanning,full_alpha_docker_misconfiguration,docker_misconfiguration,3,success,C:\Users\User\Downloads\Compressed\DevSecOps8Abdoul\SecFlowOps\data\raw\20260713T212008721020Z_C1_NonBlockingScanning_full_alpha_docker_misconfiguration_r3\metadata.json,local
20260713T212032648030Z_C2_AutoScanning_full_alpha_docker_misconfiguration_r3,C2_AutoScanning,full_alpha_docker_misconfiguration,docker_misconfiguration,3,success,C:\Users\User\Downloads\Compressed\DevSecOps8Abdoul\SecFlowOps\data\raw\20260713T212032648030Z_C2_AutoScanning_full_alpha_docker_misconfiguration_r3\metadata.json,local
20260713T212056577225Z_C3_PolicyOnly_full_alpha_docker_misconfiguration_r3,C3_PolicyOnly,full_alpha_docker_misconfiguration,docker_misconfiguration,3,success,C:\Users\User\Downloads\Compressed\DevSecOps8Abdoul\SecFlowOps\data\raw\20260713T212056577225Z_C3_PolicyOnly_full_alpha_docker_misconfiguration_r3\metadata.json,local
20260713T212118252765Z_C4_AgentsOnly_full_alpha_docker_misconfiguration_r3,C4_AgentsOnly,full_alpha_docker_misconfiguration,docker_misconfiguration,3,success,C:\Users\User\Downloads\Compressed\DevSecOps8Abdoul\SecFlowOps\data\raw\20260713T212118252765Z_C4_AgentsOnly_full_alpha_docker_misconfiguration_r3\metadata.json,local
20260713T212206897004Z_C5_SecFlowOps_full_alpha_docker_misconfiguration_r3,C5_SecFlowOps,full_alpha_docker_misconfiguration,docker_misconfiguration,3,success,C:\Users\User\Downloads\Compressed\DevSecOps8Abdoul\SecFlowOps\data\raw\20260713T212206897004Z_C5_SecFlowOps_full_alpha_docker_misconfiguration_r3\metadata.json,local
20260713T212249750120Z_C0_BuildOnly_full_alpha_k8s_misconfiguration_r3,C0_BuildOnly,full_alpha_k8s_misconfiguration,k8s_misconfiguration,3,success,C:\Users\User\Downloads\Compressed\DevSecOps8Abdoul\SecFlowOps\data\raw\20260713T212249750120Z_C0_BuildOnly_full_alpha_k8s_misconfiguration_r3\metadata.json,local
20260713T212250006270Z_C1_NonBlockingScanning_full_alpha_k8s_misconfiguration_r3,C1_NonBlockingScanning,full_alpha_k8s_misconfiguration,k8s_misconfiguration,3,success,C:\Users\User\Downloads\Compressed\DevSecOps8Abdoul\SecFlowOps\data\raw\20260713T212250006270Z_C1_NonBlockingScanning_full_alpha_k8s_misconfiguration_r3\metadata.json,local
20260713T212315170700Z_C2_AutoScanning_full_alpha_k8s_misconfiguration_r3,C2_AutoScanning,full_alpha_k8s_misconfiguration,k8s_misconfiguration,3,success,C:\Users\User\Downloads\Compressed\DevSecOps8Abdoul\SecFlowOps\data\raw\20260713T212315170700Z_C2_AutoScanning_full_alpha_k8s_misconfiguration_r3\metadata.json,local
20260713T212337532598Z_C3_PolicyOnly_full_alpha_k8s_misconfiguration_r3,C3_PolicyOnly,full_alpha_k8s_misconfiguration,k8s_misconfiguration,3,success,C:\Users\User\Downloads\Compressed\DevSecOps8Abdoul\SecFlowOps\data\raw\20260713T212337532598Z_C3_PolicyOnly_full_alpha_k8s_misconfiguration_r3\metadata.json,local
20260713T212401890397Z_C4_AgentsOnly_full_alpha_k8s_misconfiguration_r3,C4_AgentsOnly,full_alpha_k8s_misconfiguration,k8s_misconfiguration,3,success,C:\Users\User\Downloads\Compressed\DevSecOps8Abdoul\SecFlowOps\data\raw\20260713T212401890397Z_C4_AgentsOnly_full_alpha_k8s_misconfiguration_r3\metadata.json,local
20260713T212447744911Z_C5_SecFlowOps_full_alpha_k8s_misconfiguration_r3,C5_SecFlowOps,full_alpha_k8s_misconfiguration,k8s_misconfiguration,3,success,C:\Users\User\Downloads\Compressed\DevSecOps8Abdoul\SecFlowOps\data\raw\20260713T212447744911Z_C5_SecFlowOps_full_alpha_k8s_misconfiguration_r3\metadata.json,local
20260713T212537008680Z_C0_BuildOnly_full_alpha_multi_layer_r3,C0_BuildOnly,full_alpha_multi_layer,multi_layer,3,success,C:\Users\User\Downloads\Compressed\DevSecOps8Abdoul\SecFlowOps\data\raw\20260713T212537008680Z_C0_BuildOnly_full_alpha_multi_layer_r3\metadata.json,local
20260713T212537290488Z_C1_NonBlockingScanning_full_alpha_multi_layer_r3,C1_NonBlockingScanning,full_alpha_multi_layer,multi_layer,3,success,C:\Users\User\Downloads\Compressed\DevSecOps8Abdoul\SecFlowOps\data\raw\20260713T212537290488Z_C1_NonBlockingScanning_full_alpha_multi_layer_r3\metadata.json,local
20260713T212558646040Z_C2_AutoScanning_full_alpha_multi_layer_r3,C2_AutoScanning,full_alpha_multi_layer,multi_layer,3,success,C:\Users\User\Downloads\Compressed\DevSecOps8Abdoul\SecFlowOps\data\raw\20260713T212558646040Z_C2_AutoScanning_full_alpha_multi_layer_r3\metadata.json,local
20260713T212621244922Z_C3_PolicyOnly_full_alpha_multi_layer_r3,C3_PolicyOnly,full_alpha_multi_layer,multi_layer,3,failed,C:\Users\User\Downloads\Compressed\DevSecOps8Abdoul\SecFlowOps\data\raw\20260713T212621244922Z_C3_PolicyOnly_full_alpha_multi_layer_r3\metadata.json,local
20260713T212644428146Z_C4_AgentsOnly_full_alpha_multi_layer_r3,C4_AgentsOnly,full_alpha_multi_layer,multi_layer,3,success,C:\Users\User\Downloads\Compressed\DevSecOps8Abdoul\SecFlowOps\data\raw\20260713T212644428146Z_C4_AgentsOnly_full_alpha_multi_layer_r3\metadata.json,local
20260713T212729116853Z_C5_SecFlowOps_full_alpha_multi_layer_r3,C5_SecFlowOps,full_alpha_multi_layer,multi_layer,3,success,C:\Users\User\Downloads\Compressed\DevSecOps8Abdoul\SecFlowOps\data\raw\20260713T212729116853Z_C5_SecFlowOps_full_alpha_multi_layer_r3\metadata.json,local
20260713T212816079141Z_C0_BuildOnly_full_beta_clean_r3,C0_BuildOnly,full_beta_clean,clean,3,success,C:\Users\User\Downloads\Compressed\DevSecOps8Abdoul\SecFlowOps\data\raw\20260713T212816079141Z_C0_BuildOnly_full_beta_clean_r3\metadata.json,local
20260713T212816588799Z_C1_NonBlockingScanning_full_beta_clean_r3,C1_NonBlockingScanning,full_beta_clean,clean,3,success,C:\Users\User\Downloads\Compressed\DevSecOps8Abdoul\SecFlowOps\data\raw\20260713T212816588799Z_C1_NonBlockingScanning_full_beta_clean_r3\metadata.json,local
20260713T212839202153Z_C2_AutoScanning_full_beta_clean_r3,C2_AutoScanning,full_beta_clean,clean,3,success,C:\Users\User\Downloads\Compressed\DevSecOps8Abdoul\SecFlowOps\data\raw\20260713T212839202153Z_C2_AutoScanning_full_beta_clean_r3\metadata.json,local
20260713T212903513191Z_C3_PolicyOnly_full_beta_clean_r3,C3_PolicyOnly,full_beta_clean,clean,3,success,C:\Users\User\Downloads\Compressed\DevSecOps8Abdoul\SecFlowOps\data\raw\20260713T212903513191Z_C3_PolicyOnly_full_beta_clean_r3\metadata.json,local
20260713T212926425449Z_C4_AgentsOnly_full_beta_clean_r3,C4_AgentsOnly,full_beta_clean,clean,3,success,C:\Users\User\Downloads\Compressed\DevSecOps8Abdoul\SecFlowOps\data\raw\20260713T212926425449Z_C4_AgentsOnly_full_beta_clean_r3\metadata.json,local
20260713T213015554286Z_C5_SecFlowOps_full_beta_clean_r3,C5_SecFlowOps,full_beta_clean,clean,3,success,C:\Users\User\Downloads\Compressed\DevSecOps8Abdoul\SecFlowOps\data\raw\20260713T213015554286Z_C5_SecFlowOps_full_beta_clean_r3\metadata.json,local
20260713T213059666064Z_C0_BuildOnly_full_beta_vulnerable_dependency_r3,C0_BuildOnly,full_beta_vulnerable_dependency,vulnerable_dependency,3,success,C:\Users\User\Downloads\Compressed\DevSecOps8Abdoul\SecFlowOps\data\raw\20260713T213059666064Z_C0_BuildOnly_full_beta_vulnerable_dependency_r3\metadata.json,local
20260713T213059934053Z_C1_NonBlockingScanning_full_beta_vulnerable_dependency_r3,C1_NonBlockingScanning,full_beta_vulnerable_dependency,vulnerable_dependency,3,success,C:\Users\User\Downloads\Compressed\DevSecOps8Abdoul\SecFlowOps\data\raw\20260713T213059934053Z_C1_NonBlockingScanning_full_beta_vulnerable_dependency_r3\metadata.json,local
20260713T213120875096Z_C2_AutoScanning_full_beta_vulnerable_dependency_r3,C2_AutoScanning,full_beta_vulnerable_dependency,vulnerable_dependency,3,success,C:\Users\User\Downloads\Compressed\DevSecOps8Abdoul\SecFlowOps\data\raw\20260713T213120875096Z_C2_AutoScanning_full_beta_vulnerable_dependency_r3\metadata.json,local
20260713T213142778057Z_C3_PolicyOnly_full_beta_vulnerable_dependency_r3,C3_PolicyOnly,full_beta_vulnerable_dependency,vulnerable_dependency,3,failed,C:\Users\User\Downloads\Compressed\DevSecOps8Abdoul\SecFlowOps\data\raw\20260713T213142778057Z_C3_PolicyOnly_full_beta_vulnerable_dependency_r3\metadata.json,local
20260713T213205275103Z_C4_AgentsOnly_full_beta_vulnerable_dependency_r3,C4_AgentsOnly,full_beta_vulnerable_dependency,vulnerable_dependency,3,success,C:\Users\User\Downloads\Compressed\DevSecOps8Abdoul\SecFlowOps\data\raw\20260713T213205275103Z_C4_AgentsOnly_full_beta_vulnerable_dependency_r3\metadata.json,local
20260713T213253723560Z_C5_SecFlowOps_full_beta_vulnerable_dependency_r3,C5_SecFlowOps,full_beta_vulnerable_dependency,vulnerable_dependency,3,success,C:\Users\User\Downloads\Compressed\DevSecOps8Abdoul\SecFlowOps\data\raw\20260713T213253723560Z_C5_SecFlowOps_full_beta_vulnerable_dependency_r3\metadata.json,local
20260713T213336891961Z_C0_BuildOnly_full_beta_fake_secret_r3,C0_BuildOnly,full_beta_fake_secret,fake_secret,3,success,C:\Users\User\Downloads\Compressed\DevSecOps8Abdoul\SecFlowOps\data\raw\20260713T213336891961Z_C0_BuildOnly_full_beta_fake_secret_r3\metadata.json,local
20260713T213337157147Z_C1_NonBlockingScanning_full_beta_fake_secret_r3,C1_NonBlockingScanning,full_beta_fake_secret,fake_secret,3,success,C:\Users\User\Downloads\Compressed\DevSecOps8Abdoul\SecFlowOps\data\raw\20260713T213337157147Z_C1_NonBlockingScanning_full_beta_fake_secret_r3\metadata.json,local
20260713T213359326026Z_C2_AutoScanning_full_beta_fake_secret_r3,C2_AutoScanning,full_beta_fake_secret,fake_secret,3,success,C:\Users\User\Downloads\Compressed\DevSecOps8Abdoul\SecFlowOps\data\raw\20260713T213359326026Z_C2_AutoScanning_full_beta_fake_secret_r3\metadata.json,local
20260713T213420896757Z_C3_PolicyOnly_full_beta_fake_secret_r3,C3_PolicyOnly,full_beta_fake_secret,fake_secret,3,failed,C:\Users\User\Downloads\Compressed\DevSecOps8Abdoul\SecFlowOps\data\raw\20260713T213420896757Z_C3_PolicyOnly_full_beta_fake_secret_r3\metadata.json,local
20260713T213442905373Z_C4_AgentsOnly_full_beta_fake_secret_r3,C4_AgentsOnly,full_beta_fake_secret,fake_secret,3,success,C:\Users\User\Downloads\Compressed\DevSecOps8Abdoul\SecFlowOps\data\raw\20260713T213442905373Z_C4_AgentsOnly_full_beta_fake_secret_r3\metadata.json,local
20260713T213537357053Z_C5_SecFlowOps_full_beta_fake_secret_r3,C5_SecFlowOps,full_beta_fake_secret,fake_secret,3,success,C:\Users\User\Downloads\Compressed\DevSecOps8Abdoul\SecFlowOps\data\raw\20260713T213537357053Z_C5_SecFlowOps_full_beta_fake_secret_r3\metadata.json,local
20260713T213634078469Z_C0_BuildOnly_full_beta_sast_reflected_xss_r3,C0_BuildOnly,full_beta_sast_reflected_xss,sast_reflected_xss,3,success,C:\Users\User\Downloads\Compressed\DevSecOps8Abdoul\SecFlowOps\data\raw\20260713T213634078469Z_C0_BuildOnly_full_beta_sast_reflected_xss_r3\metadata.json,local
20260713T213635107984Z_C1_NonBlockingScanning_full_beta_sast_reflected_xss_r3,C1_NonBlockingScanning,full_beta_sast_reflected_xss,sast_reflected_xss,3,success,C:\Users\User\Downloads\Compressed\DevSecOps8Abdoul\SecFlowOps\data\raw\20260713T213635107984Z_C1_NonBlockingScanning_full_beta_sast_reflected_xss_r3\metadata.json,local
20260713T213729469345Z_C2_AutoScanning_full_beta_sast_reflected_xss_r3,C2_AutoScanning,full_beta_sast_reflected_xss,sast_reflected_xss,3,success,C:\Users\User\Downloads\Compressed\DevSecOps8Abdoul\SecFlowOps\data\raw\20260713T213729469345Z_C2_AutoScanning_full_beta_sast_reflected_xss_r3\metadata.json,local
20260713T224317523291Z_C3_PolicyOnly_full_beta_sast_reflected_xss_r3,C3_PolicyOnly,full_beta_sast_reflected_xss,sast_reflected_xss,3,success,C:\Users\User\Downloads\Compressed\DevSecOps8Abdoul\SecFlowOps\data\raw\20260713T224317523291Z_C3_PolicyOnly_full_beta_sast_reflected_xss_r3\metadata.json,local
20260713T224422663838Z_C4_AgentsOnly_full_beta_sast_reflected_xss_r3,C4_AgentsOnly,full_beta_sast_reflected_xss,sast_reflected_xss,3,success,C:\Users\User\Downloads\Compressed\DevSecOps8Abdoul\SecFlowOps\data\raw\20260713T224422663838Z_C4_AgentsOnly_full_beta_sast_reflected_xss_r3\metadata.json,local
20260713T224547435805Z_C5_SecFlowOps_full_beta_sast_reflected_xss_r3,C5_SecFlowOps,full_beta_sast_reflected_xss,sast_reflected_xss,3,success,C:\Users\User\Downloads\Compressed\DevSecOps8Abdoul\SecFlowOps\data\raw\20260713T224547435805Z_C5_SecFlowOps_full_beta_sast_reflected_xss_r3\metadata.json,local
20260713T224649985868Z_C0_BuildOnly_full_beta_sast_sql_injection_r3,C0_BuildOnly,full_beta_sast_sql_injection,sast_sql_injection,3,success,C:\Users\User\Downloads\Compressed\DevSecOps8Abdoul\SecFlowOps\data\raw\20260713T224649985868Z_C0_BuildOnly_full_beta_sast_sql_injection_r3\metadata.json,local
20260713T224650266196Z_C1_NonBlockingScanning_full_beta_sast_sql_injection_r3,C1_NonBlockingScanning,full_beta_sast_sql_injection,sast_sql_injection,3,success,C:\Users\User\Downloads\Compressed\DevSecOps8Abdoul\SecFlowOps\data\raw\20260713T224650266196Z_C1_NonBlockingScanning_full_beta_sast_sql_injection_r3\metadata.json,local
20260713T224716123610Z_C2_AutoScanning_full_beta_sast_sql_injection_r3,C2_AutoScanning,full_beta_sast_sql_injection,sast_sql_injection,3,success,C:\Users\User\Downloads\Compressed\DevSecOps8Abdoul\SecFlowOps\data\raw\20260713T224716123610Z_C2_AutoScanning_full_beta_sast_sql_injection_r3\metadata.json,local
20260713T224749983861Z_C3_PolicyOnly_full_beta_sast_sql_injection_r3,C3_PolicyOnly,full_beta_sast_sql_injection,sast_sql_injection,3,success,C:\Users\User\Downloads\Compressed\DevSecOps8Abdoul\SecFlowOps\data\raw\20260713T224749983861Z_C3_PolicyOnly_full_beta_sast_sql_injection_r3\metadata.json,local
20260713T224831902189Z_C4_AgentsOnly_full_beta_sast_sql_injection_r3,C4_AgentsOnly,full_beta_sast_sql_injection,sast_sql_injection,3,success,C:\Users\User\Downloads\Compressed\DevSecOps8Abdoul\SecFlowOps\data\raw\20260713T224831902189Z_C4_AgentsOnly_full_beta_sast_sql_injection_r3\metadata.json,local
20260713T224928275402Z_C5_SecFlowOps_full_beta_sast_sql_injection_r3,C5_SecFlowOps,full_beta_sast_sql_injection,sast_sql_injection,3,success,C:\Users\User\Downloads\Compressed\DevSecOps8Abdoul\SecFlowOps\data\raw\20260713T224928275402Z_C5_SecFlowOps_full_beta_sast_sql_injection_r3\metadata.json,local
20260713T225009609763Z_C0_BuildOnly_full_beta_docker_misconfiguration_r3,C0_BuildOnly,full_beta_docker_misconfiguration,docker_misconfiguration,3,success,C:\Users\User\Downloads\Compressed\DevSecOps8Abdoul\SecFlowOps\data\raw\20260713T225009609763Z_C0_BuildOnly_full_beta_docker_misconfiguration_r3\metadata.json,local
20260713T225009884253Z_C1_NonBlockingScanning_full_beta_docker_misconfiguration_r3,C1_NonBlockingScanning,full_beta_docker_misconfiguration,docker_misconfiguration,3,success,C:\Users\User\Downloads\Compressed\DevSecOps8Abdoul\SecFlowOps\data\raw\20260713T225009884253Z_C1_NonBlockingScanning_full_beta_docker_misconfiguration_r3\metadata.json,local
20260713T225031110672Z_C2_AutoScanning_full_beta_docker_misconfiguration_r3,C2_AutoScanning,full_beta_docker_misconfiguration,docker_misconfiguration,3,success,C:\Users\User\Downloads\Compressed\DevSecOps8Abdoul\SecFlowOps\data\raw\20260713T225031110672Z_C2_AutoScanning_full_beta_docker_misconfiguration_r3\metadata.json,local
20260713T225052147379Z_C3_PolicyOnly_full_beta_docker_misconfiguration_r3,C3_PolicyOnly,full_beta_docker_misconfiguration,docker_misconfiguration,3,success,C:\Users\User\Downloads\Compressed\DevSecOps8Abdoul\SecFlowOps\data\raw\20260713T225052147379Z_C3_PolicyOnly_full_beta_docker_misconfiguration_r3\metadata.json,local
20260713T225113424552Z_C4_AgentsOnly_full_beta_docker_misconfiguration_r3,C4_AgentsOnly,full_beta_docker_misconfiguration,docker_misconfiguration,3,success,C:\Users\User\Downloads\Compressed\DevSecOps8Abdoul\SecFlowOps\data\raw\20260713T225113424552Z_C4_AgentsOnly_full_beta_docker_misconfiguration_r3\metadata.json,local
20260713T225155957135Z_C5_SecFlowOps_full_beta_docker_misconfiguration_r3,C5_SecFlowOps,full_beta_docker_misconfiguration,docker_misconfiguration,3,success,C:\Users\User\Downloads\Compressed\DevSecOps8Abdoul\SecFlowOps\data\raw\20260713T225155957135Z_C5_SecFlowOps_full_beta_docker_misconfiguration_r3\metadata.json,local
20260713T225238991282Z_C0_BuildOnly_full_beta_k8s_misconfiguration_r3,C0_BuildOnly,full_beta_k8s_misconfiguration,k8s_misconfiguration,3,success,C:\Users\User\Downloads\Compressed\DevSecOps8Abdoul\SecFlowOps\data\raw\20260713T225238991282Z_C0_BuildOnly_full_beta_k8s_misconfiguration_r3\metadata.json,local
20260713T225239276697Z_C1_NonBlockingScanning_full_beta_k8s_misconfiguration_r3,C1_NonBlockingScanning,full_beta_k8s_misconfiguration,k8s_misconfiguration,3,success,C:\Users\User\Downloads\Compressed\DevSecOps8Abdoul\SecFlowOps\data\raw\20260713T225239276697Z_C1_NonBlockingScanning_full_beta_k8s_misconfiguration_r3\metadata.json,local
20260713T225301215816Z_C2_AutoScanning_full_beta_k8s_misconfiguration_r3,C2_AutoScanning,full_beta_k8s_misconfiguration,k8s_misconfiguration,3,success,C:\Users\User\Downloads\Compressed\DevSecOps8Abdoul\SecFlowOps\data\raw\20260713T225301215816Z_C2_AutoScanning_full_beta_k8s_misconfiguration_r3\metadata.json,local
20260713T225327925813Z_C3_PolicyOnly_full_beta_k8s_misconfiguration_r3,C3_PolicyOnly,full_beta_k8s_misconfiguration,k8s_misconfiguration,3,success,C:\Users\User\Downloads\Compressed\DevSecOps8Abdoul\SecFlowOps\data\raw\20260713T225327925813Z_C3_PolicyOnly_full_beta_k8s_misconfiguration_r3\metadata.json,local
20260713T225410423849Z_C4_AgentsOnly_full_beta_k8s_misconfiguration_r3,C4_AgentsOnly,full_beta_k8s_misconfiguration,k8s_misconfiguration,3,success,C:\Users\User\Downloads\Compressed\DevSecOps8Abdoul\SecFlowOps\data\raw\20260713T225410423849Z_C4_AgentsOnly_full_beta_k8s_misconfiguration_r3\metadata.json,local
20260713T225507932827Z_C5_SecFlowOps_full_beta_k8s_misconfiguration_r3,C5_SecFlowOps,full_beta_k8s_misconfiguration,k8s_misconfiguration,3,success,C:\Users\User\Downloads\Compressed\DevSecOps8Abdoul\SecFlowOps\data\raw\20260713T225507932827Z_C5_SecFlowOps_full_beta_k8s_misconfiguration_r3\metadata.json,local
20260713T225550574581Z_C0_BuildOnly_full_beta_multi_layer_r3,C0_BuildOnly,full_beta_multi_layer,multi_layer,3,success,C:\Users\User\Downloads\Compressed\DevSecOps8Abdoul\SecFlowOps\data\raw\20260713T225550574581Z_C0_BuildOnly_full_beta_multi_layer_r3\metadata.json,local
20260713T225550834456Z_C1_NonBlockingScanning_full_beta_multi_layer_r3,C1_NonBlockingScanning,full_beta_multi_layer,multi_layer,3,success,C:\Users\User\Downloads\Compressed\DevSecOps8Abdoul\SecFlowOps\data\raw\20260713T225550834456Z_C1_NonBlockingScanning_full_beta_multi_layer_r3\metadata.json,local
20260713T225615482416Z_C2_AutoScanning_full_beta_multi_layer_r3,C2_AutoScanning,full_beta_multi_layer,multi_layer,3,success,C:\Users\User\Downloads\Compressed\DevSecOps8Abdoul\SecFlowOps\data\raw\20260713T225615482416Z_C2_AutoScanning_full_beta_multi_layer_r3\metadata.json,local
20260713T225655949941Z_C3_PolicyOnly_full_beta_multi_layer_r3,C3_PolicyOnly,full_beta_multi_layer,multi_layer,3,failed,C:\Users\User\Downloads\Compressed\DevSecOps8Abdoul\SecFlowOps\data\raw\20260713T225655949941Z_C3_PolicyOnly_full_beta_multi_layer_r3\metadata.json,local
20260713T225733363297Z_C4_AgentsOnly_full_beta_multi_layer_r3,C4_AgentsOnly,full_beta_multi_layer,multi_layer,3,success,C:\Users\User\Downloads\Compressed\DevSecOps8Abdoul\SecFlowOps\data\raw\20260713T225733363297Z_C4_AgentsOnly_full_beta_multi_layer_r3\metadata.json,local
20260713T225820261830Z_C5_SecFlowOps_full_beta_multi_layer_r3,C5_SecFlowOps,full_beta_multi_layer,multi_layer,3,success,C:\Users\User\Downloads\Compressed\DevSecOps8Abdoul\SecFlowOps\data\raw\20260713T225820261830Z_C5_SecFlowOps_full_beta_multi_layer_r3\metadata.json,local
20260713T225903342398Z_C0_BuildOnly_full_gamma_clean_r3,C0_BuildOnly,full_gamma_clean,clean,3,success,C:\Users\User\Downloads\Compressed\DevSecOps8Abdoul\SecFlowOps\data\raw\20260713T225903342398Z_C0_BuildOnly_full_gamma_clean_r3\metadata.json,local
20260713T225903617248Z_C1_NonBlockingScanning_full_gamma_clean_r3,C1_NonBlockingScanning,full_gamma_clean,clean,3,success,C:\Users\User\Downloads\Compressed\DevSecOps8Abdoul\SecFlowOps\data\raw\20260713T225903617248Z_C1_NonBlockingScanning_full_gamma_clean_r3\metadata.json,local
20260713T225925250914Z_C2_AutoScanning_full_gamma_clean_r3,C2_AutoScanning,full_gamma_clean,clean,3,success,C:\Users\User\Downloads\Compressed\DevSecOps8Abdoul\SecFlowOps\data\raw\20260713T225925250914Z_C2_AutoScanning_full_gamma_clean_r3\metadata.json,local
20260713T225946405778Z_C3_PolicyOnly_full_gamma_clean_r3,C3_PolicyOnly,full_gamma_clean,clean,3,success,C:\Users\User\Downloads\Compressed\DevSecOps8Abdoul\SecFlowOps\data\raw\20260713T225946405778Z_C3_PolicyOnly_full_gamma_clean_r3\metadata.json,local
20260713T230006933847Z_C4_AgentsOnly_full_gamma_clean_r3,C4_AgentsOnly,full_gamma_clean,clean,3,success,C:\Users\User\Downloads\Compressed\DevSecOps8Abdoul\SecFlowOps\data\raw\20260713T230006933847Z_C4_AgentsOnly_full_gamma_clean_r3\metadata.json,local
20260713T230101848441Z_C5_SecFlowOps_full_gamma_clean_r3,C5_SecFlowOps,full_gamma_clean,clean,3,success,C:\Users\User\Downloads\Compressed\DevSecOps8Abdoul\SecFlowOps\data\raw\20260713T230101848441Z_C5_SecFlowOps_full_gamma_clean_r3\metadata.json,local
20260713T230221802413Z_C0_BuildOnly_full_gamma_vulnerable_dependency_r3,C0_BuildOnly,full_gamma_vulnerable_dependency,vulnerable_dependency,3,success,C:\Users\User\Downloads\Compressed\DevSecOps8Abdoul\SecFlowOps\data\raw\20260713T230221802413Z_C0_BuildOnly_full_gamma_vulnerable_dependency_r3\metadata.json,local
20260713T230222346540Z_C1_NonBlockingScanning_full_gamma_vulnerable_dependency_r3,C1_NonBlockingScanning,full_gamma_vulnerable_dependency,vulnerable_dependency,3,success,C:\Users\User\Downloads\Compressed\DevSecOps8Abdoul\SecFlowOps\data\raw\20260713T230222346540Z_C1_NonBlockingScanning_full_gamma_vulnerable_dependency_r3\metadata.json,local
20260713T230249506999Z_C2_AutoScanning_full_gamma_vulnerable_dependency_r3,C2_AutoScanning,full_gamma_vulnerable_dependency,vulnerable_dependency,3,success,C:\Users\User\Downloads\Compressed\DevSecOps8Abdoul\SecFlowOps\data\raw\20260713T230249506999Z_C2_AutoScanning_full_gamma_vulnerable_dependency_r3\metadata.json,local
20260713T230316294543Z_C3_PolicyOnly_full_gamma_vulnerable_dependency_r3,C3_PolicyOnly,full_gamma_vulnerable_dependency,vulnerable_dependency,3,failed,C:\Users\User\Downloads\Compressed\DevSecOps8Abdoul\SecFlowOps\data\raw\20260713T230316294543Z_C3_PolicyOnly_full_gamma_vulnerable_dependency_r3\metadata.json,local
20260713T230343934862Z_C4_AgentsOnly_full_gamma_vulnerable_dependency_r3,C4_AgentsOnly,full_gamma_vulnerable_dependency,vulnerable_dependency,3,success,C:\Users\User\Downloads\Compressed\DevSecOps8Abdoul\SecFlowOps\data\raw\20260713T230343934862Z_C4_AgentsOnly_full_gamma_vulnerable_dependency_r3\metadata.json,local
20260713T230427309327Z_C5_SecFlowOps_full_gamma_vulnerable_dependency_r3,C5_SecFlowOps,full_gamma_vulnerable_dependency,vulnerable_dependency,3,success,C:\Users\User\Downloads\Compressed\DevSecOps8Abdoul\SecFlowOps\data\raw\20260713T230427309327Z_C5_SecFlowOps_full_gamma_vulnerable_dependency_r3\metadata.json,local
20260713T230538981598Z_C0_BuildOnly_full_gamma_fake_secret_r3,C0_BuildOnly,full_gamma_fake_secret,fake_secret,3,success,C:\Users\User\Downloads\Compressed\DevSecOps8Abdoul\SecFlowOps\data\raw\20260713T230538981598Z_C0_BuildOnly_full_gamma_fake_secret_r3\metadata.json,local
20260713T230539561584Z_C1_NonBlockingScanning_full_gamma_fake_secret_r3,C1_NonBlockingScanning,full_gamma_fake_secret,fake_secret,3,success,C:\Users\User\Downloads\Compressed\DevSecOps8Abdoul\SecFlowOps\data\raw\20260713T230539561584Z_C1_NonBlockingScanning_full_gamma_fake_secret_r3\metadata.json,local
20260713T230619082429Z_C2_AutoScanning_full_gamma_fake_secret_r3,C2_AutoScanning,full_gamma_fake_secret,fake_secret,3,success,C:\Users\User\Downloads\Compressed\DevSecOps8Abdoul\SecFlowOps\data\raw\20260713T230619082429Z_C2_AutoScanning_full_gamma_fake_secret_r3\metadata.json,local
20260713T230658751512Z_C3_PolicyOnly_full_gamma_fake_secret_r3,C3_PolicyOnly,full_gamma_fake_secret,fake_secret,3,failed,C:\Users\User\Downloads\Compressed\DevSecOps8Abdoul\SecFlowOps\data\raw\20260713T230658751512Z_C3_PolicyOnly_full_gamma_fake_secret_r3\metadata.json,local
20260713T230739653981Z_C4_AgentsOnly_full_gamma_fake_secret_r3,C4_AgentsOnly,full_gamma_fake_secret,fake_secret,3,success,C:\Users\User\Downloads\Compressed\DevSecOps8Abdoul\SecFlowOps\data\raw\20260713T230739653981Z_C4_AgentsOnly_full_gamma_fake_secret_r3\metadata.json,local
20260713T230849492091Z_C5_SecFlowOps_full_gamma_fake_secret_r3,C5_SecFlowOps,full_gamma_fake_secret,fake_secret,3,success,C:\Users\User\Downloads\Compressed\DevSecOps8Abdoul\SecFlowOps\data\raw\20260713T230849492091Z_C5_SecFlowOps_full_gamma_fake_secret_r3\metadata.json,local
20260713T230946089876Z_C0_BuildOnly_full_gamma_sast_reflected_xss_r3,C0_BuildOnly,full_gamma_sast_reflected_xss,sast_reflected_xss,3,success,C:\Users\User\Downloads\Compressed\DevSecOps8Abdoul\SecFlowOps\data\raw\20260713T230946089876Z_C0_BuildOnly_full_gamma_sast_reflected_xss_r3\metadata.json,local
20260713T230946559971Z_C1_NonBlockingScanning_full_gamma_sast_reflected_xss_r3,C1_NonBlockingScanning,full_gamma_sast_reflected_xss,sast_reflected_xss,3,success,C:\Users\User\Downloads\Compressed\DevSecOps8Abdoul\SecFlowOps\data\raw\20260713T230946559971Z_C1_NonBlockingScanning_full_gamma_sast_reflected_xss_r3\metadata.json,local
20260713T231016140852Z_C2_AutoScanning_full_gamma_sast_reflected_xss_r3,C2_AutoScanning,full_gamma_sast_reflected_xss,sast_reflected_xss,3,success,C:\Users\User\Downloads\Compressed\DevSecOps8Abdoul\SecFlowOps\data\raw\20260713T231016140852Z_C2_AutoScanning_full_gamma_sast_reflected_xss_r3\metadata.json,local
20260713T231037573738Z_C3_PolicyOnly_full_gamma_sast_reflected_xss_r3,C3_PolicyOnly,full_gamma_sast_reflected_xss,sast_reflected_xss,3,success,C:\Users\User\Downloads\Compressed\DevSecOps8Abdoul\SecFlowOps\data\raw\20260713T231037573738Z_C3_PolicyOnly_full_gamma_sast_reflected_xss_r3\metadata.json,local
20260713T231059304503Z_C4_AgentsOnly_full_gamma_sast_reflected_xss_r3,C4_AgentsOnly,full_gamma_sast_reflected_xss,sast_reflected_xss,3,success,C:\Users\User\Downloads\Compressed\DevSecOps8Abdoul\SecFlowOps\data\raw\20260713T231059304503Z_C4_AgentsOnly_full_gamma_sast_reflected_xss_r3\metadata.json,local
20260713T231143975724Z_C5_SecFlowOps_full_gamma_sast_reflected_xss_r3,C5_SecFlowOps,full_gamma_sast_reflected_xss,sast_reflected_xss,3,success,C:\Users\User\Downloads\Compressed\DevSecOps8Abdoul\SecFlowOps\data\raw\20260713T231143975724Z_C5_SecFlowOps_full_gamma_sast_reflected_xss_r3\metadata.json,local
20260713T231225308955Z_C0_BuildOnly_full_gamma_sast_sql_injection_r3,C0_BuildOnly,full_gamma_sast_sql_injection,sast_sql_injection,3,success,C:\Users\User\Downloads\Compressed\DevSecOps8Abdoul\SecFlowOps\data\raw\20260713T231225308955Z_C0_BuildOnly_full_gamma_sast_sql_injection_r3\metadata.json,local
20260713T231225627918Z_C1_NonBlockingScanning_full_gamma_sast_sql_injection_r3,C1_NonBlockingScanning,full_gamma_sast_sql_injection,sast_sql_injection,3,success,C:\Users\User\Downloads\Compressed\DevSecOps8Abdoul\SecFlowOps\data\raw\20260713T231225627918Z_C1_NonBlockingScanning_full_gamma_sast_sql_injection_r3\metadata.json,local
20260713T231247294889Z_C2_AutoScanning_full_gamma_sast_sql_injection_r3,C2_AutoScanning,full_gamma_sast_sql_injection,sast_sql_injection,3,success,C:\Users\User\Downloads\Compressed\DevSecOps8Abdoul\SecFlowOps\data\raw\20260713T231247294889Z_C2_AutoScanning_full_gamma_sast_sql_injection_r3\metadata.json,local
20260713T231308857466Z_C3_PolicyOnly_full_gamma_sast_sql_injection_r3,C3_PolicyOnly,full_gamma_sast_sql_injection,sast_sql_injection,3,success,C:\Users\User\Downloads\Compressed\DevSecOps8Abdoul\SecFlowOps\data\raw\20260713T231308857466Z_C3_PolicyOnly_full_gamma_sast_sql_injection_r3\metadata.json,local
20260713T231341130489Z_C4_AgentsOnly_full_gamma_sast_sql_injection_r3,C4_AgentsOnly,full_gamma_sast_sql_injection,sast_sql_injection,3,success,C:\Users\User\Downloads\Compressed\DevSecOps8Abdoul\SecFlowOps\data\raw\20260713T231341130489Z_C4_AgentsOnly_full_gamma_sast_sql_injection_r3\metadata.json,local
20260713T231442669001Z_C5_SecFlowOps_full_gamma_sast_sql_injection_r3,C5_SecFlowOps,full_gamma_sast_sql_injection,sast_sql_injection,3,success,C:\Users\User\Downloads\Compressed\DevSecOps8Abdoul\SecFlowOps\data\raw\20260713T231442669001Z_C5_SecFlowOps_full_gamma_sast_sql_injection_r3\metadata.json,local
20260713T231547424315Z_C0_BuildOnly_full_gamma_docker_misconfiguration_r3,C0_BuildOnly,full_gamma_docker_misconfiguration,docker_misconfiguration,3,success,C:\Users\User\Downloads\Compressed\DevSecOps8Abdoul\SecFlowOps\data\raw\20260713T231547424315Z_C0_BuildOnly_full_gamma_docker_misconfiguration_r3\metadata.json,local
20260713T231547928613Z_C1_NonBlockingScanning_full_gamma_docker_misconfiguration_r3,C1_NonBlockingScanning,full_gamma_docker_misconfiguration,docker_misconfiguration,3,success,C:\Users\User\Downloads\Compressed\DevSecOps8Abdoul\SecFlowOps\data\raw\20260713T231547928613Z_C1_NonBlockingScanning_full_gamma_docker_misconfiguration_r3\metadata.json,local
20260713T231618094192Z_C2_AutoScanning_full_gamma_docker_misconfiguration_r3,C2_AutoScanning,full_gamma_docker_misconfiguration,docker_misconfiguration,3,success,C:\Users\User\Downloads\Compressed\DevSecOps8Abdoul\SecFlowOps\data\raw\20260713T231618094192Z_C2_AutoScanning_full_gamma_docker_misconfiguration_r3\metadata.json,local
20260713T231639863197Z_C3_PolicyOnly_full_gamma_docker_misconfiguration_r3,C3_PolicyOnly,full_gamma_docker_misconfiguration,docker_misconfiguration,3,success,C:\Users\User\Downloads\Compressed\DevSecOps8Abdoul\SecFlowOps\data\raw\20260713T231639863197Z_C3_PolicyOnly_full_gamma_docker_misconfiguration_r3\metadata.json,local
20260713T231658850711Z_C4_AgentsOnly_full_gamma_docker_misconfiguration_r3,C4_AgentsOnly,full_gamma_docker_misconfiguration,docker_misconfiguration,3,success,C:\Users\User\Downloads\Compressed\DevSecOps8Abdoul\SecFlowOps\data\raw\20260713T231658850711Z_C4_AgentsOnly_full_gamma_docker_misconfiguration_r3\metadata.json,local
20260713T231739352281Z_C5_SecFlowOps_full_gamma_docker_misconfiguration_r3,C5_SecFlowOps,full_gamma_docker_misconfiguration,docker_misconfiguration,3,success,C:\Users\User\Downloads\Compressed\DevSecOps8Abdoul\SecFlowOps\data\raw\20260713T231739352281Z_C5_SecFlowOps_full_gamma_docker_misconfiguration_r3\metadata.json,local
20260713T231819014261Z_C0_BuildOnly_full_gamma_k8s_misconfiguration_r3,C0_BuildOnly,full_gamma_k8s_misconfiguration,k8s_misconfiguration,3,success,C:\Users\User\Downloads\Compressed\DevSecOps8Abdoul\SecFlowOps\data\raw\20260713T231819014261Z_C0_BuildOnly_full_gamma_k8s_misconfiguration_r3\metadata.json,local
20260713T231819257038Z_C1_NonBlockingScanning_full_gamma_k8s_misconfiguration_r3,C1_NonBlockingScanning,full_gamma_k8s_misconfiguration,k8s_misconfiguration,3,success,C:\Users\User\Downloads\Compressed\DevSecOps8Abdoul\SecFlowOps\data\raw\20260713T231819257038Z_C1_NonBlockingScanning_full_gamma_k8s_misconfiguration_r3\metadata.json,local
20260713T231838510758Z_C2_AutoScanning_full_gamma_k8s_misconfiguration_r3,C2_AutoScanning,full_gamma_k8s_misconfiguration,k8s_misconfiguration,3,success,C:\Users\User\Downloads\Compressed\DevSecOps8Abdoul\SecFlowOps\data\raw\20260713T231838510758Z_C2_AutoScanning_full_gamma_k8s_misconfiguration_r3\metadata.json,local
20260713T231857705262Z_C3_PolicyOnly_full_gamma_k8s_misconfiguration_r3,C3_PolicyOnly,full_gamma_k8s_misconfiguration,k8s_misconfiguration,3,success,C:\Users\User\Downloads\Compressed\DevSecOps8Abdoul\SecFlowOps\data\raw\20260713T231857705262Z_C3_PolicyOnly_full_gamma_k8s_misconfiguration_r3\metadata.json,local
20260713T231917079761Z_C4_AgentsOnly_full_gamma_k8s_misconfiguration_r3,C4_AgentsOnly,full_gamma_k8s_misconfiguration,k8s_misconfiguration,3,success,C:\Users\User\Downloads\Compressed\DevSecOps8Abdoul\SecFlowOps\data\raw\20260713T231917079761Z_C4_AgentsOnly_full_gamma_k8s_misconfiguration_r3\metadata.json,local
20260713T231956896138Z_C5_SecFlowOps_full_gamma_k8s_misconfiguration_r3,C5_SecFlowOps,full_gamma_k8s_misconfiguration,k8s_misconfiguration,3,success,C:\Users\User\Downloads\Compressed\DevSecOps8Abdoul\SecFlowOps\data\raw\20260713T231956896138Z_C5_SecFlowOps_full_gamma_k8s_misconfiguration_r3\metadata.json,local
20260713T232034966406Z_C0_BuildOnly_full_gamma_multi_layer_r3,C0_BuildOnly,full_gamma_multi_layer,multi_layer,3,success,C:\Users\User\Downloads\Compressed\DevSecOps8Abdoul\SecFlowOps\data\raw\20260713T232034966406Z_C0_BuildOnly_full_gamma_multi_layer_r3\metadata.json,local
20260713T232035212356Z_C1_NonBlockingScanning_full_gamma_multi_layer_r3,C1_NonBlockingScanning,full_gamma_multi_layer,multi_layer,3,success,C:\Users\User\Downloads\Compressed\DevSecOps8Abdoul\SecFlowOps\data\raw\20260713T232035212356Z_C1_NonBlockingScanning_full_gamma_multi_layer_r3\metadata.json,local
20260713T232055259146Z_C2_AutoScanning_full_gamma_multi_layer_r3,C2_AutoScanning,full_gamma_multi_layer,multi_layer,3,success,C:\Users\User\Downloads\Compressed\DevSecOps8Abdoul\SecFlowOps\data\raw\20260713T232055259146Z_C2_AutoScanning_full_gamma_multi_layer_r3\metadata.json,local
20260713T232115438086Z_C3_PolicyOnly_full_gamma_multi_layer_r3,C3_PolicyOnly,full_gamma_multi_layer,multi_layer,3,failed,C:\Users\User\Downloads\Compressed\DevSecOps8Abdoul\SecFlowOps\data\raw\20260713T232115438086Z_C3_PolicyOnly_full_gamma_multi_layer_r3\metadata.json,local
20260713T232134217936Z_C4_AgentsOnly_full_gamma_multi_layer_r3,C4_AgentsOnly,full_gamma_multi_layer,multi_layer,3,success,C:\Users\User\Downloads\Compressed\DevSecOps8Abdoul\SecFlowOps\data\raw\20260713T232134217936Z_C4_AgentsOnly_full_gamma_multi_layer_r3\metadata.json,local
20260713T232212605152Z_C5_SecFlowOps_full_gamma_multi_layer_r3,C5_SecFlowOps,full_gamma_multi_layer,multi_layer,3,success,C:\Users\User\Downloads\Compressed\DevSecOps8Abdoul\SecFlowOps\data\raw\20260713T232212605152Z_C5_SecFlowOps_full_gamma_multi_layer_r3\metadata.json,local
20260714T000211098252Z_C1_NonBlockingScanning_full_alpha_sast_reflected_xss_r1,C1_NonBlockingScanning,full_alpha_sast_reflected_xss,sast_reflected_xss,1,success,C:\Users\User\Downloads\Compressed\DevSecOps8Abdoul\SecFlowOps\data\raw\20260714T000211098252Z_C1_NonBlockingScanning_full_alpha_sast_reflected_xss_r1\metadata.json,local
20260714T000234882280Z_C3_PolicyOnly_full_alpha_sast_reflected_xss_r1,C3_PolicyOnly,full_alpha_sast_reflected_xss,sast_reflected_xss,1,success,C:\Users\User\Downloads\Compressed\DevSecOps8Abdoul\SecFlowOps\data\raw\20260714T000234882280Z_C3_PolicyOnly_full_alpha_sast_reflected_xss_r1\metadata.json,local
20260714T000312227755Z_C1_NonBlockingScanning_full_alpha_sast_reflected_xss_r1,C1_NonBlockingScanning,full_alpha_sast_reflected_xss,sast_reflected_xss,1,success,C:\Users\User\Downloads\Compressed\DevSecOps8Abdoul\SecFlowOps\data\raw\20260714T000312227755Z_C1_NonBlockingScanning_full_alpha_sast_reflected_xss_r1\metadata.json,local
20260714T000332673493Z_C3_PolicyOnly_full_alpha_sast_reflected_xss_r1,C3_PolicyOnly,full_alpha_sast_reflected_xss,sast_reflected_xss,1,success,C:\Users\User\Downloads\Compressed\DevSecOps8Abdoul\SecFlowOps\data\raw\20260714T000332673493Z_C3_PolicyOnly_full_alpha_sast_reflected_xss_r1\metadata.json,local
20260714T000524717055Z_C1_NonBlockingScanning_full_alpha_sast_reflected_xss_r1,C1_NonBlockingScanning,full_alpha_sast_reflected_xss,sast_reflected_xss,1,success,C:\Users\User\Downloads\Compressed\DevSecOps8Abdoul\SecFlowOps\data\raw\20260714T000524717055Z_C1_NonBlockingScanning_full_alpha_sast_reflected_xss_r1\metadata.json,local
20260714T000602253373Z_C3_PolicyOnly_full_alpha_sast_reflected_xss_r1,C3_PolicyOnly,full_alpha_sast_reflected_xss,sast_reflected_xss,1,success,C:\Users\User\Downloads\Compressed\DevSecOps8Abdoul\SecFlowOps\data\raw\20260714T000602253373Z_C3_PolicyOnly_full_alpha_sast_reflected_xss_r1\metadata.json,local
20260714T000805636362Z_C1_NonBlockingScanning_full_alpha_sast_reflected_xss_r1,C1_NonBlockingScanning,full_alpha_sast_reflected_xss,sast_reflected_xss,1,success,C:\Users\User\Downloads\Compressed\DevSecOps8Abdoul\SecFlowOps\data\raw\20260714T000805636362Z_C1_NonBlockingScanning_full_alpha_sast_reflected_xss_r1\metadata.json,local
20260714T000849764811Z_C3_PolicyOnly_full_alpha_sast_reflected_xss_r1,C3_PolicyOnly,full_alpha_sast_reflected_xss,sast_reflected_xss,1,success,C:\Users\User\Downloads\Compressed\DevSecOps8Abdoul\SecFlowOps\data\raw\20260714T000849764811Z_C3_PolicyOnly_full_alpha_sast_reflected_xss_r1\metadata.json,local
